Copyright 1986-2022 Xilinx, Inc. All Rights Reserved. Copyright 2022-2024 Advanced Micro Devices, Inc. All Rights Reserved.
------------------------------------------------------------------------------------------------------------------------------------------------------------------------------------------------------
| Tool Version : Vivado v.2024.2 (win64) Build 5239630 Fri Nov 08 22:35:27 MST 2024
| Date         : Thu May  7 07:03:40 2026
| Host         : C27-5CG3121G2J running 64-bit major release  (build 9200)
| Command      : report_timing_summary -max_paths 10 -report_unconstrained -file top_timing_summary_routed.rpt -pb top_timing_summary_routed.pb -rpx top_timing_summary_routed.rpx -warn_on_violation
| Design       : top
| Device       : 7a200t-sbg484
| Speed File   : -1  PRODUCTION 1.23 2018-06-13
| Design State : Routed
------------------------------------------------------------------------------------------------------------------------------------------------------------------------------------------------------

Timing Summary Report

------------------------------------------------------------------------------------------------
| Timer Settings
| --------------
------------------------------------------------------------------------------------------------

  Enable Multi Corner Analysis               :  Yes
  Enable Pessimism Removal                   :  Yes
  Pessimism Removal Resolution               :  Nearest Common Node
  Enable Input Delay Default Clock           :  No
  Enable Preset / Clear Arcs                 :  No
  Disable Flight Delays                      :  No
  Ignore I/O Paths                           :  No
  Timing Early Launch at Borrowing Latches   :  No
  Borrow Time for Max Delay Exceptions       :  Yes
  Merge Timing Exceptions                    :  Yes
  Inter-SLR Compensation                     :  Conservative

  Corner  Analyze    Analyze    
  Name    Max Paths  Min Paths  
  ------  ---------  ---------  
  Slow    Yes        Yes        
  Fast    Yes        Yes        


------------------------------------------------------------------------------------------------
| Report Methodology
| ------------------
------------------------------------------------------------------------------------------------

Rule       Severity  Description                    Violations  
---------  --------  -----------------------------  ----------  
TIMING-18  Warning   Missing input or output delay  13          

Note: This report is based on the most recent report_methodology run and may not be up-to-date. Run report_methodology on the current design for the latest report.



check_timing report

Table of Contents
-----------------
1. checking no_clock (0)
2. checking constant_clock (0)
3. checking pulse_width_clock (0)
4. checking unconstrained_internal_endpoints (0)
5. checking no_input_delay (2)
6. checking no_output_delay (11)
7. checking multiple_clock (0)
8. checking generated_clocks (0)
9. checking loops (0)
10. checking partial_input_delay (0)
11. checking partial_output_delay (0)
12. checking latch_loops (0)

1. checking no_clock (0)
------------------------
 There are 0 register/latch pins with no clock.


2. checking constant_clock (0)
------------------------------
 There are 0 register/latch pins with constant_clock.


3. checking pulse_width_clock (0)
---------------------------------
 There are 0 register/latch pins which need pulse_width check


4. checking unconstrained_internal_endpoints (0)
------------------------------------------------
 There are 0 pins that are not constrained for maximum delay.

 There are 0 pins that are not constrained for maximum delay due to constant clock.


5. checking no_input_delay (2)
------------------------------
 There are 2 input ports with no input delay specified. (HIGH)

 There are 0 input ports with no input delay but user has a false path constraint.


6. checking no_output_delay (11)
--------------------------------
 There are 11 ports with no output delay specified. (HIGH)

 There are 0 ports with no output delay but user has a false path constraint

 There are 0 ports with no output delay but with a timing clock defined on it or propagating through it


7. checking multiple_clock (0)
------------------------------
 There are 0 register/latch pins with multiple clocks.


8. checking generated_clocks (0)
--------------------------------
 There are 0 generated clocks that are not connected to a clock source.


9. checking loops (0)
---------------------
 There are 0 combinational loops in the design.


10. checking partial_input_delay (0)
------------------------------------
 There are 0 input ports with partial input delay specified.


11. checking partial_output_delay (0)
-------------------------------------
 There are 0 ports with partial output delay specified.


12. checking latch_loops (0)
----------------------------
 There are 0 combinational latch loops in the design through latch input



------------------------------------------------------------------------------------------------
| Design Timing Summary
| ---------------------
------------------------------------------------------------------------------------------------

    WNS(ns)      TNS(ns)  TNS Failing Endpoints  TNS Total Endpoints      WHS(ns)      THS(ns)  THS Failing Endpoints  THS Total Endpoints     WPWS(ns)     TPWS(ns)  TPWS Failing Endpoints  TPWS Total Endpoints  
    -------      -------  ---------------------  -------------------      -------      -------  ---------------------  -------------------     --------     --------  ----------------------  --------------------  
      0.787        0.000                      0                  488        0.117        0.000                      0                  488        4.500        0.000                       0                   254  


All user specified timing constraints are met.


------------------------------------------------------------------------------------------------
| Clock Summary
| -------------
------------------------------------------------------------------------------------------------

Clock        Waveform(ns)       Period(ns)      Frequency(MHz)
-----        ------------       ----------      --------------
sys_clk_pin  {0.000 5.000}      10.000          100.000         


------------------------------------------------------------------------------------------------
| Intra Clock Table
| -----------------
------------------------------------------------------------------------------------------------

Clock             WNS(ns)      TNS(ns)  TNS Failing Endpoints  TNS Total Endpoints      WHS(ns)      THS(ns)  THS Failing Endpoints  THS Total Endpoints     WPWS(ns)     TPWS(ns)  TPWS Failing Endpoints  TPWS Total Endpoints  
-----             -------      -------  ---------------------  -------------------      -------      -------  ---------------------  -------------------     --------     --------  ----------------------  --------------------  
sys_clk_pin         0.787        0.000                      0                  488        0.117        0.000                      0                  488        4.500        0.000                       0                   254  


------------------------------------------------------------------------------------------------
| Inter Clock Table
| -----------------
------------------------------------------------------------------------------------------------

From Clock    To Clock          WNS(ns)      TNS(ns)  TNS Failing Endpoints  TNS Total Endpoints      WHS(ns)      THS(ns)  THS Failing Endpoints  THS Total Endpoints  
----------    --------          -------      -------  ---------------------  -------------------      -------      -------  ---------------------  -------------------  


------------------------------------------------------------------------------------------------
| Other Path Groups Table
| -----------------------
------------------------------------------------------------------------------------------------

Path Group    From Clock    To Clock          WNS(ns)      TNS(ns)  TNS Failing Endpoints  TNS Total Endpoints      WHS(ns)      THS(ns)  THS Failing Endpoints  THS Total Endpoints  
----------    ----------    --------          -------      -------  ---------------------  -------------------      -------      -------  ---------------------  -------------------  


------------------------------------------------------------------------------------------------
| User Ignored Path Table
| -----------------------
------------------------------------------------------------------------------------------------

Path Group    From Clock    To Clock    
----------    ----------    --------    


------------------------------------------------------------------------------------------------
| Unconstrained Path Table
| ------------------------
------------------------------------------------------------------------------------------------

Path Group    From Clock    To Clock    
----------    ----------    --------    
(none)        sys_clk_pin                 
(none)                      sys_clk_pin   


------------------------------------------------------------------------------------------------
| Timing Details
| --------------
------------------------------------------------------------------------------------------------


---------------------------------------------------------------------------------------------------
From Clock:  sys_clk_pin
  To Clock:  sys_clk_pin

Setup :            0  Failing Endpoints,  Worst Slack        0.787ns,  Total Violation        0.000ns
Hold  :            0  Failing Endpoints,  Worst Slack        0.117ns,  Total Violation        0.000ns
PW    :            0  Failing Endpoints,  Worst Slack        4.500ns,  Total Violation        0.000ns
---------------------------------------------------------------------------------------------------


Max Delay Paths
--------------------------------------------------------------------------------------
Slack (MET) :             0.787ns  (required time - arrival time)
  Source:                 regfile/reg_5_reg[13]/C
                            (rising edge-triggered cell FDRE clocked by sys_clk_pin  {rise@0.000ns fall@5.000ns period=10.000ns})
  Destination:            fsm/i_wr_data_reg[8]/D
                            (rising edge-triggered cell FDRE clocked by sys_clk_pin  {rise@0.000ns fall@5.000ns period=10.000ns})
  Path Group:             sys_clk_pin
  Path Type:              Setup (Max at Slow Process Corner)
  Requirement:            10.000ns  (sys_clk_pin rise@10.000ns - sys_clk_pin rise@0.000ns)
  Data Path Delay:        9.175ns  (logic 2.607ns (28.413%)  route 6.568ns (71.587%))
  Logic Levels:           10  (CARRY4=2 LUT2=1 LUT3=1 LUT5=1 LUT6=5)
  Clock Path Skew:        -0.033ns (DCD - SCD + CPR)
    Destination Clock Delay (DCD):    5.398ns = ( 15.398 - 10.000 ) 
    Source Clock Delay      (SCD):    5.704ns
    Clock Pessimism Removal (CPR):    0.273ns
  Clock Uncertainty:      0.035ns  ((TSJ^2 + TIJ^2)^1/2 + DJ) / 2 + PE
    Total System Jitter     (TSJ):    0.071ns
    Total Input Jitter      (TIJ):    0.000ns
    Discrete Jitter          (DJ):    0.000ns
    Phase Error              (PE):    0.000ns

    Location             Delay type                Incr(ns)  Path(ns)    Netlist Resource(s)
  -------------------------------------------------------------------    -------------------
                         (clock sys_clk_pin rise edge)
                                                      0.000     0.000 r  
    R4                                                0.000     0.000 r  clk (IN)
                         net (fo=0)                   0.000     0.000    clk
    R4                   IBUF (Prop_ibuf_I_O)         1.475     1.475 r  clk_IBUF_inst/O
                         net (fo=1, routed)           2.114     3.589    clk_IBUF
    BUFGCTRL_X0Y0        BUFG (Prop_bufg_I_O)         0.096     3.685 r  clk_IBUF_BUFG_inst/O
                         net (fo=253, routed)         2.019     5.704    regfile/CLK
    SLICE_X4Y62          FDRE                                         r  regfile/reg_5_reg[13]/C
  -------------------------------------------------------------------    -------------------
    SLICE_X4Y62          FDRE (Prop_fdre_C_Q)         0.456     6.160 f  regfile/reg_5_reg[13]/Q
                         net (fo=13, routed)          1.035     7.195    regfile/reg_5_reg[14]_0[9]
    SLICE_X3Y63          LUT3 (Prop_lut3_I1_O)        0.152     7.347 f  regfile/i___0_carry_i_14/O
                         net (fo=2, routed)           0.670     8.017    regfile/i___0_carry_i_14_n_0
    SLICE_X2Y58          LUT6 (Prop_lut6_I4_O)        0.326     8.343 r  regfile/i___0_carry_i_9/O
                         net (fo=36, routed)          0.875     9.218    fsm/bounded_add2__0_carry__0_i_22_3
    SLICE_X4Y57          LUT6 (Prop_lut6_I4_O)        0.124     9.342 r  fsm/bounded_add2__0_carry__0_i_19/O
                         net (fo=1, routed)           0.871    10.213    regfile/bounded_sub1_carry_i_4_0
    SLICE_X9Y57          LUT6 (Prop_lut6_I3_O)        0.124    10.337 r  regfile/bounded_add2__0_carry__0_i_4/O
                         net (fo=6, routed)           0.847    11.184    regfile/reg_2_reg[14]_0[4]
    SLICE_X4Y60          LUT2 (Prop_lut2_I0_O)        0.124    11.308 r  regfile/bounded_add2__0_carry__0_i_8/O
                         net (fo=1, routed)           0.000    11.308    fsm/i_wr_data_reg[7]_0[0]
    SLICE_X4Y60          CARRY4 (Prop_carry4_S[0]_CO[3])
                                                      0.532    11.840 r  fsm/bounded_add2__0_carry__0/CO[3]
                         net (fo=1, routed)           0.000    11.840    fsm/bounded_add2__0_carry__0_n_0
    SLICE_X4Y61          CARRY4 (Prop_carry4_CI_O[0])
                                                      0.222    12.062 r  fsm/bounded_add2__0_carry__1/O[0]
                         net (fo=2, routed)           0.813    12.875    fsm/bounded_add2__0_carry__1_n_7
    SLICE_X5Y63          LUT6 (Prop_lut6_I3_O)        0.299    13.174 r  fsm/i_wr_data[17]_i_5/O
                         net (fo=3, routed)           0.635    13.809    fsm/i_wr_data[17]_i_5_n_0
    SLICE_X5Y64          LUT5 (Prop_lut5_I3_O)        0.124    13.933 r  fsm/i_wr_data[17]_i_2/O
                         net (fo=4, routed)           0.822    14.755    fsm/i_wr_data[17]_i_2_n_0
    SLICE_X3Y56          LUT6 (Prop_lut6_I3_O)        0.124    14.879 r  fsm/i_wr_data[8]_i_1/O
                         net (fo=1, routed)           0.000    14.879    fsm/i_wr_data[8]_i_1_n_0
    SLICE_X3Y56          FDRE                                         r  fsm/i_wr_data_reg[8]/D
  -------------------------------------------------------------------    -------------------

                         (clock sys_clk_pin rise edge)
                                                     10.000    10.000 r  
    R4                                                0.000    10.000 r  clk (IN)
                         net (fo=0)                   0.000    10.000    clk
    R4                   IBUF (Prop_ibuf_I_O)         1.405    11.405 r  clk_IBUF_inst/O
                         net (fo=1, routed)           2.004    13.409    clk_IBUF
    BUFGCTRL_X0Y0        BUFG (Prop_bufg_I_O)         0.091    13.500 r  clk_IBUF_BUFG_inst/O
                         net (fo=253, routed)         1.898    15.398    fsm/CLK
    SLICE_X3Y56          FDRE                                         r  fsm/i_wr_data_reg[8]/C
                         clock pessimism              0.273    15.671    
                         clock uncertainty           -0.035    15.636    
    SLICE_X3Y56          FDRE (Setup_fdre_C_D)        0.031    15.667    fsm/i_wr_data_reg[8]
  -------------------------------------------------------------------
                         required time                         15.667    
                         arrival time                         -14.879    
  -------------------------------------------------------------------
                         slack                                  0.787    

Slack (MET) :             0.794ns  (required time - arrival time)
  Source:                 regfile/reg_5_reg[13]/C
                            (rising edge-triggered cell FDRE clocked by sys_clk_pin  {rise@0.000ns fall@5.000ns period=10.000ns})
  Destination:            fsm/i_wr_data_reg[15]/D
                            (rising edge-triggered cell FDRE clocked by sys_clk_pin  {rise@0.000ns fall@5.000ns period=10.000ns})
  Path Group:             sys_clk_pin
  Path Type:              Setup (Max at Slow Process Corner)
  Requirement:            10.000ns  (sys_clk_pin rise@10.000ns - sys_clk_pin rise@0.000ns)
  Data Path Delay:        9.179ns  (logic 2.424ns (26.407%)  route 6.755ns (73.593%))
  Logic Levels:           9  (CARRY4=1 LUT2=1 LUT3=1 LUT5=2 LUT6=4)
  Clock Path Skew:        -0.022ns (DCD - SCD + CPR)
    Destination Clock Delay (DCD):    5.392ns = ( 15.392 - 10.000 ) 
    Source Clock Delay      (SCD):    5.704ns
    Clock Pessimism Removal (CPR):    0.290ns
  Clock Uncertainty:      0.035ns  ((TSJ^2 + TIJ^2)^1/2 + DJ) / 2 + PE
    Total System Jitter     (TSJ):    0.071ns
    Total Input Jitter      (TIJ):    0.000ns
    Discrete Jitter          (DJ):    0.000ns
    Phase Error              (PE):    0.000ns

    Location             Delay type                Incr(ns)  Path(ns)    Netlist Resource(s)
  -------------------------------------------------------------------    -------------------
                         (clock sys_clk_pin rise edge)
                                                      0.000     0.000 r  
    R4                                                0.000     0.000 r  clk (IN)
                         net (fo=0)                   0.000     0.000    clk
    R4                   IBUF (Prop_ibuf_I_O)         1.475     1.475 r  clk_IBUF_inst/O
                         net (fo=1, routed)           2.114     3.589    clk_IBUF
    BUFGCTRL_X0Y0        BUFG (Prop_bufg_I_O)         0.096     3.685 r  clk_IBUF_BUFG_inst/O
                         net (fo=253, routed)         2.019     5.704    regfile/CLK
    SLICE_X4Y62          FDRE                                         r  regfile/reg_5_reg[13]/C
  -------------------------------------------------------------------    -------------------
    SLICE_X4Y62          FDRE (Prop_fdre_C_Q)         0.456     6.160 f  regfile/reg_5_reg[13]/Q
                         net (fo=13, routed)          1.035     7.195    regfile/reg_5_reg[14]_0[9]
    SLICE_X3Y63          LUT3 (Prop_lut3_I1_O)        0.152     7.347 f  regfile/i___0_carry_i_14/O
                         net (fo=2, routed)           0.670     8.017    regfile/i___0_carry_i_14_n_0
    SLICE_X2Y58          LUT6 (Prop_lut6_I4_O)        0.326     8.343 r  regfile/i___0_carry_i_9/O
                         net (fo=36, routed)          0.753     9.096    fsm/bounded_add2__0_carry__0_i_22_3
    SLICE_X7Y60          LUT6 (Prop_lut6_I4_O)        0.124     9.220 f  fsm/bounded_add2__0_carry__2_i_32/O
                         net (fo=1, routed)           1.195    10.415    fsm/bounded_add2__0_carry__2_i_32_n_0
    SLICE_X10Y61         LUT6 (Prop_lut6_I0_O)        0.124    10.539 r  fsm/bounded_add2__0_carry__2_i_19/O
                         net (fo=5, routed)           0.878    11.417    fsm/selected_reg[1]_3
    SLICE_X3Y58          LUT2 (Prop_lut2_I0_O)        0.124    11.541 r  fsm/bounded_sub1_carry__0_i_5/O
                         net (fo=1, routed)           0.000    11.541    fsm/bounded_sub1_carry__0_i_5_n_0
    SLICE_X3Y58          CARRY4 (Prop_carry4_S[1]_CO[3])
                                                      0.550    12.091 r  fsm/bounded_sub1_carry__0/CO[3]
                         net (fo=3, routed)           0.922    13.013    fsm/bounded_sub1
    SLICE_X0Y58          LUT5 (Prop_lut5_I1_O)        0.118    13.131 r  fsm/i_wr_data[16]_i_2/O
                         net (fo=4, routed)           0.895    14.026    fsm/i_wr_data[16]_i_2_n_0
    SLICE_X5Y62          LUT6 (Prop_lut6_I0_O)        0.326    14.352 r  fsm/i_wr_data[15]_i_3/O
                         net (fo=1, routed)           0.407    14.759    fsm/i_wr_data[15]_i_3_n_0
    SLICE_X5Y62          LUT5 (Prop_lut5_I2_O)        0.124    14.883 r  fsm/i_wr_data[15]_i_1/O
                         net (fo=1, routed)           0.000    14.883    fsm/i_wr_data[15]_i_1_n_0
    SLICE_X5Y62          FDRE                                         r  fsm/i_wr_data_reg[15]/D
  -------------------------------------------------------------------    -------------------

                         (clock sys_clk_pin rise edge)
                                                     10.000    10.000 r  
    R4                                                0.000    10.000 r  clk (IN)
                         net (fo=0)                   0.000    10.000    clk
    R4                   IBUF (Prop_ibuf_I_O)         1.405    11.405 r  clk_IBUF_inst/O
                         net (fo=1, routed)           2.004    13.409    clk_IBUF
    BUFGCTRL_X0Y0        BUFG (Prop_bufg_I_O)         0.091    13.500 r  clk_IBUF_BUFG_inst/O
                         net (fo=253, routed)         1.892    15.392    fsm/CLK
    SLICE_X5Y62          FDRE                                         r  fsm/i_wr_data_reg[15]/C
                         clock pessimism              0.290    15.682    
                         clock uncertainty           -0.035    15.647    
    SLICE_X5Y62          FDRE (Setup_fdre_C_D)        0.031    15.678    fsm/i_wr_data_reg[15]
  -------------------------------------------------------------------
                         required time                         15.678    
                         arrival time                         -14.883    
  -------------------------------------------------------------------
                         slack                                  0.794    

Slack (MET) :             0.880ns  (required time - arrival time)
  Source:                 regfile/reg_5_reg[13]/C
                            (rising edge-triggered cell FDRE clocked by sys_clk_pin  {rise@0.000ns fall@5.000ns period=10.000ns})
  Destination:            fsm/i_wr_data_reg[14]/D
                            (rising edge-triggered cell FDRE clocked by sys_clk_pin  {rise@0.000ns fall@5.000ns period=10.000ns})
  Path Group:             sys_clk_pin
  Path Type:              Setup (Max at Slow Process Corner)
  Requirement:            10.000ns  (sys_clk_pin rise@10.000ns - sys_clk_pin rise@0.000ns)
  Data Path Delay:        9.075ns  (logic 2.228ns (24.550%)  route 6.847ns (75.450%))
  Logic Levels:           9  (CARRY4=1 LUT2=1 LUT3=1 LUT4=1 LUT5=1 LUT6=4)
  Clock Path Skew:        -0.038ns (DCD - SCD + CPR)
    Destination Clock Delay (DCD):    5.393ns = ( 15.393 - 10.000 ) 
    Source Clock Delay      (SCD):    5.704ns
    Clock Pessimism Removal (CPR):    0.273ns
  Clock Uncertainty:      0.035ns  ((TSJ^2 + TIJ^2)^1/2 + DJ) / 2 + PE
    Total System Jitter     (TSJ):    0.071ns
    Total Input Jitter      (TIJ):    0.000ns
    Discrete Jitter          (DJ):    0.000ns
    Phase Error              (PE):    0.000ns

    Location             Delay type                Incr(ns)  Path(ns)    Netlist Resource(s)
  -------------------------------------------------------------------    -------------------
                         (clock sys_clk_pin rise edge)
                                                      0.000     0.000 r  
    R4                                                0.000     0.000 r  clk (IN)
                         net (fo=0)                   0.000     0.000    clk
    R4                   IBUF (Prop_ibuf_I_O)         1.475     1.475 r  clk_IBUF_inst/O
                         net (fo=1, routed)           2.114     3.589    clk_IBUF
    BUFGCTRL_X0Y0        BUFG (Prop_bufg_I_O)         0.096     3.685 r  clk_IBUF_BUFG_inst/O
                         net (fo=253, routed)         2.019     5.704    regfile/CLK
    SLICE_X4Y62          FDRE                                         r  regfile/reg_5_reg[13]/C
  -------------------------------------------------------------------    -------------------
    SLICE_X4Y62          FDRE (Prop_fdre_C_Q)         0.456     6.160 f  regfile/reg_5_reg[13]/Q
                         net (fo=13, routed)          1.035     7.195    regfile/reg_5_reg[14]_0[9]
    SLICE_X3Y63          LUT3 (Prop_lut3_I1_O)        0.152     7.347 f  regfile/i___0_carry_i_14/O
                         net (fo=2, routed)           0.670     8.017    regfile/i___0_carry_i_14_n_0
    SLICE_X2Y58          LUT6 (Prop_lut6_I4_O)        0.326     8.343 r  regfile/i___0_carry_i_9/O
                         net (fo=36, routed)          0.753     9.096    fsm/bounded_add2__0_carry__0_i_22_3
    SLICE_X7Y60          LUT6 (Prop_lut6_I4_O)        0.124     9.220 f  fsm/bounded_add2__0_carry__2_i_32/O
                         net (fo=1, routed)           1.195    10.415    fsm/bounded_add2__0_carry__2_i_32_n_0
    SLICE_X10Y61         LUT6 (Prop_lut6_I0_O)        0.124    10.539 r  fsm/bounded_add2__0_carry__2_i_19/O
                         net (fo=5, routed)           0.878    11.417    fsm/selected_reg[1]_3
    SLICE_X3Y58          LUT2 (Prop_lut2_I0_O)        0.124    11.541 r  fsm/bounded_sub1_carry__0_i_5/O
                         net (fo=1, routed)           0.000    11.541    fsm/bounded_sub1_carry__0_i_5_n_0
    SLICE_X3Y58          CARRY4 (Prop_carry4_S[1]_CO[3])
                                                      0.550    12.091 f  fsm/bounded_sub1_carry__0/CO[3]
                         net (fo=3, routed)           0.615    12.706    fsm/bounded_sub1
    SLICE_X0Y58          LUT4 (Prop_lut4_I0_O)        0.124    12.830 f  fsm/i_wr_data[1]_i_2/O
                         net (fo=11, routed)          0.938    13.768    fsm/i_wr_data[1]_i_2_n_0
    SLICE_X0Y62          LUT6 (Prop_lut6_I0_O)        0.124    13.892 r  fsm/i_wr_data[14]_i_2/O
                         net (fo=1, routed)           0.763    14.655    fsm/i_wr_data[14]_i_2_n_0
    SLICE_X1Y63          LUT5 (Prop_lut5_I2_O)        0.124    14.779 r  fsm/i_wr_data[14]_i_1/O
                         net (fo=1, routed)           0.000    14.779    fsm/i_wr_data[14]_i_1_n_0
    SLICE_X1Y63          FDRE                                         r  fsm/i_wr_data_reg[14]/D
  -------------------------------------------------------------------    -------------------

                         (clock sys_clk_pin rise edge)
                                                     10.000    10.000 r  
    R4                                                0.000    10.000 r  clk (IN)
                         net (fo=0)                   0.000    10.000    clk
    R4                   IBUF (Prop_ibuf_I_O)         1.405    11.405 r  clk_IBUF_inst/O
                         net (fo=1, routed)           2.004    13.409    clk_IBUF
    BUFGCTRL_X0Y0        BUFG (Prop_bufg_I_O)         0.091    13.500 r  clk_IBUF_BUFG_inst/O
                         net (fo=253, routed)         1.893    15.393    fsm/CLK
    SLICE_X1Y63          FDRE                                         r  fsm/i_wr_data_reg[14]/C
                         clock pessimism              0.273    15.666    
                         clock uncertainty           -0.035    15.631    
    SLICE_X1Y63          FDRE (Setup_fdre_C_D)        0.029    15.660    fsm/i_wr_data_reg[14]
  -------------------------------------------------------------------
                         required time                         15.660    
                         arrival time                         -14.779    
  -------------------------------------------------------------------
                         slack                                  0.880    

Slack (MET) :             0.903ns  (required time - arrival time)
  Source:                 regfile/reg_5_reg[13]/C
                            (rising edge-triggered cell FDRE clocked by sys_clk_pin  {rise@0.000ns fall@5.000ns period=10.000ns})
  Destination:            fsm/i_wr_data_reg[2]/D
                            (rising edge-triggered cell FDRE clocked by sys_clk_pin  {rise@0.000ns fall@5.000ns period=10.000ns})
  Path Group:             sys_clk_pin
  Path Type:              Setup (Max at Slow Process Corner)
  Requirement:            10.000ns  (sys_clk_pin rise@10.000ns - sys_clk_pin rise@0.000ns)
  Data Path Delay:        9.058ns  (logic 2.607ns (28.781%)  route 6.451ns (71.219%))
  Logic Levels:           10  (CARRY4=2 LUT2=1 LUT3=1 LUT5=1 LUT6=5)
  Clock Path Skew:        -0.033ns (DCD - SCD + CPR)
    Destination Clock Delay (DCD):    5.398ns = ( 15.398 - 10.000 ) 
    Source Clock Delay      (SCD):    5.704ns
    Clock Pessimism Removal (CPR):    0.273ns
  Clock Uncertainty:      0.035ns  ((TSJ^2 + TIJ^2)^1/2 + DJ) / 2 + PE
    Total System Jitter     (TSJ):    0.071ns
    Total Input Jitter      (TIJ):    0.000ns
    Discrete Jitter          (DJ):    0.000ns
    Phase Error              (PE):    0.000ns

    Location             Delay type                Incr(ns)  Path(ns)    Netlist Resource(s)
  -------------------------------------------------------------------    -------------------
                         (clock sys_clk_pin rise edge)
                                                      0.000     0.000 r  
    R4                                                0.000     0.000 r  clk (IN)
                         net (fo=0)                   0.000     0.000    clk
    R4                   IBUF (Prop_ibuf_I_O)         1.475     1.475 r  clk_IBUF_inst/O
                         net (fo=1, routed)           2.114     3.589    clk_IBUF
    BUFGCTRL_X0Y0        BUFG (Prop_bufg_I_O)         0.096     3.685 r  clk_IBUF_BUFG_inst/O
                         net (fo=253, routed)         2.019     5.704    regfile/CLK
    SLICE_X4Y62          FDRE                                         r  regfile/reg_5_reg[13]/C
  -------------------------------------------------------------------    -------------------
    SLICE_X4Y62          FDRE (Prop_fdre_C_Q)         0.456     6.160 f  regfile/reg_5_reg[13]/Q
                         net (fo=13, routed)          1.035     7.195    regfile/reg_5_reg[14]_0[9]
    SLICE_X3Y63          LUT3 (Prop_lut3_I1_O)        0.152     7.347 f  regfile/i___0_carry_i_14/O
                         net (fo=2, routed)           0.670     8.017    regfile/i___0_carry_i_14_n_0
    SLICE_X2Y58          LUT6 (Prop_lut6_I4_O)        0.326     8.343 r  regfile/i___0_carry_i_9/O
                         net (fo=36, routed)          0.875     9.218    fsm/bounded_add2__0_carry__0_i_22_3
    SLICE_X4Y57          LUT6 (Prop_lut6_I4_O)        0.124     9.342 r  fsm/bounded_add2__0_carry__0_i_19/O
                         net (fo=1, routed)           0.871    10.213    regfile/bounded_sub1_carry_i_4_0
    SLICE_X9Y57          LUT6 (Prop_lut6_I3_O)        0.124    10.337 r  regfile/bounded_add2__0_carry__0_i_4/O
                         net (fo=6, routed)           0.847    11.184    regfile/reg_2_reg[14]_0[4]
    SLICE_X4Y60          LUT2 (Prop_lut2_I0_O)        0.124    11.308 r  regfile/bounded_add2__0_carry__0_i_8/O
                         net (fo=1, routed)           0.000    11.308    fsm/i_wr_data_reg[7]_0[0]
    SLICE_X4Y60          CARRY4 (Prop_carry4_S[0]_CO[3])
                                                      0.532    11.840 r  fsm/bounded_add2__0_carry__0/CO[3]
                         net (fo=1, routed)           0.000    11.840    fsm/bounded_add2__0_carry__0_n_0
    SLICE_X4Y61          CARRY4 (Prop_carry4_CI_O[0])
                                                      0.222    12.062 f  fsm/bounded_add2__0_carry__1/O[0]
                         net (fo=2, routed)           0.813    12.875    fsm/bounded_add2__0_carry__1_n_7
    SLICE_X5Y63          LUT6 (Prop_lut6_I3_O)        0.299    13.174 f  fsm/i_wr_data[17]_i_5/O
                         net (fo=3, routed)           0.654    13.829    fsm/i_wr_data[17]_i_5_n_0
    SLICE_X5Y63          LUT6 (Prop_lut6_I1_O)        0.124    13.953 f  fsm/i_wr_data[15]_i_4/O
                         net (fo=11, routed)          0.685    14.638    fsm/i_wr_data[15]_i_4_n_0
    SLICE_X3Y56          LUT5 (Prop_lut5_I4_O)        0.124    14.762 r  fsm/i_wr_data[2]_i_1/O
                         net (fo=1, routed)           0.000    14.762    fsm/i_wr_data[2]_i_1_n_0
    SLICE_X3Y56          FDRE                                         r  fsm/i_wr_data_reg[2]/D
  -------------------------------------------------------------------    -------------------

                         (clock sys_clk_pin rise edge)
                                                     10.000    10.000 r  
    R4                                                0.000    10.000 r  clk (IN)
                         net (fo=0)                   0.000    10.000    clk
    R4                   IBUF (Prop_ibuf_I_O)         1.405    11.405 r  clk_IBUF_inst/O
                         net (fo=1, routed)           2.004    13.409    clk_IBUF
    BUFGCTRL_X0Y0        BUFG (Prop_bufg_I_O)         0.091    13.500 r  clk_IBUF_BUFG_inst/O
                         net (fo=253, routed)         1.898    15.398    fsm/CLK
    SLICE_X3Y56          FDRE                                         r  fsm/i_wr_data_reg[2]/C
                         clock pessimism              0.273    15.671    
                         clock uncertainty           -0.035    15.636    
    SLICE_X3Y56          FDRE (Setup_fdre_C_D)        0.029    15.665    fsm/i_wr_data_reg[2]
  -------------------------------------------------------------------
                         required time                         15.665    
                         arrival time                         -14.762    
  -------------------------------------------------------------------
                         slack                                  0.903    

Slack (MET) :             0.920ns  (required time - arrival time)
  Source:                 regfile/reg_5_reg[13]/C
                            (rising edge-triggered cell FDRE clocked by sys_clk_pin  {rise@0.000ns fall@5.000ns period=10.000ns})
  Destination:            fsm/i_wr_data_reg[4]/D
                            (rising edge-triggered cell FDRE clocked by sys_clk_pin  {rise@0.000ns fall@5.000ns period=10.000ns})
  Path Group:             sys_clk_pin
  Path Type:              Setup (Max at Slow Process Corner)
  Requirement:            10.000ns  (sys_clk_pin rise@10.000ns - sys_clk_pin rise@0.000ns)
  Data Path Delay:        9.052ns  (logic 2.607ns (28.801%)  route 6.445ns (71.199%))
  Logic Levels:           10  (CARRY4=2 LUT2=1 LUT3=1 LUT5=1 LUT6=5)
  Clock Path Skew:        -0.022ns (DCD - SCD + CPR)
    Destination Clock Delay (DCD):    5.395ns = ( 15.395 - 10.000 ) 
    Source Clock Delay      (SCD):    5.704ns
    Clock Pessimism Removal (CPR):    0.287ns
  Clock Uncertainty:      0.035ns  ((TSJ^2 + TIJ^2)^1/2 + DJ) / 2 + PE
    Total System Jitter     (TSJ):    0.071ns
    Total Input Jitter      (TIJ):    0.000ns
    Discrete Jitter          (DJ):    0.000ns
    Phase Error              (PE):    0.000ns

    Location             Delay type                Incr(ns)  Path(ns)    Netlist Resource(s)
  -------------------------------------------------------------------    -------------------
                         (clock sys_clk_pin rise edge)
                                                      0.000     0.000 r  
    R4                                                0.000     0.000 r  clk (IN)
                         net (fo=0)                   0.000     0.000    clk
    R4                   IBUF (Prop_ibuf_I_O)         1.475     1.475 r  clk_IBUF_inst/O
                         net (fo=1, routed)           2.114     3.589    clk_IBUF
    BUFGCTRL_X0Y0        BUFG (Prop_bufg_I_O)         0.096     3.685 r  clk_IBUF_BUFG_inst/O
                         net (fo=253, routed)         2.019     5.704    regfile/CLK
    SLICE_X4Y62          FDRE                                         r  regfile/reg_5_reg[13]/C
  -------------------------------------------------------------------    -------------------
    SLICE_X4Y62          FDRE (Prop_fdre_C_Q)         0.456     6.160 f  regfile/reg_5_reg[13]/Q
                         net (fo=13, routed)          1.035     7.195    regfile/reg_5_reg[14]_0[9]
    SLICE_X3Y63          LUT3 (Prop_lut3_I1_O)        0.152     7.347 f  regfile/i___0_carry_i_14/O
                         net (fo=2, routed)           0.670     8.017    regfile/i___0_carry_i_14_n_0
    SLICE_X2Y58          LUT6 (Prop_lut6_I4_O)        0.326     8.343 r  regfile/i___0_carry_i_9/O
                         net (fo=36, routed)          0.875     9.218    fsm/bounded_add2__0_carry__0_i_22_3
    SLICE_X4Y57          LUT6 (Prop_lut6_I4_O)        0.124     9.342 r  fsm/bounded_add2__0_carry__0_i_19/O
                         net (fo=1, routed)           0.871    10.213    regfile/bounded_sub1_carry_i_4_0
    SLICE_X9Y57          LUT6 (Prop_lut6_I3_O)        0.124    10.337 r  regfile/bounded_add2__0_carry__0_i_4/O
                         net (fo=6, routed)           0.847    11.184    regfile/reg_2_reg[14]_0[4]
    SLICE_X4Y60          LUT2 (Prop_lut2_I0_O)        0.124    11.308 r  regfile/bounded_add2__0_carry__0_i_8/O
                         net (fo=1, routed)           0.000    11.308    fsm/i_wr_data_reg[7]_0[0]
    SLICE_X4Y60          CARRY4 (Prop_carry4_S[0]_CO[3])
                                                      0.532    11.840 r  fsm/bounded_add2__0_carry__0/CO[3]
                         net (fo=1, routed)           0.000    11.840    fsm/bounded_add2__0_carry__0_n_0
    SLICE_X4Y61          CARRY4 (Prop_carry4_CI_O[0])
                                                      0.222    12.062 f  fsm/bounded_add2__0_carry__1/O[0]
                         net (fo=2, routed)           0.813    12.875    fsm/bounded_add2__0_carry__1_n_7
    SLICE_X5Y63          LUT6 (Prop_lut6_I3_O)        0.299    13.174 f  fsm/i_wr_data[17]_i_5/O
                         net (fo=3, routed)           0.654    13.829    fsm/i_wr_data[17]_i_5_n_0
    SLICE_X5Y63          LUT6 (Prop_lut6_I1_O)        0.124    13.953 f  fsm/i_wr_data[15]_i_4/O
                         net (fo=11, routed)          0.679    14.632    fsm/i_wr_data[15]_i_4_n_0
    SLICE_X4Y58          LUT5 (Prop_lut5_I0_O)        0.124    14.756 r  fsm/i_wr_data[4]_i_1/O
                         net (fo=1, routed)           0.000    14.756    fsm/i_wr_data[4]_i_1_n_0
    SLICE_X4Y58          FDRE                                         r  fsm/i_wr_data_reg[4]/D
  -------------------------------------------------------------------    -------------------

                         (clock sys_clk_pin rise edge)
                                                     10.000    10.000 r  
    R4                                                0.000    10.000 r  clk (IN)
                         net (fo=0)                   0.000    10.000    clk
    R4                   IBUF (Prop_ibuf_I_O)         1.405    11.405 r  clk_IBUF_inst/O
                         net (fo=1, routed)           2.004    13.409    clk_IBUF
    BUFGCTRL_X0Y0        BUFG (Prop_bufg_I_O)         0.091    13.500 r  clk_IBUF_BUFG_inst/O
                         net (fo=253, routed)         1.895    15.395    fsm/CLK
    SLICE_X4Y58          FDRE                                         r  fsm/i_wr_data_reg[4]/C
                         clock pessimism              0.287    15.682    
                         clock uncertainty           -0.035    15.647    
    SLICE_X4Y58          FDRE (Setup_fdre_C_D)        0.029    15.676    fsm/i_wr_data_reg[4]
  -------------------------------------------------------------------
                         required time                         15.676    
                         arrival time                         -14.756    
  -------------------------------------------------------------------
                         slack                                  0.920    

Slack (MET) :             0.935ns  (required time - arrival time)
  Source:                 regfile/reg_5_reg[13]/C
                            (rising edge-triggered cell FDRE clocked by sys_clk_pin  {rise@0.000ns fall@5.000ns period=10.000ns})
  Destination:            fsm/i_wr_data_reg[6]/D
                            (rising edge-triggered cell FDRE clocked by sys_clk_pin  {rise@0.000ns fall@5.000ns period=10.000ns})
  Path Group:             sys_clk_pin
  Path Type:              Setup (Max at Slow Process Corner)
  Requirement:            10.000ns  (sys_clk_pin rise@10.000ns - sys_clk_pin rise@0.000ns)
  Data Path Delay:        9.037ns  (logic 2.607ns (28.847%)  route 6.430ns (71.153%))
  Logic Levels:           10  (CARRY4=2 LUT2=1 LUT3=1 LUT5=1 LUT6=5)
  Clock Path Skew:        -0.021ns (DCD - SCD + CPR)
    Destination Clock Delay (DCD):    5.396ns = ( 15.396 - 10.000 ) 
    Source Clock Delay      (SCD):    5.704ns
    Clock Pessimism Removal (CPR):    0.287ns
  Clock Uncertainty:      0.035ns  ((TSJ^2 + TIJ^2)^1/2 + DJ) / 2 + PE
    Total System Jitter     (TSJ):    0.071ns
    Total Input Jitter      (TIJ):    0.000ns
    Discrete Jitter          (DJ):    0.000ns
    Phase Error              (PE):    0.000ns

    Location             Delay type                Incr(ns)  Path(ns)    Netlist Resource(s)
  -------------------------------------------------------------------    -------------------
                         (clock sys_clk_pin rise edge)
                                                      0.000     0.000 r  
    R4                                                0.000     0.000 r  clk (IN)
                         net (fo=0)                   0.000     0.000    clk
    R4                   IBUF (Prop_ibuf_I_O)         1.475     1.475 r  clk_IBUF_inst/O
                         net (fo=1, routed)           2.114     3.589    clk_IBUF
    BUFGCTRL_X0Y0        BUFG (Prop_bufg_I_O)         0.096     3.685 r  clk_IBUF_BUFG_inst/O
                         net (fo=253, routed)         2.019     5.704    regfile/CLK
    SLICE_X4Y62          FDRE                                         r  regfile/reg_5_reg[13]/C
  -------------------------------------------------------------------    -------------------
    SLICE_X4Y62          FDRE (Prop_fdre_C_Q)         0.456     6.160 f  regfile/reg_5_reg[13]/Q
                         net (fo=13, routed)          1.035     7.195    regfile/reg_5_reg[14]_0[9]
    SLICE_X3Y63          LUT3 (Prop_lut3_I1_O)        0.152     7.347 f  regfile/i___0_carry_i_14/O
                         net (fo=2, routed)           0.670     8.017    regfile/i___0_carry_i_14_n_0
    SLICE_X2Y58          LUT6 (Prop_lut6_I4_O)        0.326     8.343 r  regfile/i___0_carry_i_9/O
                         net (fo=36, routed)          0.875     9.218    fsm/bounded_add2__0_carry__0_i_22_3
    SLICE_X4Y57          LUT6 (Prop_lut6_I4_O)        0.124     9.342 r  fsm/bounded_add2__0_carry__0_i_19/O
                         net (fo=1, routed)           0.871    10.213    regfile/bounded_sub1_carry_i_4_0
    SLICE_X9Y57          LUT6 (Prop_lut6_I3_O)        0.124    10.337 r  regfile/bounded_add2__0_carry__0_i_4/O
                         net (fo=6, routed)           0.847    11.184    regfile/reg_2_reg[14]_0[4]
    SLICE_X4Y60          LUT2 (Prop_lut2_I0_O)        0.124    11.308 r  regfile/bounded_add2__0_carry__0_i_8/O
                         net (fo=1, routed)           0.000    11.308    fsm/i_wr_data_reg[7]_0[0]
    SLICE_X4Y60          CARRY4 (Prop_carry4_S[0]_CO[3])
                                                      0.532    11.840 r  fsm/bounded_add2__0_carry__0/CO[3]
                         net (fo=1, routed)           0.000    11.840    fsm/bounded_add2__0_carry__0_n_0
    SLICE_X4Y61          CARRY4 (Prop_carry4_CI_O[0])
                                                      0.222    12.062 r  fsm/bounded_add2__0_carry__1/O[0]
                         net (fo=2, routed)           0.813    12.875    fsm/bounded_add2__0_carry__1_n_7
    SLICE_X5Y63          LUT6 (Prop_lut6_I3_O)        0.299    13.174 r  fsm/i_wr_data[17]_i_5/O
                         net (fo=3, routed)           0.635    13.809    fsm/i_wr_data[17]_i_5_n_0
    SLICE_X5Y64          LUT5 (Prop_lut5_I3_O)        0.124    13.933 r  fsm/i_wr_data[17]_i_2/O
                         net (fo=4, routed)           0.684    14.617    fsm/i_wr_data[17]_i_2_n_0
    SLICE_X4Y56          LUT6 (Prop_lut6_I3_O)        0.124    14.741 r  fsm/i_wr_data[6]_i_1/O
                         net (fo=1, routed)           0.000    14.741    fsm/i_wr_data[6]_i_1_n_0
    SLICE_X4Y56          FDRE                                         r  fsm/i_wr_data_reg[6]/D
  -------------------------------------------------------------------    -------------------

                         (clock sys_clk_pin rise edge)
                                                     10.000    10.000 r  
    R4                                                0.000    10.000 r  clk (IN)
                         net (fo=0)                   0.000    10.000    clk
    R4                   IBUF (Prop_ibuf_I_O)         1.405    11.405 r  clk_IBUF_inst/O
                         net (fo=1, routed)           2.004    13.409    clk_IBUF
    BUFGCTRL_X0Y0        BUFG (Prop_bufg_I_O)         0.091    13.500 r  clk_IBUF_BUFG_inst/O
                         net (fo=253, routed)         1.896    15.396    fsm/CLK
    SLICE_X4Y56          FDRE                                         r  fsm/i_wr_data_reg[6]/C
                         clock pessimism              0.287    15.683    
                         clock uncertainty           -0.035    15.648    
    SLICE_X4Y56          FDRE (Setup_fdre_C_D)        0.029    15.677    fsm/i_wr_data_reg[6]
  -------------------------------------------------------------------
                         required time                         15.677    
                         arrival time                         -14.741    
  -------------------------------------------------------------------
                         slack                                  0.935    

Slack (MET) :             1.000ns  (required time - arrival time)
  Source:                 regfile/reg_5_reg[13]/C
                            (rising edge-triggered cell FDRE clocked by sys_clk_pin  {rise@0.000ns fall@5.000ns period=10.000ns})
  Destination:            fsm/i_wr_data_reg[1]/D
                            (rising edge-triggered cell FDRE clocked by sys_clk_pin  {rise@0.000ns fall@5.000ns period=10.000ns})
  Path Group:             sys_clk_pin
  Path Type:              Setup (Max at Slow Process Corner)
  Requirement:            10.000ns  (sys_clk_pin rise@10.000ns - sys_clk_pin rise@0.000ns)
  Data Path Delay:        9.005ns  (logic 2.607ns (28.950%)  route 6.398ns (71.050%))
  Logic Levels:           10  (CARRY4=2 LUT2=1 LUT3=1 LUT6=6)
  Clock Path Skew:        -0.038ns (DCD - SCD + CPR)
    Destination Clock Delay (DCD):    5.393ns = ( 15.393 - 10.000 ) 
    Source Clock Delay      (SCD):    5.704ns
    Clock Pessimism Removal (CPR):    0.273ns
  Clock Uncertainty:      0.035ns  ((TSJ^2 + TIJ^2)^1/2 + DJ) / 2 + PE
    Total System Jitter     (TSJ):    0.071ns
    Total Input Jitter      (TIJ):    0.000ns
    Discrete Jitter          (DJ):    0.000ns
    Phase Error              (PE):    0.000ns

    Location             Delay type                Incr(ns)  Path(ns)    Netlist Resource(s)
  -------------------------------------------------------------------    -------------------
                         (clock sys_clk_pin rise edge)
                                                      0.000     0.000 r  
    R4                                                0.000     0.000 r  clk (IN)
                         net (fo=0)                   0.000     0.000    clk
    R4                   IBUF (Prop_ibuf_I_O)         1.475     1.475 r  clk_IBUF_inst/O
                         net (fo=1, routed)           2.114     3.589    clk_IBUF
    BUFGCTRL_X0Y0        BUFG (Prop_bufg_I_O)         0.096     3.685 r  clk_IBUF_BUFG_inst/O
                         net (fo=253, routed)         2.019     5.704    regfile/CLK
    SLICE_X4Y62          FDRE                                         r  regfile/reg_5_reg[13]/C
  -------------------------------------------------------------------    -------------------
    SLICE_X4Y62          FDRE (Prop_fdre_C_Q)         0.456     6.160 f  regfile/reg_5_reg[13]/Q
                         net (fo=13, routed)          1.035     7.195    regfile/reg_5_reg[14]_0[9]
    SLICE_X3Y63          LUT3 (Prop_lut3_I1_O)        0.152     7.347 f  regfile/i___0_carry_i_14/O
                         net (fo=2, routed)           0.670     8.017    regfile/i___0_carry_i_14_n_0
    SLICE_X2Y58          LUT6 (Prop_lut6_I4_O)        0.326     8.343 r  regfile/i___0_carry_i_9/O
                         net (fo=36, routed)          0.875     9.218    fsm/bounded_add2__0_carry__0_i_22_3
    SLICE_X4Y57          LUT6 (Prop_lut6_I4_O)        0.124     9.342 r  fsm/bounded_add2__0_carry__0_i_19/O
                         net (fo=1, routed)           0.871    10.213    regfile/bounded_sub1_carry_i_4_0
    SLICE_X9Y57          LUT6 (Prop_lut6_I3_O)        0.124    10.337 r  regfile/bounded_add2__0_carry__0_i_4/O
                         net (fo=6, routed)           0.847    11.184    regfile/reg_2_reg[14]_0[4]
    SLICE_X4Y60          LUT2 (Prop_lut2_I0_O)        0.124    11.308 r  regfile/bounded_add2__0_carry__0_i_8/O
                         net (fo=1, routed)           0.000    11.308    fsm/i_wr_data_reg[7]_0[0]
    SLICE_X4Y60          CARRY4 (Prop_carry4_S[0]_CO[3])
                                                      0.532    11.840 r  fsm/bounded_add2__0_carry__0/CO[3]
                         net (fo=1, routed)           0.000    11.840    fsm/bounded_add2__0_carry__0_n_0
    SLICE_X4Y61          CARRY4 (Prop_carry4_CI_O[0])
                                                      0.222    12.062 f  fsm/bounded_add2__0_carry__1/O[0]
                         net (fo=2, routed)           0.813    12.875    fsm/bounded_add2__0_carry__1_n_7
    SLICE_X5Y63          LUT6 (Prop_lut6_I3_O)        0.299    13.174 f  fsm/i_wr_data[17]_i_5/O
                         net (fo=3, routed)           0.654    13.829    fsm/i_wr_data[17]_i_5_n_0
    SLICE_X5Y63          LUT6 (Prop_lut6_I1_O)        0.124    13.953 f  fsm/i_wr_data[15]_i_4/O
                         net (fo=11, routed)          0.633    14.585    fsm/i_wr_data[15]_i_4_n_0
    SLICE_X2Y64          LUT6 (Prop_lut6_I2_O)        0.124    14.709 r  fsm/i_wr_data[1]_i_1/O
                         net (fo=1, routed)           0.000    14.709    fsm/i_wr_data[1]_i_1_n_0
    SLICE_X2Y64          FDRE                                         r  fsm/i_wr_data_reg[1]/D
  -------------------------------------------------------------------    -------------------

                         (clock sys_clk_pin rise edge)
                                                     10.000    10.000 r  
    R4                                                0.000    10.000 r  clk (IN)
                         net (fo=0)                   0.000    10.000    clk
    R4                   IBUF (Prop_ibuf_I_O)         1.405    11.405 r  clk_IBUF_inst/O
                         net (fo=1, routed)           2.004    13.409    clk_IBUF
    BUFGCTRL_X0Y0        BUFG (Prop_bufg_I_O)         0.091    13.500 r  clk_IBUF_BUFG_inst/O
                         net (fo=253, routed)         1.893    15.393    fsm/CLK
    SLICE_X2Y64          FDRE                                         r  fsm/i_wr_data_reg[1]/C
                         clock pessimism              0.273    15.666    
                         clock uncertainty           -0.035    15.631    
    SLICE_X2Y64          FDRE (Setup_fdre_C_D)        0.079    15.710    fsm/i_wr_data_reg[1]
  -------------------------------------------------------------------
                         required time                         15.710    
                         arrival time                         -14.709    
  -------------------------------------------------------------------
                         slack                                  1.000    

Slack (MET) :             1.005ns  (required time - arrival time)
  Source:                 regfile/reg_5_reg[13]/C
                            (rising edge-triggered cell FDRE clocked by sys_clk_pin  {rise@0.000ns fall@5.000ns period=10.000ns})
  Destination:            fsm/i_wr_data_reg[13]/D
                            (rising edge-triggered cell FDRE clocked by sys_clk_pin  {rise@0.000ns fall@5.000ns period=10.000ns})
  Path Group:             sys_clk_pin
  Path Type:              Setup (Max at Slow Process Corner)
  Requirement:            10.000ns  (sys_clk_pin rise@10.000ns - sys_clk_pin rise@0.000ns)
  Data Path Delay:        8.966ns  (logic 2.228ns (24.848%)  route 6.738ns (75.152%))
  Logic Levels:           9  (CARRY4=1 LUT2=1 LUT3=1 LUT4=1 LUT5=1 LUT6=4)
  Clock Path Skew:        -0.022ns (DCD - SCD + CPR)
    Destination Clock Delay (DCD):    5.392ns = ( 15.392 - 10.000 ) 
    Source Clock Delay      (SCD):    5.704ns
    Clock Pessimism Removal (CPR):    0.290ns
  Clock Uncertainty:      0.035ns  ((TSJ^2 + TIJ^2)^1/2 + DJ) / 2 + PE
    Total System Jitter     (TSJ):    0.071ns
    Total Input Jitter      (TIJ):    0.000ns
    Discrete Jitter          (DJ):    0.000ns
    Phase Error              (PE):    0.000ns

    Location             Delay type                Incr(ns)  Path(ns)    Netlist Resource(s)
  -------------------------------------------------------------------    -------------------
                         (clock sys_clk_pin rise edge)
                                                      0.000     0.000 r  
    R4                                                0.000     0.000 r  clk (IN)
                         net (fo=0)                   0.000     0.000    clk
    R4                   IBUF (Prop_ibuf_I_O)         1.475     1.475 r  clk_IBUF_inst/O
                         net (fo=1, routed)           2.114     3.589    clk_IBUF
    BUFGCTRL_X0Y0        BUFG (Prop_bufg_I_O)         0.096     3.685 r  clk_IBUF_BUFG_inst/O
                         net (fo=253, routed)         2.019     5.704    regfile/CLK
    SLICE_X4Y62          FDRE                                         r  regfile/reg_5_reg[13]/C
  -------------------------------------------------------------------    -------------------
    SLICE_X4Y62          FDRE (Prop_fdre_C_Q)         0.456     6.160 f  regfile/reg_5_reg[13]/Q
                         net (fo=13, routed)          1.035     7.195    regfile/reg_5_reg[14]_0[9]
    SLICE_X3Y63          LUT3 (Prop_lut3_I1_O)        0.152     7.347 f  regfile/i___0_carry_i_14/O
                         net (fo=2, routed)           0.670     8.017    regfile/i___0_carry_i_14_n_0
    SLICE_X2Y58          LUT6 (Prop_lut6_I4_O)        0.326     8.343 r  regfile/i___0_carry_i_9/O
                         net (fo=36, routed)          0.753     9.096    fsm/bounded_add2__0_carry__0_i_22_3
    SLICE_X7Y60          LUT6 (Prop_lut6_I4_O)        0.124     9.220 f  fsm/bounded_add2__0_carry__2_i_32/O
                         net (fo=1, routed)           1.195    10.415    fsm/bounded_add2__0_carry__2_i_32_n_0
    SLICE_X10Y61         LUT6 (Prop_lut6_I0_O)        0.124    10.539 r  fsm/bounded_add2__0_carry__2_i_19/O
                         net (fo=5, routed)           0.878    11.417    fsm/selected_reg[1]_3
    SLICE_X3Y58          LUT2 (Prop_lut2_I0_O)        0.124    11.541 r  fsm/bounded_sub1_carry__0_i_5/O
                         net (fo=1, routed)           0.000    11.541    fsm/bounded_sub1_carry__0_i_5_n_0
    SLICE_X3Y58          CARRY4 (Prop_carry4_S[1]_CO[3])
                                                      0.550    12.091 f  fsm/bounded_sub1_carry__0/CO[3]
                         net (fo=3, routed)           0.615    12.706    fsm/bounded_sub1
    SLICE_X0Y58          LUT4 (Prop_lut4_I0_O)        0.124    12.830 f  fsm/i_wr_data[1]_i_2/O
                         net (fo=11, routed)          0.949    13.779    fsm/i_wr_data[1]_i_2_n_0
    SLICE_X5Y62          LUT6 (Prop_lut6_I0_O)        0.124    13.903 r  fsm/i_wr_data[13]_i_2/O
                         net (fo=1, routed)           0.643    14.546    fsm/i_wr_data[13]_i_2_n_0
    SLICE_X5Y62          LUT5 (Prop_lut5_I2_O)        0.124    14.670 r  fsm/i_wr_data[13]_i_1/O
                         net (fo=1, routed)           0.000    14.670    fsm/i_wr_data[13]_i_1_n_0
    SLICE_X5Y62          FDRE                                         r  fsm/i_wr_data_reg[13]/D
  -------------------------------------------------------------------    -------------------

                         (clock sys_clk_pin rise edge)
                                                     10.000    10.000 r  
    R4                                                0.000    10.000 r  clk (IN)
                         net (fo=0)                   0.000    10.000    clk
    R4                   IBUF (Prop_ibuf_I_O)         1.405    11.405 r  clk_IBUF_inst/O
                         net (fo=1, routed)           2.004    13.409    clk_IBUF
    BUFGCTRL_X0Y0        BUFG (Prop_bufg_I_O)         0.091    13.500 r  clk_IBUF_BUFG_inst/O
                         net (fo=253, routed)         1.892    15.392    fsm/CLK
    SLICE_X5Y62          FDRE                                         r  fsm/i_wr_data_reg[13]/C
                         clock pessimism              0.290    15.682    
                         clock uncertainty           -0.035    15.647    
    SLICE_X5Y62          FDRE (Setup_fdre_C_D)        0.029    15.676    fsm/i_wr_data_reg[13]
  -------------------------------------------------------------------
                         required time                         15.676    
                         arrival time                         -14.670    
  -------------------------------------------------------------------
                         slack                                  1.005    

Slack (MET) :             1.016ns  (required time - arrival time)
  Source:                 regfile/reg_5_reg[13]/C
                            (rising edge-triggered cell FDRE clocked by sys_clk_pin  {rise@0.000ns fall@5.000ns period=10.000ns})
  Destination:            fsm/i_wr_data_reg[16]/D
                            (rising edge-triggered cell FDRE clocked by sys_clk_pin  {rise@0.000ns fall@5.000ns period=10.000ns})
  Path Group:             sys_clk_pin
  Path Type:              Setup (Max at Slow Process Corner)
  Requirement:            10.000ns  (sys_clk_pin rise@10.000ns - sys_clk_pin rise@0.000ns)
  Data Path Delay:        9.004ns  (logic 2.607ns (28.954%)  route 6.397ns (71.046%))
  Logic Levels:           10  (CARRY4=2 LUT2=1 LUT3=1 LUT6=6)
  Clock Path Skew:        -0.026ns (DCD - SCD + CPR)
    Destination Clock Delay (DCD):    5.391ns = ( 15.391 - 10.000 ) 
    Source Clock Delay      (SCD):    5.704ns
    Clock Pessimism Removal (CPR):    0.287ns
  Clock Uncertainty:      0.035ns  ((TSJ^2 + TIJ^2)^1/2 + DJ) / 2 + PE
    Total System Jitter     (TSJ):    0.071ns
    Total Input Jitter      (TIJ):    0.000ns
    Discrete Jitter          (DJ):    0.000ns
    Phase Error              (PE):    0.000ns

    Location             Delay type                Incr(ns)  Path(ns)    Netlist Resource(s)
  -------------------------------------------------------------------    -------------------
                         (clock sys_clk_pin rise edge)
                                                      0.000     0.000 r  
    R4                                                0.000     0.000 r  clk (IN)
                         net (fo=0)                   0.000     0.000    clk
    R4                   IBUF (Prop_ibuf_I_O)         1.475     1.475 r  clk_IBUF_inst/O
                         net (fo=1, routed)           2.114     3.589    clk_IBUF
    BUFGCTRL_X0Y0        BUFG (Prop_bufg_I_O)         0.096     3.685 r  clk_IBUF_BUFG_inst/O
                         net (fo=253, routed)         2.019     5.704    regfile/CLK
    SLICE_X4Y62          FDRE                                         r  regfile/reg_5_reg[13]/C
  -------------------------------------------------------------------    -------------------
    SLICE_X4Y62          FDRE (Prop_fdre_C_Q)         0.456     6.160 f  regfile/reg_5_reg[13]/Q
                         net (fo=13, routed)          1.035     7.195    regfile/reg_5_reg[14]_0[9]
    SLICE_X3Y63          LUT3 (Prop_lut3_I1_O)        0.152     7.347 f  regfile/i___0_carry_i_14/O
                         net (fo=2, routed)           0.670     8.017    regfile/i___0_carry_i_14_n_0
    SLICE_X2Y58          LUT6 (Prop_lut6_I4_O)        0.326     8.343 r  regfile/i___0_carry_i_9/O
                         net (fo=36, routed)          0.875     9.218    fsm/bounded_add2__0_carry__0_i_22_3
    SLICE_X4Y57          LUT6 (Prop_lut6_I4_O)        0.124     9.342 r  fsm/bounded_add2__0_carry__0_i_19/O
                         net (fo=1, routed)           0.871    10.213    regfile/bounded_sub1_carry_i_4_0
    SLICE_X9Y57          LUT6 (Prop_lut6_I3_O)        0.124    10.337 r  regfile/bounded_add2__0_carry__0_i_4/O
                         net (fo=6, routed)           0.847    11.184    regfile/reg_2_reg[14]_0[4]
    SLICE_X4Y60          LUT2 (Prop_lut2_I0_O)        0.124    11.308 r  regfile/bounded_add2__0_carry__0_i_8/O
                         net (fo=1, routed)           0.000    11.308    fsm/i_wr_data_reg[7]_0[0]
    SLICE_X4Y60          CARRY4 (Prop_carry4_S[0]_CO[3])
                                                      0.532    11.840 r  fsm/bounded_add2__0_carry__0/CO[3]
                         net (fo=1, routed)           0.000    11.840    fsm/bounded_add2__0_carry__0_n_0
    SLICE_X4Y61          CARRY4 (Prop_carry4_CI_O[0])
                                                      0.222    12.062 r  fsm/bounded_add2__0_carry__1/O[0]
                         net (fo=2, routed)           0.813    12.875    fsm/bounded_add2__0_carry__1_n_7
    SLICE_X5Y63          LUT6 (Prop_lut6_I3_O)        0.299    13.174 r  fsm/i_wr_data[17]_i_5/O
                         net (fo=3, routed)           0.857    14.031    fsm/i_wr_data[17]_i_5_n_0
    SLICE_X5Y63          LUT6 (Prop_lut6_I1_O)        0.124    14.155 r  fsm/i_wr_data[16]_i_3/O
                         net (fo=2, routed)           0.429    14.584    fsm/i_wr_data[16]_i_3_n_0
    SLICE_X6Y63          LUT6 (Prop_lut6_I2_O)        0.124    14.708 r  fsm/i_wr_data[16]_i_1/O
                         net (fo=1, routed)           0.000    14.708    fsm/i_wr_data[16]_i_1_n_0
    SLICE_X6Y63          FDRE                                         r  fsm/i_wr_data_reg[16]/D
  -------------------------------------------------------------------    -------------------

                         (clock sys_clk_pin rise edge)
                                                     10.000    10.000 r  
    R4                                                0.000    10.000 r  clk (IN)
                         net (fo=0)                   0.000    10.000    clk
    R4                   IBUF (Prop_ibuf_I_O)         1.405    11.405 r  clk_IBUF_inst/O
                         net (fo=1, routed)           2.004    13.409    clk_IBUF
    BUFGCTRL_X0Y0        BUFG (Prop_bufg_I_O)         0.091    13.500 r  clk_IBUF_BUFG_inst/O
                         net (fo=253, routed)         1.891    15.391    fsm/CLK
    SLICE_X6Y63          FDRE                                         r  fsm/i_wr_data_reg[16]/C
                         clock pessimism              0.287    15.678    
                         clock uncertainty           -0.035    15.643    
    SLICE_X6Y63          FDRE (Setup_fdre_C_D)        0.081    15.724    fsm/i_wr_data_reg[16]
  -------------------------------------------------------------------
                         required time                         15.724    
                         arrival time                         -14.708    
  -------------------------------------------------------------------
                         slack                                  1.016    

Slack (MET) :             1.023ns  (required time - arrival time)
  Source:                 regfile/reg_5_reg[13]/C
                            (rising edge-triggered cell FDRE clocked by sys_clk_pin  {rise@0.000ns fall@5.000ns period=10.000ns})
  Destination:            fsm/i_wr_data_reg[10]/D
                            (rising edge-triggered cell FDRE clocked by sys_clk_pin  {rise@0.000ns fall@5.000ns period=10.000ns})
  Path Group:             sys_clk_pin
  Path Type:              Setup (Max at Slow Process Corner)
  Requirement:            10.000ns  (sys_clk_pin rise@10.000ns - sys_clk_pin rise@0.000ns)
  Data Path Delay:        8.993ns  (logic 2.607ns (28.989%)  route 6.386ns (71.011%))
  Logic Levels:           10  (CARRY4=2 LUT2=1 LUT3=1 LUT5=1 LUT6=5)
  Clock Path Skew:        -0.026ns (DCD - SCD + CPR)
    Destination Clock Delay (DCD):    5.391ns = ( 15.391 - 10.000 ) 
    Source Clock Delay      (SCD):    5.704ns
    Clock Pessimism Removal (CPR):    0.287ns
  Clock Uncertainty:      0.035ns  ((TSJ^2 + TIJ^2)^1/2 + DJ) / 2 + PE
    Total System Jitter     (TSJ):    0.071ns
    Total Input Jitter      (TIJ):    0.000ns
    Discrete Jitter          (DJ):    0.000ns
    Phase Error              (PE):    0.000ns

    Location             Delay type                Incr(ns)  Path(ns)    Netlist Resource(s)
  -------------------------------------------------------------------    -------------------
                         (clock sys_clk_pin rise edge)
                                                      0.000     0.000 r  
    R4                                                0.000     0.000 r  clk (IN)
                         net (fo=0)                   0.000     0.000    clk
    R4                   IBUF (Prop_ibuf_I_O)         1.475     1.475 r  clk_IBUF_inst/O
                         net (fo=1, routed)           2.114     3.589    clk_IBUF
    BUFGCTRL_X0Y0        BUFG (Prop_bufg_I_O)         0.096     3.685 r  clk_IBUF_BUFG_inst/O
                         net (fo=253, routed)         2.019     5.704    regfile/CLK
    SLICE_X4Y62          FDRE                                         r  regfile/reg_5_reg[13]/C
  -------------------------------------------------------------------    -------------------
    SLICE_X4Y62          FDRE (Prop_fdre_C_Q)         0.456     6.160 f  regfile/reg_5_reg[13]/Q
                         net (fo=13, routed)          1.035     7.195    regfile/reg_5_reg[14]_0[9]
    SLICE_X3Y63          LUT3 (Prop_lut3_I1_O)        0.152     7.347 f  regfile/i___0_carry_i_14/O
                         net (fo=2, routed)           0.670     8.017    regfile/i___0_carry_i_14_n_0
    SLICE_X2Y58          LUT6 (Prop_lut6_I4_O)        0.326     8.343 r  regfile/i___0_carry_i_9/O
                         net (fo=36, routed)          0.875     9.218    fsm/bounded_add2__0_carry__0_i_22_3
    SLICE_X4Y57          LUT6 (Prop_lut6_I4_O)        0.124     9.342 r  fsm/bounded_add2__0_carry__0_i_19/O
                         net (fo=1, routed)           0.871    10.213    regfile/bounded_sub1_carry_i_4_0
    SLICE_X9Y57          LUT6 (Prop_lut6_I3_O)        0.124    10.337 r  regfile/bounded_add2__0_carry__0_i_4/O
                         net (fo=6, routed)           0.847    11.184    regfile/reg_2_reg[14]_0[4]
    SLICE_X4Y60          LUT2 (Prop_lut2_I0_O)        0.124    11.308 r  regfile/bounded_add2__0_carry__0_i_8/O
                         net (fo=1, routed)           0.000    11.308    fsm/i_wr_data_reg[7]_0[0]
    SLICE_X4Y60          CARRY4 (Prop_carry4_S[0]_CO[3])
                                                      0.532    11.840 r  fsm/bounded_add2__0_carry__0/CO[3]
                         net (fo=1, routed)           0.000    11.840    fsm/bounded_add2__0_carry__0_n_0
    SLICE_X4Y61          CARRY4 (Prop_carry4_CI_O[0])
                                                      0.222    12.062 r  fsm/bounded_add2__0_carry__1/O[0]
                         net (fo=2, routed)           0.813    12.875    fsm/bounded_add2__0_carry__1_n_7
    SLICE_X5Y63          LUT6 (Prop_lut6_I3_O)        0.299    13.174 r  fsm/i_wr_data[17]_i_5/O
                         net (fo=3, routed)           0.857    14.031    fsm/i_wr_data[17]_i_5_n_0
    SLICE_X5Y63          LUT6 (Prop_lut6_I1_O)        0.124    14.155 r  fsm/i_wr_data[16]_i_3/O
                         net (fo=2, routed)           0.418    14.573    fsm/i_wr_data[16]_i_3_n_0
    SLICE_X6Y63          LUT5 (Prop_lut5_I3_O)        0.124    14.697 r  fsm/i_wr_data[10]_i_1/O
                         net (fo=1, routed)           0.000    14.697    fsm/i_wr_data[10]_i_1_n_0
    SLICE_X6Y63          FDRE                                         r  fsm/i_wr_data_reg[10]/D
  -------------------------------------------------------------------    -------------------

                         (clock sys_clk_pin rise edge)
                                                     10.000    10.000 r  
    R4                                                0.000    10.000 r  clk (IN)
                         net (fo=0)                   0.000    10.000    clk
    R4                   IBUF (Prop_ibuf_I_O)         1.405    11.405 r  clk_IBUF_inst/O
                         net (fo=1, routed)           2.004    13.409    clk_IBUF
    BUFGCTRL_X0Y0        BUFG (Prop_bufg_I_O)         0.091    13.500 r  clk_IBUF_BUFG_inst/O
                         net (fo=253, routed)         1.891    15.391    fsm/CLK
    SLICE_X6Y63          FDRE                                         r  fsm/i_wr_data_reg[10]/C
                         clock pessimism              0.287    15.678    
                         clock uncertainty           -0.035    15.643    
    SLICE_X6Y63          FDRE (Setup_fdre_C_D)        0.077    15.720    fsm/i_wr_data_reg[10]
  -------------------------------------------------------------------
                         required time                         15.720    
                         arrival time                         -14.697    
  -------------------------------------------------------------------
                         slack                                  1.023    





Min Delay Paths
--------------------------------------------------------------------------------------
Slack (MET) :             0.117ns  (arrival time - required time)
  Source:                 nes/FSM_onehot_state_reg[2]/C
                            (rising edge-triggered cell FDRE clocked by sys_clk_pin  {rise@0.000ns fall@5.000ns period=10.000ns})
  Destination:            nes/FSM_onehot_state_reg[3]/D
                            (rising edge-triggered cell FDRE clocked by sys_clk_pin  {rise@0.000ns fall@5.000ns period=10.000ns})
  Path Group:             sys_clk_pin
  Path Type:              Hold (Min at Fast Process Corner)
  Requirement:            0.000ns  (sys_clk_pin rise@0.000ns - sys_clk_pin rise@0.000ns)
  Data Path Delay:        0.251ns  (logic 0.186ns (74.042%)  route 0.065ns (25.958%))
  Logic Levels:           1  (LUT2=1)
  Clock Path Skew:        0.013ns (DCD - SCD - CPR)
    Destination Clock Delay (DCD):    2.181ns
    Source Clock Delay      (SCD):    1.658ns
    Clock Pessimism Removal (CPR):    0.510ns

    Location             Delay type                Incr(ns)  Path(ns)    Netlist Resource(s)
  -------------------------------------------------------------------    -------------------
                         (clock sys_clk_pin rise edge)
                                                      0.000     0.000 r  
    R4                                                0.000     0.000 r  clk (IN)
                         net (fo=0)                   0.000     0.000    clk
    R4                   IBUF (Prop_ibuf_I_O)         0.243     0.243 r  clk_IBUF_inst/O
                         net (fo=1, routed)           0.676     0.919    clk_IBUF
    BUFGCTRL_X0Y0        BUFG (Prop_bufg_I_O)         0.026     0.945 r  clk_IBUF_BUFG_inst/O
                         net (fo=253, routed)         0.713     1.658    nes/CLK
    SLICE_X3Y78          FDRE                                         r  nes/FSM_onehot_state_reg[2]/C
  -------------------------------------------------------------------    -------------------
    SLICE_X3Y78          FDRE (Prop_fdre_C_Q)         0.141     1.799 r  nes/FSM_onehot_state_reg[2]/Q
                         net (fo=2, routed)           0.065     1.865    nes/FSM_onehot_state_reg_n_0_[2]
    SLICE_X2Y78          LUT2 (Prop_lut2_I0_O)        0.045     1.910 r  nes/FSM_onehot_state[3]_i_1/O
                         net (fo=1, routed)           0.000     1.910    nes/FSM_onehot_state[3]_i_1_n_0
    SLICE_X2Y78          FDRE                                         r  nes/FSM_onehot_state_reg[3]/D
  -------------------------------------------------------------------    -------------------

                         (clock sys_clk_pin rise edge)
                                                      0.000     0.000 r  
    R4                                                0.000     0.000 r  clk (IN)
                         net (fo=0)                   0.000     0.000    clk
    R4                   IBUF (Prop_ibuf_I_O)         0.431     0.431 r  clk_IBUF_inst/O
                         net (fo=1, routed)           0.734     1.165    clk_IBUF
    BUFGCTRL_X0Y0        BUFG (Prop_bufg_I_O)         0.029     1.194 r  clk_IBUF_BUFG_inst/O
                         net (fo=253, routed)         0.988     2.181    nes/CLK
    SLICE_X2Y78          FDRE                                         r  nes/FSM_onehot_state_reg[3]/C
                         clock pessimism             -0.510     1.671    
    SLICE_X2Y78          FDRE (Hold_fdre_C_D)         0.121     1.792    nes/FSM_onehot_state_reg[3]
  -------------------------------------------------------------------
                         required time                         -1.792    
                         arrival time                           1.910    
  -------------------------------------------------------------------
                         slack                                  0.117    

Slack (MET) :             0.170ns  (arrival time - required time)
  Source:                 nes/latched_buttons_reg[4]/C
                            (rising edge-triggered cell FDRE clocked by sys_clk_pin  {rise@0.000ns fall@5.000ns period=10.000ns})
  Destination:            btn_reg/reg_reg[4]/D
                            (rising edge-triggered cell FDRE clocked by sys_clk_pin  {rise@0.000ns fall@5.000ns period=10.000ns})
  Path Group:             sys_clk_pin
  Path Type:              Hold (Min at Fast Process Corner)
  Requirement:            0.000ns  (sys_clk_pin rise@0.000ns - sys_clk_pin rise@0.000ns)
  Data Path Delay:        0.256ns  (logic 0.141ns (55.026%)  route 0.115ns (44.974%))
  Logic Levels:           0  
  Clock Path Skew:        0.016ns (DCD - SCD - CPR)
    Destination Clock Delay (DCD):    2.181ns
    Source Clock Delay      (SCD):    1.656ns
    Clock Pessimism Removal (CPR):    0.509ns

    Location             Delay type                Incr(ns)  Path(ns)    Netlist Resource(s)
  -------------------------------------------------------------------    -------------------
                         (clock sys_clk_pin rise edge)
                                                      0.000     0.000 r  
    R4                                                0.000     0.000 r  clk (IN)
                         net (fo=0)                   0.000     0.000    clk
    R4                   IBUF (Prop_ibuf_I_O)         0.243     0.243 r  clk_IBUF_inst/O
                         net (fo=1, routed)           0.676     0.919    clk_IBUF
    BUFGCTRL_X0Y0        BUFG (Prop_bufg_I_O)         0.026     0.945 r  clk_IBUF_BUFG_inst/O
                         net (fo=253, routed)         0.711     1.656    nes/CLK
    SLICE_X3Y73          FDRE                                         r  nes/latched_buttons_reg[4]/C
  -------------------------------------------------------------------    -------------------
    SLICE_X3Y73          FDRE (Prop_fdre_C_Q)         0.141     1.797 r  nes/latched_buttons_reg[4]/Q
                         net (fo=1, routed)           0.115     1.913    btn_reg/reg_reg[7]_3[4]
    SLICE_X3Y71          FDRE                                         r  btn_reg/reg_reg[4]/D
  -------------------------------------------------------------------    -------------------

                         (clock sys_clk_pin rise edge)
                                                      0.000     0.000 r  
    R4                                                0.000     0.000 r  clk (IN)
                         net (fo=0)                   0.000     0.000    clk
    R4                   IBUF (Prop_ibuf_I_O)         0.431     0.431 r  clk_IBUF_inst/O
                         net (fo=1, routed)           0.734     1.165    clk_IBUF
    BUFGCTRL_X0Y0        BUFG (Prop_bufg_I_O)         0.029     1.194 r  clk_IBUF_BUFG_inst/O
                         net (fo=253, routed)         0.988     2.181    btn_reg/CLK
    SLICE_X3Y71          FDRE                                         r  btn_reg/reg_reg[4]/C
                         clock pessimism             -0.509     1.672    
    SLICE_X3Y71          FDRE (Hold_fdre_C_D)         0.070     1.742    btn_reg/reg_reg[4]
  -------------------------------------------------------------------
                         required time                         -1.742    
                         arrival time                           1.913    
  -------------------------------------------------------------------
                         slack                                  0.170    

Slack (MET) :             0.171ns  (arrival time - required time)
  Source:                 nes/latched_buttons_reg[2]/C
                            (rising edge-triggered cell FDRE clocked by sys_clk_pin  {rise@0.000ns fall@5.000ns period=10.000ns})
  Destination:            btn_reg/reg_reg[2]/D
                            (rising edge-triggered cell FDRE clocked by sys_clk_pin  {rise@0.000ns fall@5.000ns period=10.000ns})
  Path Group:             sys_clk_pin
  Path Type:              Hold (Min at Fast Process Corner)
  Requirement:            0.000ns  (sys_clk_pin rise@0.000ns - sys_clk_pin rise@0.000ns)
  Data Path Delay:        0.257ns  (logic 0.141ns (54.812%)  route 0.116ns (45.188%))
  Logic Levels:           0  
  Clock Path Skew:        0.016ns (DCD - SCD - CPR)
    Destination Clock Delay (DCD):    2.181ns
    Source Clock Delay      (SCD):    1.656ns
    Clock Pessimism Removal (CPR):    0.509ns

    Location             Delay type                Incr(ns)  Path(ns)    Netlist Resource(s)
  -------------------------------------------------------------------    -------------------
                         (clock sys_clk_pin rise edge)
                                                      0.000     0.000 r  
    R4                                                0.000     0.000 r  clk (IN)
                         net (fo=0)                   0.000     0.000    clk
    R4                   IBUF (Prop_ibuf_I_O)         0.243     0.243 r  clk_IBUF_inst/O
                         net (fo=1, routed)           0.676     0.919    clk_IBUF
    BUFGCTRL_X0Y0        BUFG (Prop_bufg_I_O)         0.026     0.945 r  clk_IBUF_BUFG_inst/O
                         net (fo=253, routed)         0.711     1.656    nes/CLK
    SLICE_X3Y73          FDRE                                         r  nes/latched_buttons_reg[2]/C
  -------------------------------------------------------------------    -------------------
    SLICE_X3Y73          FDRE (Prop_fdre_C_Q)         0.141     1.797 r  nes/latched_buttons_reg[2]/Q
                         net (fo=1, routed)           0.116     1.914    btn_reg/reg_reg[7]_3[2]
    SLICE_X3Y71          FDRE                                         r  btn_reg/reg_reg[2]/D
  -------------------------------------------------------------------    -------------------

                         (clock sys_clk_pin rise edge)
                                                      0.000     0.000 r  
    R4                                                0.000     0.000 r  clk (IN)
                         net (fo=0)                   0.000     0.000    clk
    R4                   IBUF (Prop_ibuf_I_O)         0.431     0.431 r  clk_IBUF_inst/O
                         net (fo=1, routed)           0.734     1.165    clk_IBUF
    BUFGCTRL_X0Y0        BUFG (Prop_bufg_I_O)         0.029     1.194 r  clk_IBUF_BUFG_inst/O
                         net (fo=253, routed)         0.988     2.181    btn_reg/CLK
    SLICE_X3Y71          FDRE                                         r  btn_reg/reg_reg[2]/C
                         clock pessimism             -0.509     1.672    
    SLICE_X3Y71          FDRE (Hold_fdre_C_D)         0.070     1.742    btn_reg/reg_reg[2]
  -------------------------------------------------------------------
                         required time                         -1.742    
                         arrival time                           1.914    
  -------------------------------------------------------------------
                         slack                                  0.171    

Slack (MET) :             0.175ns  (arrival time - required time)
  Source:                 nes/latched_buttons_reg[3]/C
                            (rising edge-triggered cell FDRE clocked by sys_clk_pin  {rise@0.000ns fall@5.000ns period=10.000ns})
  Destination:            btn_reg/reg_reg[3]/D
                            (rising edge-triggered cell FDRE clocked by sys_clk_pin  {rise@0.000ns fall@5.000ns period=10.000ns})
  Path Group:             sys_clk_pin
  Path Type:              Hold (Min at Fast Process Corner)
  Requirement:            0.000ns  (sys_clk_pin rise@0.000ns - sys_clk_pin rise@0.000ns)
  Data Path Delay:        0.257ns  (logic 0.141ns (54.812%)  route 0.116ns (45.188%))
  Logic Levels:           0  
  Clock Path Skew:        0.016ns (DCD - SCD - CPR)
    Destination Clock Delay (DCD):    2.181ns
    Source Clock Delay      (SCD):    1.656ns
    Clock Pessimism Removal (CPR):    0.509ns

    Location             Delay type                Incr(ns)  Path(ns)    Netlist Resource(s)
  -------------------------------------------------------------------    -------------------
                         (clock sys_clk_pin rise edge)
                                                      0.000     0.000 r  
    R4                                                0.000     0.000 r  clk (IN)
                         net (fo=0)                   0.000     0.000    clk
    R4                   IBUF (Prop_ibuf_I_O)         0.243     0.243 r  clk_IBUF_inst/O
                         net (fo=1, routed)           0.676     0.919    clk_IBUF
    BUFGCTRL_X0Y0        BUFG (Prop_bufg_I_O)         0.026     0.945 r  clk_IBUF_BUFG_inst/O
                         net (fo=253, routed)         0.711     1.656    nes/CLK
    SLICE_X3Y73          FDRE                                         r  nes/latched_buttons_reg[3]/C
  -------------------------------------------------------------------    -------------------
    SLICE_X3Y73          FDRE (Prop_fdre_C_Q)         0.141     1.797 r  nes/latched_buttons_reg[3]/Q
                         net (fo=1, routed)           0.116     1.914    btn_reg/reg_reg[7]_3[3]
    SLICE_X3Y71          FDRE                                         r  btn_reg/reg_reg[3]/D
  -------------------------------------------------------------------    -------------------

                         (clock sys_clk_pin rise edge)
                                                      0.000     0.000 r  
    R4                                                0.000     0.000 r  clk (IN)
                         net (fo=0)                   0.000     0.000    clk
    R4                   IBUF (Prop_ibuf_I_O)         0.431     0.431 r  clk_IBUF_inst/O
                         net (fo=1, routed)           0.734     1.165    clk_IBUF
    BUFGCTRL_X0Y0        BUFG (Prop_bufg_I_O)         0.029     1.194 r  clk_IBUF_BUFG_inst/O
                         net (fo=253, routed)         0.988     2.181    btn_reg/CLK
    SLICE_X3Y71          FDRE                                         r  btn_reg/reg_reg[3]/C
                         clock pessimism             -0.509     1.672    
    SLICE_X3Y71          FDRE (Hold_fdre_C_D)         0.066     1.738    btn_reg/reg_reg[3]
  -------------------------------------------------------------------
                         required time                         -1.738    
                         arrival time                           1.914    
  -------------------------------------------------------------------
                         slack                                  0.175    

Slack (MET) :             0.185ns  (arrival time - required time)
  Source:                 nes/clk_cnt_reg[0]/C
                            (rising edge-triggered cell FDRE clocked by sys_clk_pin  {rise@0.000ns fall@5.000ns period=10.000ns})
  Destination:            nes/clk_cnt_reg[4]/D
                            (rising edge-triggered cell FDRE clocked by sys_clk_pin  {rise@0.000ns fall@5.000ns period=10.000ns})
  Path Group:             sys_clk_pin
  Path Type:              Hold (Min at Fast Process Corner)
  Requirement:            0.000ns  (sys_clk_pin rise@0.000ns - sys_clk_pin rise@0.000ns)
  Data Path Delay:        0.318ns  (logic 0.186ns (58.579%)  route 0.132ns (41.421%))
  Logic Levels:           1  (LUT6=1)
  Clock Path Skew:        0.013ns (DCD - SCD - CPR)
    Destination Clock Delay (DCD):    2.177ns
    Source Clock Delay      (SCD):    1.655ns
    Clock Pessimism Removal (CPR):    0.509ns

    Location             Delay type                Incr(ns)  Path(ns)    Netlist Resource(s)
  -------------------------------------------------------------------    -------------------
                         (clock sys_clk_pin rise edge)
                                                      0.000     0.000 r  
    R4                                                0.000     0.000 r  clk (IN)
                         net (fo=0)                   0.000     0.000    clk
    R4                   IBUF (Prop_ibuf_I_O)         0.243     0.243 r  clk_IBUF_inst/O
                         net (fo=1, routed)           0.676     0.919    clk_IBUF
    BUFGCTRL_X0Y0        BUFG (Prop_bufg_I_O)         0.026     0.945 r  clk_IBUF_BUFG_inst/O
                         net (fo=253, routed)         0.710     1.655    nes/CLK
    SLICE_X3Y75          FDRE                                         r  nes/clk_cnt_reg[0]/C
  -------------------------------------------------------------------    -------------------
    SLICE_X3Y75          FDRE (Prop_fdre_C_Q)         0.141     1.796 r  nes/clk_cnt_reg[0]/Q
                         net (fo=8, routed)           0.132     1.928    nes/clk_cnt_reg_n_0_[0]
    SLICE_X2Y75          LUT6 (Prop_lut6_I3_O)        0.045     1.973 r  nes/clk_cnt[4]_i_1/O
                         net (fo=1, routed)           0.000     1.973    nes/clk_cnt[4]_i_1_n_0
    SLICE_X2Y75          FDRE                                         r  nes/clk_cnt_reg[4]/D
  -------------------------------------------------------------------    -------------------

                         (clock sys_clk_pin rise edge)
                                                      0.000     0.000 r  
    R4                                                0.000     0.000 r  clk (IN)
                         net (fo=0)                   0.000     0.000    clk
    R4                   IBUF (Prop_ibuf_I_O)         0.431     0.431 r  clk_IBUF_inst/O
                         net (fo=1, routed)           0.734     1.165    clk_IBUF
    BUFGCTRL_X0Y0        BUFG (Prop_bufg_I_O)         0.029     1.194 r  clk_IBUF_BUFG_inst/O
                         net (fo=253, routed)         0.984     2.177    nes/CLK
    SLICE_X2Y75          FDRE                                         r  nes/clk_cnt_reg[4]/C
                         clock pessimism             -0.509     1.668    
    SLICE_X2Y75          FDRE (Hold_fdre_C_D)         0.120     1.788    nes/clk_cnt_reg[4]
  -------------------------------------------------------------------
                         required time                         -1.788    
                         arrival time                           1.973    
  -------------------------------------------------------------------
                         slack                                  0.185    

Slack (MET) :             0.189ns  (arrival time - required time)
  Source:                 fsm/i_wr_data_reg[4]/C
                            (rising edge-triggered cell FDRE clocked by sys_clk_pin  {rise@0.000ns fall@5.000ns period=10.000ns})
  Destination:            regfile/reg_0_reg[4]/D
                            (rising edge-triggered cell FDSE clocked by sys_clk_pin  {rise@0.000ns fall@5.000ns period=10.000ns})
  Path Group:             sys_clk_pin
  Path Type:              Hold (Min at Fast Process Corner)
  Requirement:            0.000ns  (sys_clk_pin rise@0.000ns - sys_clk_pin rise@0.000ns)
  Data Path Delay:        0.268ns  (logic 0.141ns (52.682%)  route 0.127ns (47.318%))
  Logic Levels:           0  
  Clock Path Skew:        0.016ns (DCD - SCD - CPR)
    Destination Clock Delay (DCD):    2.190ns
    Source Clock Delay      (SCD):    1.664ns
    Clock Pessimism Removal (CPR):    0.510ns

    Location             Delay type                Incr(ns)  Path(ns)    Netlist Resource(s)
  -------------------------------------------------------------------    -------------------
                         (clock sys_clk_pin rise edge)
                                                      0.000     0.000 r  
    R4                                                0.000     0.000 r  clk (IN)
                         net (fo=0)                   0.000     0.000    clk
    R4                   IBUF (Prop_ibuf_I_O)         0.243     0.243 r  clk_IBUF_inst/O
                         net (fo=1, routed)           0.676     0.919    clk_IBUF
    BUFGCTRL_X0Y0        BUFG (Prop_bufg_I_O)         0.026     0.945 r  clk_IBUF_BUFG_inst/O
                         net (fo=253, routed)         0.719     1.664    fsm/CLK
    SLICE_X4Y58          FDRE                                         r  fsm/i_wr_data_reg[4]/C
  -------------------------------------------------------------------    -------------------
    SLICE_X4Y58          FDRE (Prop_fdre_C_Q)         0.141     1.805 r  fsm/i_wr_data_reg[4]/Q
                         net (fo=6, routed)           0.127     1.932    regfile/D[3]
    SLICE_X6Y57          FDSE                                         r  regfile/reg_0_reg[4]/D
  -------------------------------------------------------------------    -------------------

                         (clock sys_clk_pin rise edge)
                                                      0.000     0.000 r  
    R4                                                0.000     0.000 r  clk (IN)
                         net (fo=0)                   0.000     0.000    clk
    R4                   IBUF (Prop_ibuf_I_O)         0.431     0.431 r  clk_IBUF_inst/O
                         net (fo=1, routed)           0.734     1.165    clk_IBUF
    BUFGCTRL_X0Y0        BUFG (Prop_bufg_I_O)         0.029     1.194 r  clk_IBUF_BUFG_inst/O
                         net (fo=253, routed)         0.997     2.190    regfile/CLK
    SLICE_X6Y57          FDSE                                         r  regfile/reg_0_reg[4]/C
                         clock pessimism             -0.510     1.680    
    SLICE_X6Y57          FDSE (Hold_fdse_C_D)         0.063     1.743    regfile/reg_0_reg[4]
  -------------------------------------------------------------------
                         required time                         -1.743    
                         arrival time                           1.932    
  -------------------------------------------------------------------
                         slack                                  0.189    

Slack (MET) :             0.199ns  (arrival time - required time)
  Source:                 fsm/cooldown_reg[0]/C
                            (rising edge-triggered cell FDRE clocked by sys_clk_pin  {rise@0.000ns fall@5.000ns period=10.000ns})
  Destination:            fsm/cooldown_reg[2]/D
                            (rising edge-triggered cell FDRE clocked by sys_clk_pin  {rise@0.000ns fall@5.000ns period=10.000ns})
  Path Group:             sys_clk_pin
  Path Type:              Hold (Min at Fast Process Corner)
  Requirement:            0.000ns  (sys_clk_pin rise@0.000ns - sys_clk_pin rise@0.000ns)
  Data Path Delay:        0.319ns  (logic 0.189ns (59.230%)  route 0.130ns (40.770%))
  Logic Levels:           1  (LUT4=1)
  Clock Path Skew:        0.013ns (DCD - SCD - CPR)
    Destination Clock Delay (DCD):    2.181ns
    Source Clock Delay      (SCD):    1.658ns
    Clock Pessimism Removal (CPR):    0.510ns

    Location             Delay type                Incr(ns)  Path(ns)    Netlist Resource(s)
  -------------------------------------------------------------------    -------------------
                         (clock sys_clk_pin rise edge)
                                                      0.000     0.000 r  
    R4                                                0.000     0.000 r  clk (IN)
                         net (fo=0)                   0.000     0.000    clk
    R4                   IBUF (Prop_ibuf_I_O)         0.243     0.243 r  clk_IBUF_inst/O
                         net (fo=1, routed)           0.676     0.919    clk_IBUF
    BUFGCTRL_X0Y0        BUFG (Prop_bufg_I_O)         0.026     0.945 r  clk_IBUF_BUFG_inst/O
                         net (fo=253, routed)         0.713     1.658    fsm/CLK
    SLICE_X0Y71          FDRE                                         r  fsm/cooldown_reg[0]/C
  -------------------------------------------------------------------    -------------------
    SLICE_X0Y71          FDRE (Prop_fdre_C_Q)         0.141     1.799 r  fsm/cooldown_reg[0]/Q
                         net (fo=6, routed)           0.130     1.929    fsm/cooldown_reg_n_0_[0]
    SLICE_X1Y71          LUT4 (Prop_lut4_I2_O)        0.048     1.977 r  fsm/cooldown[2]_i_1/O
                         net (fo=1, routed)           0.000     1.977    fsm/cooldown[2]
    SLICE_X1Y71          FDRE                                         r  fsm/cooldown_reg[2]/D
  -------------------------------------------------------------------    -------------------

                         (clock sys_clk_pin rise edge)
                                                      0.000     0.000 r  
    R4                                                0.000     0.000 r  clk (IN)
                         net (fo=0)                   0.000     0.000    clk
    R4                   IBUF (Prop_ibuf_I_O)         0.431     0.431 r  clk_IBUF_inst/O
                         net (fo=1, routed)           0.734     1.165    clk_IBUF
    BUFGCTRL_X0Y0        BUFG (Prop_bufg_I_O)         0.029     1.194 r  clk_IBUF_BUFG_inst/O
                         net (fo=253, routed)         0.988     2.181    fsm/CLK
    SLICE_X1Y71          FDRE                                         r  fsm/cooldown_reg[2]/C
                         clock pessimism             -0.510     1.671    
    SLICE_X1Y71          FDRE (Hold_fdre_C_D)         0.107     1.778    fsm/cooldown_reg[2]
  -------------------------------------------------------------------
                         required time                         -1.778    
                         arrival time                           1.977    
  -------------------------------------------------------------------
                         slack                                  0.199    

Slack (MET) :             0.212ns  (arrival time - required time)
  Source:                 fsm/cooldown_reg[0]/C
                            (rising edge-triggered cell FDRE clocked by sys_clk_pin  {rise@0.000ns fall@5.000ns period=10.000ns})
  Destination:            fsm/cooldown_reg[1]/D
                            (rising edge-triggered cell FDRE clocked by sys_clk_pin  {rise@0.000ns fall@5.000ns period=10.000ns})
  Path Group:             sys_clk_pin
  Path Type:              Hold (Min at Fast Process Corner)
  Requirement:            0.000ns  (sys_clk_pin rise@0.000ns - sys_clk_pin rise@0.000ns)
  Data Path Delay:        0.316ns  (logic 0.186ns (58.843%)  route 0.130ns (41.157%))
  Logic Levels:           1  (LUT3=1)
  Clock Path Skew:        0.013ns (DCD - SCD - CPR)
    Destination Clock Delay (DCD):    2.181ns
    Source Clock Delay      (SCD):    1.658ns
    Clock Pessimism Removal (CPR):    0.510ns

    Location             Delay type                Incr(ns)  Path(ns)    Netlist Resource(s)
  -------------------------------------------------------------------    -------------------
                         (clock sys_clk_pin rise edge)
                                                      0.000     0.000 r  
    R4                                                0.000     0.000 r  clk (IN)
                         net (fo=0)                   0.000     0.000    clk
    R4                   IBUF (Prop_ibuf_I_O)         0.243     0.243 r  clk_IBUF_inst/O
                         net (fo=1, routed)           0.676     0.919    clk_IBUF
    BUFGCTRL_X0Y0        BUFG (Prop_bufg_I_O)         0.026     0.945 r  clk_IBUF_BUFG_inst/O
                         net (fo=253, routed)         0.713     1.658    fsm/CLK
    SLICE_X0Y71          FDRE                                         r  fsm/cooldown_reg[0]/C
  -------------------------------------------------------------------    -------------------
    SLICE_X0Y71          FDRE (Prop_fdre_C_Q)         0.141     1.799 r  fsm/cooldown_reg[0]/Q
                         net (fo=6, routed)           0.130     1.929    fsm/cooldown_reg_n_0_[0]
    SLICE_X1Y71          LUT3 (Prop_lut3_I1_O)        0.045     1.974 r  fsm/cooldown[1]_i_1/O
                         net (fo=1, routed)           0.000     1.974    fsm/cooldown[1]
    SLICE_X1Y71          FDRE                                         r  fsm/cooldown_reg[1]/D
  -------------------------------------------------------------------    -------------------

                         (clock sys_clk_pin rise edge)
                                                      0.000     0.000 r  
    R4                                                0.000     0.000 r  clk (IN)
                         net (fo=0)                   0.000     0.000    clk
    R4                   IBUF (Prop_ibuf_I_O)         0.431     0.431 r  clk_IBUF_inst/O
                         net (fo=1, routed)           0.734     1.165    clk_IBUF
    BUFGCTRL_X0Y0        BUFG (Prop_bufg_I_O)         0.029     1.194 r  clk_IBUF_BUFG_inst/O
                         net (fo=253, routed)         0.988     2.181    fsm/CLK
    SLICE_X1Y71          FDRE                                         r  fsm/cooldown_reg[1]/C
                         clock pessimism             -0.510     1.671    
    SLICE_X1Y71          FDRE (Hold_fdre_C_D)         0.091     1.762    fsm/cooldown_reg[1]
  -------------------------------------------------------------------
                         required time                         -1.762    
                         arrival time                           1.974    
  -------------------------------------------------------------------
                         slack                                  0.212    

Slack (MET) :             0.212ns  (arrival time - required time)
  Source:                 fsm/cooldown_reg[0]/C
                            (rising edge-triggered cell FDRE clocked by sys_clk_pin  {rise@0.000ns fall@5.000ns period=10.000ns})
  Destination:            fsm/cooldown_reg[4]/D
                            (rising edge-triggered cell FDRE clocked by sys_clk_pin  {rise@0.000ns fall@5.000ns period=10.000ns})
  Path Group:             sys_clk_pin
  Path Type:              Hold (Min at Fast Process Corner)
  Requirement:            0.000ns  (sys_clk_pin rise@0.000ns - sys_clk_pin rise@0.000ns)
  Data Path Delay:        0.317ns  (logic 0.186ns (58.657%)  route 0.131ns (41.343%))
  Logic Levels:           1  (LUT6=1)
  Clock Path Skew:        0.013ns (DCD - SCD - CPR)
    Destination Clock Delay (DCD):    2.181ns
    Source Clock Delay      (SCD):    1.658ns
    Clock Pessimism Removal (CPR):    0.510ns

    Location             Delay type                Incr(ns)  Path(ns)    Netlist Resource(s)
  -------------------------------------------------------------------    -------------------
                         (clock sys_clk_pin rise edge)
                                                      0.000     0.000 r  
    R4                                                0.000     0.000 r  clk (IN)
                         net (fo=0)                   0.000     0.000    clk
    R4                   IBUF (Prop_ibuf_I_O)         0.243     0.243 r  clk_IBUF_inst/O
                         net (fo=1, routed)           0.676     0.919    clk_IBUF
    BUFGCTRL_X0Y0        BUFG (Prop_bufg_I_O)         0.026     0.945 r  clk_IBUF_BUFG_inst/O
                         net (fo=253, routed)         0.713     1.658    fsm/CLK
    SLICE_X0Y71          FDRE                                         r  fsm/cooldown_reg[0]/C
  -------------------------------------------------------------------    -------------------
    SLICE_X0Y71          FDRE (Prop_fdre_C_Q)         0.141     1.799 r  fsm/cooldown_reg[0]/Q
                         net (fo=6, routed)           0.131     1.930    fsm/cooldown_reg_n_0_[0]
    SLICE_X1Y71          LUT6 (Prop_lut6_I2_O)        0.045     1.975 r  fsm/cooldown[4]_i_2/O
                         net (fo=1, routed)           0.000     1.975    fsm/cooldown[4]
    SLICE_X1Y71          FDRE                                         r  fsm/cooldown_reg[4]/D
  -------------------------------------------------------------------    -------------------

                         (clock sys_clk_pin rise edge)
                                                      0.000     0.000 r  
    R4                                                0.000     0.000 r  clk (IN)
                         net (fo=0)                   0.000     0.000    clk
    R4                   IBUF (Prop_ibuf_I_O)         0.431     0.431 r  clk_IBUF_inst/O
                         net (fo=1, routed)           0.734     1.165    clk_IBUF
    BUFGCTRL_X0Y0        BUFG (Prop_bufg_I_O)         0.029     1.194 r  clk_IBUF_BUFG_inst/O
                         net (fo=253, routed)         0.988     2.181    fsm/CLK
    SLICE_X1Y71          FDRE                                         r  fsm/cooldown_reg[4]/C
                         clock pessimism             -0.510     1.671    
    SLICE_X1Y71          FDRE (Hold_fdre_C_D)         0.092     1.763    fsm/cooldown_reg[4]
  -------------------------------------------------------------------
                         required time                         -1.763    
                         arrival time                           1.975    
  -------------------------------------------------------------------
                         slack                                  0.212    

Slack (MET) :             0.217ns  (arrival time - required time)
  Source:                 fsm/i_wr_data_reg[12]/C
                            (rising edge-triggered cell FDRE clocked by sys_clk_pin  {rise@0.000ns fall@5.000ns period=10.000ns})
  Destination:            regfile/reg_0_reg[12]/D
                            (rising edge-triggered cell FDRE clocked by sys_clk_pin  {rise@0.000ns fall@5.000ns period=10.000ns})
  Path Group:             sys_clk_pin
  Path Type:              Hold (Min at Fast Process Corner)
  Requirement:            0.000ns  (sys_clk_pin rise@0.000ns - sys_clk_pin rise@0.000ns)
  Data Path Delay:        0.300ns  (logic 0.164ns (54.617%)  route 0.136ns (45.383%))
  Logic Levels:           0  
  Clock Path Skew:        0.017ns (DCD - SCD - CPR)
    Destination Clock Delay (DCD):    2.189ns
    Source Clock Delay      (SCD):    1.662ns
    Clock Pessimism Removal (CPR):    0.510ns

    Location             Delay type                Incr(ns)  Path(ns)    Netlist Resource(s)
  -------------------------------------------------------------------    -------------------
                         (clock sys_clk_pin rise edge)
                                                      0.000     0.000 r  
    R4                                                0.000     0.000 r  clk (IN)
                         net (fo=0)                   0.000     0.000    clk
    R4                   IBUF (Prop_ibuf_I_O)         0.243     0.243 r  clk_IBUF_inst/O
                         net (fo=1, routed)           0.676     0.919    clk_IBUF
    BUFGCTRL_X0Y0        BUFG (Prop_bufg_I_O)         0.026     0.945 r  clk_IBUF_BUFG_inst/O
                         net (fo=253, routed)         0.717     1.662    fsm/CLK
    SLICE_X6Y62          FDRE                                         r  fsm/i_wr_data_reg[12]/C
  -------------------------------------------------------------------    -------------------
    SLICE_X6Y62          FDRE (Prop_fdre_C_Q)         0.164     1.826 r  fsm/i_wr_data_reg[12]/Q
                         net (fo=6, routed)           0.136     1.963    regfile/D[11]
    SLICE_X7Y61          FDRE                                         r  regfile/reg_0_reg[12]/D
  -------------------------------------------------------------------    -------------------

                         (clock sys_clk_pin rise edge)
                                                      0.000     0.000 r  
    R4                                                0.000     0.000 r  clk (IN)
                         net (fo=0)                   0.000     0.000    clk
    R4                   IBUF (Prop_ibuf_I_O)         0.431     0.431 r  clk_IBUF_inst/O
                         net (fo=1, routed)           0.734     1.165    clk_IBUF
    BUFGCTRL_X0Y0        BUFG (Prop_bufg_I_O)         0.029     1.194 r  clk_IBUF_BUFG_inst/O
                         net (fo=253, routed)         0.996     2.189    regfile/CLK
    SLICE_X7Y61          FDRE                                         r  regfile/reg_0_reg[12]/C
                         clock pessimism             -0.510     1.679    
    SLICE_X7Y61          FDRE (Hold_fdre_C_D)         0.066     1.745    regfile/reg_0_reg[12]
  -------------------------------------------------------------------
                         required time                         -1.745    
                         arrival time                           1.963    
  -------------------------------------------------------------------
                         slack                                  0.217    





Pulse Width Checks
--------------------------------------------------------------------------------------
Clock Name:         sys_clk_pin
Waveform(ns):       { 0.000 5.000 }
Period(ns):         10.000
Sources:            { clk }

Check Type        Corner  Lib Pin  Reference Pin  Required(ns)  Actual(ns)  Slack(ns)  Location       Pin
Min Period        n/a     BUFG/I   n/a            2.155         10.000      7.845      BUFGCTRL_X0Y0  clk_IBUF_BUFG_inst/I
Min Period        n/a     FDRE/C   n/a            1.000         10.000      9.000      SLICE_X5Y73    btn_reg/reg_reg[0]/C
Min Period        n/a     FDRE/C   n/a            1.000         10.000      9.000      SLICE_X5Y73    btn_reg/reg_reg[1]/C
Min Period        n/a     FDRE/C   n/a            1.000         10.000      9.000      SLICE_X3Y71    btn_reg/reg_reg[2]/C
Min Period        n/a     FDRE/C   n/a            1.000         10.000      9.000      SLICE_X3Y71    btn_reg/reg_reg[3]/C
Min Period        n/a     FDRE/C   n/a            1.000         10.000      9.000      SLICE_X3Y71    btn_reg/reg_reg[4]/C
Min Period        n/a     FDRE/C   n/a            1.000         10.000      9.000      SLICE_X4Y71    btn_reg/reg_reg[6]/C
Min Period        n/a     FDRE/C   n/a            1.000         10.000      9.000      SLICE_X5Y73    btn_reg/reg_reg[7]/C
Min Period        n/a     FDRE/C   n/a            1.000         10.000      9.000      SLICE_X5Y71    fsm/FSM_sequential_state_reg[0]/C
Min Period        n/a     FDRE/C   n/a            1.000         10.000      9.000      SLICE_X5Y71    fsm/FSM_sequential_state_reg[1]/C
Low Pulse Width   Slow    FDRE/C   n/a            0.500         5.000       4.500      SLICE_X5Y73    btn_reg/reg_reg[0]/C
Low Pulse Width   Fast    FDRE/C   n/a            0.500         5.000       4.500      SLICE_X5Y73    btn_reg/reg_reg[0]/C
Low Pulse Width   Slow    FDRE/C   n/a            0.500         5.000       4.500      SLICE_X5Y73    btn_reg/reg_reg[1]/C
Low Pulse Width   Fast    FDRE/C   n/a            0.500         5.000       4.500      SLICE_X5Y73    btn_reg/reg_reg[1]/C
Low Pulse Width   Slow    FDRE/C   n/a            0.500         5.000       4.500      SLICE_X3Y71    btn_reg/reg_reg[2]/C
Low Pulse Width   Fast    FDRE/C   n/a            0.500         5.000       4.500      SLICE_X3Y71    btn_reg/reg_reg[2]/C
Low Pulse Width   Slow    FDRE/C   n/a            0.500         5.000       4.500      SLICE_X3Y71    btn_reg/reg_reg[3]/C
Low Pulse Width   Fast    FDRE/C   n/a            0.500         5.000       4.500      SLICE_X3Y71    btn_reg/reg_reg[3]/C
Low Pulse Width   Slow    FDRE/C   n/a            0.500         5.000       4.500      SLICE_X3Y71    btn_reg/reg_reg[4]/C
Low Pulse Width   Fast    FDRE/C   n/a            0.500         5.000       4.500      SLICE_X3Y71    btn_reg/reg_reg[4]/C
High Pulse Width  Slow    FDRE/C   n/a            0.500         5.000       4.500      SLICE_X5Y73    btn_reg/reg_reg[0]/C
High Pulse Width  Fast    FDRE/C   n/a            0.500         5.000       4.500      SLICE_X5Y73    btn_reg/reg_reg[0]/C
High Pulse Width  Slow    FDRE/C   n/a            0.500         5.000       4.500      SLICE_X5Y73    btn_reg/reg_reg[1]/C
High Pulse Width  Fast    FDRE/C   n/a            0.500         5.000       4.500      SLICE_X5Y73    btn_reg/reg_reg[1]/C
High Pulse Width  Slow    FDRE/C   n/a            0.500         5.000       4.500      SLICE_X3Y71    btn_reg/reg_reg[2]/C
High Pulse Width  Fast    FDRE/C   n/a            0.500         5.000       4.500      SLICE_X3Y71    btn_reg/reg_reg[2]/C
High Pulse Width  Slow    FDRE/C   n/a            0.500         5.000       4.500      SLICE_X3Y71    btn_reg/reg_reg[3]/C
High Pulse Width  Fast    FDRE/C   n/a            0.500         5.000       4.500      SLICE_X3Y71    btn_reg/reg_reg[3]/C
High Pulse Width  Slow    FDRE/C   n/a            0.500         5.000       4.500      SLICE_X3Y71    btn_reg/reg_reg[4]/C
High Pulse Width  Fast    FDRE/C   n/a            0.500         5.000       4.500      SLICE_X3Y71    btn_reg/reg_reg[4]/C



--------------------------------------------------------------------------------------
Path Group:  (none)
From Clock:  sys_clk_pin
  To Clock:  

Max Delay            11 Endpoints
Min Delay            11 Endpoints
--------------------------------------------------------------------------------------


Max Delay Paths
--------------------------------------------------------------------------------------
Slack:                    inf
  Source:                 regfile/reg_3_reg[6]/C
                            (rising edge-triggered cell FDSE clocked by sys_clk_pin  {rise@0.000ns fall@5.000ns period=10.000ns})
  Destination:            pwm_out[3]
                            (output port)
  Path Group:             (none)
  Path Type:              Max at Slow Process Corner
  Data Path Delay:        18.715ns  (logic 5.981ns (31.958%)  route 12.734ns (68.042%))
  Logic Levels:           8  (CARRY4=2 LUT3=1 LUT5=1 LUT6=3 OBUF=1)
  Clock Uncertainty:      0.025ns  ((TSJ^2 + TIJ^2)^1/2 + DJ) / 2 + PE
    Total System Jitter     (TSJ):    0.050ns
    Total Input Jitter      (TIJ):    0.000ns
    Discrete Jitter          (DJ):    0.000ns
    Phase Error              (PE):    0.000ns

    Location             Delay type                Incr(ns)  Path(ns)    Netlist Resource(s)
  -------------------------------------------------------------------    -------------------
                         (clock sys_clk_pin rise edge)
                                                      0.000     0.000 r  
    R4                                                0.000     0.000 r  clk (IN)
                         net (fo=0)                   0.000     0.000    clk
    R4                   IBUF (Prop_ibuf_I_O)         1.475     1.475 r  clk_IBUF_inst/O
                         net (fo=1, routed)           2.114     3.589    clk_IBUF
    BUFGCTRL_X0Y0        BUFG (Prop_bufg_I_O)         0.096     3.685 r  clk_IBUF_BUFG_inst/O
                         net (fo=253, routed)         1.944     5.629    regfile/CLK
    SLICE_X14Y57         FDSE                                         r  regfile/reg_3_reg[6]/C
  -------------------------------------------------------------------    -------------------
    SLICE_X14Y57         FDSE (Prop_fdse_C_Q)         0.518     6.147 f  regfile/reg_3_reg[6]/Q
                         net (fo=5, routed)           1.045     7.192    regfile/raw_3[6]
    SLICE_X14Y58         LUT6 (Prop_lut6_I0_O)        0.124     7.316 f  regfile/bounded_add2__0_carry_i_41/O
                         net (fo=1, routed)           0.452     7.768    regfile/bounded_add2__0_carry_i_41_n_0
    SLICE_X14Y58         LUT6 (Prop_lut6_I1_O)        0.124     7.892 r  regfile/bounded_add2__0_carry_i_31/O
                         net (fo=16, routed)          0.604     8.496    regfile/bounded_add2__0_carry_i_31_n_0
    SLICE_X14Y60         LUT6 (Prop_lut6_I1_O)        0.124     8.620 f  regfile/i__carry_i_11__2/O
                         net (fo=11, routed)          1.154     9.774    regfile/reg_3_reg[15]_0
    SLICE_X14Y59         LUT3 (Prop_lut3_I2_O)        0.150     9.924 f  regfile/i__carry__0_i_9__0/O
                         net (fo=1, routed)           1.035    10.959    regfile/i__carry__0_i_9__0_n_0
    SLICE_X14Y59         LUT5 (Prop_lut5_I4_O)        0.356    11.315 r  regfile/i__carry__0_i_1__3/O
                         net (fo=1, routed)           0.193    11.509    pwm/pwm_out0_inferred__2/i__carry__1_0[3]
    SLICE_X15Y59         CARRY4 (Prop_carry4_DI[3]_CO[3])
                                                      0.609    12.118 r  pwm/pwm_out0_inferred__2/i__carry__0/CO[3]
                         net (fo=1, routed)           0.000    12.118    pwm/pwm_out0_inferred__2/i__carry__0_n_0
    SLICE_X15Y60         CARRY4 (Prop_carry4_CI_CO[2])
                                                      0.228    12.346 r  pwm/pwm_out0_inferred__2/i__carry__1/CO[2]
                         net (fo=1, routed)           8.250    20.596    pwm_out_OBUF[3]
    W7                   OBUF (Prop_obuf_I_O)         3.748    24.344 r  pwm_out_OBUF[3]_inst/O
                         net (fo=0)                   0.000    24.344    pwm_out[3]
    W7                                                                r  pwm_out[3] (OUT)
  -------------------------------------------------------------------    -------------------

Slack:                    inf
  Source:                 regfile/reg_0_reg[17]/C
                            (rising edge-triggered cell FDSE clocked by sys_clk_pin  {rise@0.000ns fall@5.000ns period=10.000ns})
  Destination:            pwm_out[0]
                            (output port)
  Path Group:             (none)
  Path Type:              Max at Slow Process Corner
  Data Path Delay:        18.273ns  (logic 5.848ns (32.005%)  route 12.425ns (67.995%))
  Logic Levels:           8  (CARRY4=3 LUT2=1 LUT4=1 LUT5=1 LUT6=1 OBUF=1)
  Clock Uncertainty:      0.025ns  ((TSJ^2 + TIJ^2)^1/2 + DJ) / 2 + PE
    Total System Jitter     (TSJ):    0.050ns
    Total Input Jitter      (TIJ):    0.000ns
    Discrete Jitter          (DJ):    0.000ns
    Phase Error              (PE):    0.000ns

    Location             Delay type                Incr(ns)  Path(ns)    Netlist Resource(s)
  -------------------------------------------------------------------    -------------------
                         (clock sys_clk_pin rise edge)
                                                      0.000     0.000 r  
    R4                                                0.000     0.000 r  clk (IN)
                         net (fo=0)                   0.000     0.000    clk
    R4                   IBUF (Prop_ibuf_I_O)         1.475     1.475 r  clk_IBUF_inst/O
                         net (fo=1, routed)           2.114     3.589    clk_IBUF
    BUFGCTRL_X0Y0        BUFG (Prop_bufg_I_O)         0.096     3.685 r  clk_IBUF_BUFG_inst/O
                         net (fo=253, routed)         2.020     5.705    regfile/CLK
    SLICE_X6Y61          FDSE                                         r  regfile/reg_0_reg[17]/C
  -------------------------------------------------------------------    -------------------
    SLICE_X6Y61          FDSE (Prop_fdse_C_Q)         0.518     6.223 r  regfile/reg_0_reg[17]/Q
                         net (fo=9, routed)           0.681     6.904    regfile/Q[10]
    SLICE_X7Y60          LUT4 (Prop_lut4_I1_O)        0.124     7.028 f  regfile/pwm_out0_carry_i_15/O
                         net (fo=1, routed)           1.062     8.089    regfile/pwm_out0_carry_i_15_n_0
    SLICE_X6Y57          LUT6 (Prop_lut6_I0_O)        0.124     8.213 r  regfile/pwm_out0_carry_i_10/O
                         net (fo=23, routed)          0.481     8.694    regfile/reg_0_reg[9]_0
    SLICE_X7Y58          LUT2 (Prop_lut2_I1_O)        0.118     8.812 r  regfile/pwm_out0_carry_i_12/O
                         net (fo=16, routed)          1.267    10.079    regfile/reg_0_reg[11]_0
    SLICE_X6Y58          LUT5 (Prop_lut5_I3_O)        0.326    10.405 r  regfile/pwm_out0_carry_i_7/O
                         net (fo=1, routed)           0.000    10.405    pwm/S[0]
    SLICE_X6Y58          CARRY4 (Prop_carry4_S[1]_CO[3])
                                                      0.533    10.938 r  pwm/pwm_out0_carry/CO[3]
                         net (fo=1, routed)           0.000    10.938    pwm/pwm_out0_carry_n_0
    SLICE_X6Y59          CARRY4 (Prop_carry4_CI_CO[3])
                                                      0.117    11.055 r  pwm/pwm_out0_carry__0/CO[3]
                         net (fo=1, routed)           0.000    11.055    pwm/pwm_out0_carry__0_n_0
    SLICE_X6Y60          CARRY4 (Prop_carry4_CI_CO[2])
                                                      0.229    11.284 r  pwm/pwm_out0_carry__1/CO[2]
                         net (fo=1, routed)           8.935    20.219    pwm_out_OBUF[0]
    V9                   OBUF (Prop_obuf_I_O)         3.759    23.978 r  pwm_out_OBUF[0]_inst/O
                         net (fo=0)                   0.000    23.978    pwm_out[0]
    V9                                                                r  pwm_out[0] (OUT)
  -------------------------------------------------------------------    -------------------

Slack:                    inf
  Source:                 regfile/reg_2_reg[17]/C
                            (rising edge-triggered cell FDSE clocked by sys_clk_pin  {rise@0.000ns fall@5.000ns period=10.000ns})
  Destination:            pwm_out[2]
                            (output port)
  Path Group:             (none)
  Path Type:              Max at Slow Process Corner
  Data Path Delay:        18.334ns  (logic 5.385ns (29.372%)  route 12.949ns (70.628%))
  Logic Levels:           7  (CARRY4=2 LUT3=1 LUT6=3 OBUF=1)
  Clock Uncertainty:      0.025ns  ((TSJ^2 + TIJ^2)^1/2 + DJ) / 2 + PE
    Total System Jitter     (TSJ):    0.050ns
    Total Input Jitter      (TIJ):    0.000ns
    Discrete Jitter          (DJ):    0.000ns
    Phase Error              (PE):    0.000ns

    Location             Delay type                Incr(ns)  Path(ns)    Netlist Resource(s)
  -------------------------------------------------------------------    -------------------
                         (clock sys_clk_pin rise edge)
                                                      0.000     0.000 r  
    R4                                                0.000     0.000 r  clk (IN)
                         net (fo=0)                   0.000     0.000    clk
    R4                   IBUF (Prop_ibuf_I_O)         1.475     1.475 r  clk_IBUF_inst/O
                         net (fo=1, routed)           2.114     3.589    clk_IBUF
    BUFGCTRL_X0Y0        BUFG (Prop_bufg_I_O)         0.096     3.685 r  clk_IBUF_BUFG_inst/O
                         net (fo=253, routed)         1.945     5.630    regfile/CLK
    SLICE_X10Y60         FDSE                                         r  regfile/reg_2_reg[17]/C
  -------------------------------------------------------------------    -------------------
    SLICE_X10Y60         FDSE (Prop_fdse_C_Q)         0.518     6.148 f  regfile/reg_2_reg[17]/Q
                         net (fo=7, routed)           1.045     7.193    regfile/raw_2[17]
    SLICE_X10Y58         LUT6 (Prop_lut6_I1_O)        0.124     7.317 f  regfile/i__carry_i_15/O
                         net (fo=1, routed)           0.491     7.809    regfile/i__carry_i_15_n_0
    SLICE_X10Y57         LUT6 (Prop_lut6_I5_O)        0.124     7.933 f  regfile/i__carry_i_10/O
                         net (fo=34, routed)          1.069     9.002    regfile/reg_2_reg[9]_0
    SLICE_X11Y61         LUT3 (Prop_lut3_I0_O)        0.124     9.126 f  regfile/bounded_sub1_carry__0_i_10/O
                         net (fo=3, routed)           1.022    10.147    regfile/reg_2_reg[15]_0
    SLICE_X10Y56         LUT6 (Prop_lut6_I3_O)        0.124    10.271 r  regfile/i__carry__0_i_1__4/O
                         net (fo=1, routed)           0.548    10.819    pwm/pwm_out0_inferred__1/i__carry__1_0[3]
    SLICE_X11Y57         CARRY4 (Prop_carry4_DI[3]_CO[3])
                                                      0.385    11.204 r  pwm/pwm_out0_inferred__1/i__carry__0/CO[3]
                         net (fo=1, routed)           0.000    11.204    pwm/pwm_out0_inferred__1/i__carry__0_n_0
    SLICE_X11Y58         CARRY4 (Prop_carry4_CI_CO[2])
                                                      0.228    11.432 r  pwm/pwm_out0_inferred__1/i__carry__1/CO[2]
                         net (fo=1, routed)           8.774    20.206    pwm_out_OBUF[2]
    V7                   OBUF (Prop_obuf_I_O)         3.758    23.964 r  pwm_out_OBUF[2]_inst/O
                         net (fo=0)                   0.000    23.964    pwm_out[2]
    V7                                                                r  pwm_out[2] (OUT)
  -------------------------------------------------------------------    -------------------

Slack:                    inf
  Source:                 regfile/reg_1_reg[1]/C
                            (rising edge-triggered cell FDRE clocked by sys_clk_pin  {rise@0.000ns fall@5.000ns period=10.000ns})
  Destination:            pwm_out[1]
                            (output port)
  Path Group:             (none)
  Path Type:              Max at Slow Process Corner
  Data Path Delay:        17.899ns  (logic 5.522ns (30.851%)  route 12.377ns (69.149%))
  Logic Levels:           8  (CARRY4=3 LUT6=4 OBUF=1)
  Clock Uncertainty:      0.025ns  ((TSJ^2 + TIJ^2)^1/2 + DJ) / 2 + PE
    Total System Jitter     (TSJ):    0.050ns
    Total Input Jitter      (TIJ):    0.000ns
    Discrete Jitter          (DJ):    0.000ns
    Phase Error              (PE):    0.000ns

    Location             Delay type                Incr(ns)  Path(ns)    Netlist Resource(s)
  -------------------------------------------------------------------    -------------------
                         (clock sys_clk_pin rise edge)
                                                      0.000     0.000 r  
    R4                                                0.000     0.000 r  clk (IN)
                         net (fo=0)                   0.000     0.000    clk
    R4                   IBUF (Prop_ibuf_I_O)         1.475     1.475 r  clk_IBUF_inst/O
                         net (fo=1, routed)           2.114     3.589    clk_IBUF
    BUFGCTRL_X0Y0        BUFG (Prop_bufg_I_O)         0.096     3.685 r  clk_IBUF_BUFG_inst/O
                         net (fo=253, routed)         1.944     5.629    regfile/CLK
    SLICE_X16Y58         FDRE                                         r  regfile/reg_1_reg[1]/C
  -------------------------------------------------------------------    -------------------
    SLICE_X16Y58         FDRE (Prop_fdre_C_Q)         0.518     6.147 f  regfile/reg_1_reg[1]/Q
                         net (fo=5, routed)           1.007     7.154    regfile/reg_1_reg[1]_0[0]
    SLICE_X13Y58         LUT6 (Prop_lut6_I1_O)        0.124     7.278 f  regfile/bounded_add2__0_carry_i_40/O
                         net (fo=1, routed)           0.263     7.541    regfile/bounded_add2__0_carry_i_40_n_0
    SLICE_X13Y58         LUT6 (Prop_lut6_I1_O)        0.124     7.665 r  regfile/bounded_add2__0_carry_i_27/O
                         net (fo=16, routed)          1.156     8.821    regfile/bounded_add2__0_carry_i_27_n_0
    SLICE_X15Y61         LUT6 (Prop_lut6_I5_O)        0.124     8.945 f  regfile/i__carry_i_10__1/O
                         net (fo=8, routed)           1.158    10.103    regfile/i__carry_i_10__1_n_0
    SLICE_X17Y58         LUT6 (Prop_lut6_I2_O)        0.124    10.227 r  regfile/i__carry_i_2__2/O
                         net (fo=1, routed)           0.519    10.746    pwm/pwm_out0_inferred__0/i__carry__0_0[2]
    SLICE_X16Y58         CARRY4 (Prop_carry4_DI[2]_CO[3])
                                                      0.404    11.150 r  pwm/pwm_out0_inferred__0/i__carry/CO[3]
                         net (fo=1, routed)           0.000    11.150    pwm/pwm_out0_inferred__0/i__carry_n_0
    SLICE_X16Y59         CARRY4 (Prop_carry4_CI_CO[3])
                                                      0.117    11.267 r  pwm/pwm_out0_inferred__0/i__carry__0/CO[3]
                         net (fo=1, routed)           0.000    11.267    pwm/pwm_out0_inferred__0/i__carry__0_n_0
    SLICE_X16Y60         CARRY4 (Prop_carry4_CI_CO[2])
                                                      0.229    11.496 r  pwm/pwm_out0_inferred__0/i__carry__1/CO[2]
                         net (fo=1, routed)           8.274    19.770    pwm_out_OBUF[1]
    V8                   OBUF (Prop_obuf_I_O)         3.758    23.528 r  pwm_out_OBUF[1]_inst/O
                         net (fo=0)                   0.000    23.528    pwm_out[1]
    V8                                                                r  pwm_out[1] (OUT)
  -------------------------------------------------------------------    -------------------

Slack:                    inf
  Source:                 regfile/reg_5_reg[13]/C
                            (rising edge-triggered cell FDRE clocked by sys_clk_pin  {rise@0.000ns fall@5.000ns period=10.000ns})
  Destination:            pwm_out[5]
                            (output port)
  Path Group:             (none)
  Path Type:              Max at Slow Process Corner
  Data Path Delay:        16.351ns  (logic 5.880ns (35.962%)  route 10.471ns (64.038%))
  Logic Levels:           7  (CARRY4=2 LUT3=2 LUT4=1 LUT6=1 OBUF=1)
  Clock Uncertainty:      0.025ns  ((TSJ^2 + TIJ^2)^1/2 + DJ) / 2 + PE
    Total System Jitter     (TSJ):    0.050ns
    Total Input Jitter      (TIJ):    0.000ns
    Discrete Jitter          (DJ):    0.000ns
    Phase Error              (PE):    0.000ns

    Location             Delay type                Incr(ns)  Path(ns)    Netlist Resource(s)
  -------------------------------------------------------------------    -------------------
                         (clock sys_clk_pin rise edge)
                                                      0.000     0.000 r  
    R4                                                0.000     0.000 r  clk (IN)
                         net (fo=0)                   0.000     0.000    clk
    R4                   IBUF (Prop_ibuf_I_O)         1.475     1.475 r  clk_IBUF_inst/O
                         net (fo=1, routed)           2.114     3.589    clk_IBUF
    BUFGCTRL_X0Y0        BUFG (Prop_bufg_I_O)         0.096     3.685 r  clk_IBUF_BUFG_inst/O
                         net (fo=253, routed)         2.019     5.704    regfile/CLK
    SLICE_X4Y62          FDRE                                         r  regfile/reg_5_reg[13]/C
  -------------------------------------------------------------------    -------------------
    SLICE_X4Y62          FDRE (Prop_fdre_C_Q)         0.456     6.160 r  regfile/reg_5_reg[13]/Q
                         net (fo=13, routed)          1.035     7.195    regfile/reg_5_reg[14]_0[9]
    SLICE_X3Y63          LUT3 (Prop_lut3_I1_O)        0.152     7.347 r  regfile/i___0_carry_i_14/O
                         net (fo=2, routed)           0.670     8.017    regfile/i___0_carry_i_14_n_0
    SLICE_X2Y58          LUT6 (Prop_lut6_I4_O)        0.326     8.343 f  regfile/i___0_carry_i_9/O
                         net (fo=36, routed)          0.673     9.016    regfile/reg_5_reg[17]_0
    SLICE_X2Y57          LUT3 (Prop_lut3_I1_O)        0.116     9.132 r  regfile/i___0_carry__1_i_10/O
                         net (fo=12, routed)          1.450    10.582    regfile/reg_5_reg[9]_2
    SLICE_X5Y60          LUT4 (Prop_lut4_I2_O)        0.328    10.910 r  regfile/i__carry__0_i_8__1/O
                         net (fo=1, routed)           0.000    10.910    pwm/pwm_out0_inferred__4/i__carry__1_1[0]
    SLICE_X5Y60          CARRY4 (Prop_carry4_S[0]_CO[3])
                                                      0.532    11.442 r  pwm/pwm_out0_inferred__4/i__carry__0/CO[3]
                         net (fo=1, routed)           0.000    11.442    pwm/pwm_out0_inferred__4/i__carry__0_n_0
    SLICE_X5Y61          CARRY4 (Prop_carry4_CI_CO[2])
                                                      0.228    11.670 r  pwm/pwm_out0_inferred__4/i__carry__1/CO[2]
                         net (fo=1, routed)           6.643    18.313    pwm_out_OBUF[5]
    Y9                   OBUF (Prop_obuf_I_O)         3.742    22.055 r  pwm_out_OBUF[5]_inst/O
                         net (fo=0)                   0.000    22.055    pwm_out[5]
    Y9                                                                r  pwm_out[5] (OUT)
  -------------------------------------------------------------------    -------------------

Slack:                    inf
  Source:                 regfile/reg_4_reg[9]/C
                            (rising edge-triggered cell FDRE clocked by sys_clk_pin  {rise@0.000ns fall@5.000ns period=10.000ns})
  Destination:            pwm_out[4]
                            (output port)
  Path Group:             (none)
  Path Type:              Max at Slow Process Corner
  Data Path Delay:        15.671ns  (logic 5.495ns (35.062%)  route 10.177ns (64.938%))
  Logic Levels:           8  (CARRY4=3 LUT3=1 LUT5=1 LUT6=2 OBUF=1)
  Clock Uncertainty:      0.025ns  ((TSJ^2 + TIJ^2)^1/2 + DJ) / 2 + PE
    Total System Jitter     (TSJ):    0.050ns
    Total Input Jitter      (TIJ):    0.000ns
    Discrete Jitter          (DJ):    0.000ns
    Phase Error              (PE):    0.000ns

    Location             Delay type                Incr(ns)  Path(ns)    Netlist Resource(s)
  -------------------------------------------------------------------    -------------------
                         (clock sys_clk_pin rise edge)
                                                      0.000     0.000 r  
    R4                                                0.000     0.000 r  clk (IN)
                         net (fo=0)                   0.000     0.000    clk
    R4                   IBUF (Prop_ibuf_I_O)         1.475     1.475 r  clk_IBUF_inst/O
                         net (fo=1, routed)           2.114     3.589    clk_IBUF
    BUFGCTRL_X0Y0        BUFG (Prop_bufg_I_O)         0.096     3.685 r  clk_IBUF_BUFG_inst/O
                         net (fo=253, routed)         1.945     5.630    regfile/CLK
    SLICE_X10Y59         FDRE                                         r  regfile/reg_4_reg[9]/C
  -------------------------------------------------------------------    -------------------
    SLICE_X10Y59         FDRE (Prop_fdre_C_Q)         0.518     6.148 r  regfile/reg_4_reg[9]/Q
                         net (fo=5, routed)           1.119     7.267    regfile/reg_4_reg[16]_0[7]
    SLICE_X10Y60         LUT6 (Prop_lut6_I1_O)        0.124     7.391 r  regfile/i__carry_i_13__0/O
                         net (fo=1, routed)           0.612     8.003    regfile/i__carry_i_13__0_n_0
    SLICE_X10Y61         LUT6 (Prop_lut6_I0_O)        0.124     8.127 f  regfile/i__carry_i_9__0/O
                         net (fo=21, routed)          1.192     9.319    regfile/reg_4_reg[11]_0
    SLICE_X9Y58          LUT3 (Prop_lut3_I1_O)        0.124     9.443 r  regfile/i__carry_i_11__0/O
                         net (fo=2, routed)           0.797    10.240    regfile/i__carry_i_11__0_n_0
    SLICE_X9Y59          LUT5 (Prop_lut5_I3_O)        0.124    10.364 r  regfile/i__carry_i_6/O
                         net (fo=1, routed)           0.000    10.364    pwm/pwm_out0_inferred__3/i__carry__0_1[1]
    SLICE_X9Y59          CARRY4 (Prop_carry4_S[2]_CO[3])
                                                      0.398    10.762 r  pwm/pwm_out0_inferred__3/i__carry/CO[3]
                         net (fo=1, routed)           0.000    10.762    pwm/pwm_out0_inferred__3/i__carry_n_0
    SLICE_X9Y60          CARRY4 (Prop_carry4_CI_CO[3])
                                                      0.114    10.876 r  pwm/pwm_out0_inferred__3/i__carry__0/CO[3]
                         net (fo=1, routed)           0.000    10.876    pwm/pwm_out0_inferred__3/i__carry__0_n_0
    SLICE_X9Y61          CARRY4 (Prop_carry4_CI_CO[2])
                                                      0.228    11.104 r  pwm/pwm_out0_inferred__3/i__carry__1/CO[2]
                         net (fo=1, routed)           6.457    17.561    pwm_out_OBUF[4]
    W9                   OBUF (Prop_obuf_I_O)         3.741    21.301 r  pwm_out_OBUF[4]_inst/O
                         net (fo=0)                   0.000    21.301    pwm_out[4]
    W9                                                                r  pwm_out[4] (OUT)
  -------------------------------------------------------------------    -------------------

Slack:                    inf
  Source:                 nes/FSM_onehot_state_reg[5]/C
                            (rising edge-triggered cell FDRE clocked by sys_clk_pin  {rise@0.000ns fall@5.000ns period=10.000ns})
  Destination:            nes_pulse
                            (output port)
  Path Group:             (none)
  Path Type:              Max at Slow Process Corner
  Data Path Delay:        7.611ns  (logic 4.220ns (55.454%)  route 3.390ns (44.546%))
  Logic Levels:           1  (OBUF=1)
  Clock Uncertainty:      0.025ns  ((TSJ^2 + TIJ^2)^1/2 + DJ) / 2 + PE
    Total System Jitter     (TSJ):    0.050ns
    Total Input Jitter      (TIJ):    0.000ns
    Discrete Jitter          (DJ):    0.000ns
    Phase Error              (PE):    0.000ns

    Location             Delay type                Incr(ns)  Path(ns)    Netlist Resource(s)
  -------------------------------------------------------------------    -------------------
                         (clock sys_clk_pin rise edge)
                                                      0.000     0.000 r  
    R4                                                0.000     0.000 r  clk (IN)
                         net (fo=0)                   0.000     0.000    clk
    R4                   IBUF (Prop_ibuf_I_O)         1.475     1.475 r  clk_IBUF_inst/O
                         net (fo=1, routed)           2.114     3.589    clk_IBUF
    BUFGCTRL_X0Y0        BUFG (Prop_bufg_I_O)         0.096     3.685 r  clk_IBUF_BUFG_inst/O
                         net (fo=253, routed)         2.011     5.696    nes/CLK
    SLICE_X2Y78          FDRE                                         r  nes/FSM_onehot_state_reg[5]/C
  -------------------------------------------------------------------    -------------------
    SLICE_X2Y78          FDRE (Prop_fdre_C_Q)         0.478     6.174 r  nes/FSM_onehot_state_reg[5]/Q
                         net (fo=3, routed)           3.390     9.564    nes_pulse_OBUF
    AB21                 OBUF (Prop_obuf_I_O)         3.742    13.307 r  nes_pulse_OBUF_inst/O
                         net (fo=0)                   0.000    13.307    nes_pulse
    AB21                                                              r  nes_pulse (OUT)
  -------------------------------------------------------------------    -------------------

Slack:                    inf
  Source:                 nes/FSM_onehot_state_reg[1]/C
                            (rising edge-triggered cell FDRE clocked by sys_clk_pin  {rise@0.000ns fall@5.000ns period=10.000ns})
  Destination:            nes_latch
                            (output port)
  Path Group:             (none)
  Path Type:              Max at Slow Process Corner
  Data Path Delay:        7.370ns  (logic 4.034ns (54.726%)  route 3.337ns (45.274%))
  Logic Levels:           1  (OBUF=1)
  Clock Uncertainty:      0.025ns  ((TSJ^2 + TIJ^2)^1/2 + DJ) / 2 + PE
    Total System Jitter     (TSJ):    0.050ns
    Total Input Jitter      (TIJ):    0.000ns
    Discrete Jitter          (DJ):    0.000ns
    Phase Error              (PE):    0.000ns

    Location             Delay type                Incr(ns)  Path(ns)    Netlist Resource(s)
  -------------------------------------------------------------------    -------------------
                         (clock sys_clk_pin rise edge)
                                                      0.000     0.000 r  
    R4                                                0.000     0.000 r  clk (IN)
                         net (fo=0)                   0.000     0.000    clk
    R4                   IBUF (Prop_ibuf_I_O)         1.475     1.475 r  clk_IBUF_inst/O
                         net (fo=1, routed)           2.114     3.589    clk_IBUF
    BUFGCTRL_X0Y0        BUFG (Prop_bufg_I_O)         0.096     3.685 r  clk_IBUF_BUFG_inst/O
                         net (fo=253, routed)         2.011     5.696    nes/CLK
    SLICE_X3Y78          FDRE                                         r  nes/FSM_onehot_state_reg[1]/C
  -------------------------------------------------------------------    -------------------
    SLICE_X3Y78          FDRE (Prop_fdre_C_Q)         0.456     6.152 r  nes/FSM_onehot_state_reg[1]/Q
                         net (fo=3, routed)           3.337     9.489    nes_latch_OBUF
    AB22                 OBUF (Prop_obuf_I_O)         3.578    13.066 r  nes_latch_OBUF_inst/O
                         net (fo=0)                   0.000    13.066    nes_latch
    AB22                                                              r  nes_latch (OUT)
  -------------------------------------------------------------------    -------------------

Slack:                    inf
  Source:                 fsm/selected_reg[0]/C
                            (rising edge-triggered cell FDRE clocked by sys_clk_pin  {rise@0.000ns fall@5.000ns period=10.000ns})
  Destination:            led_selected[0]
                            (output port)
  Path Group:             (none)
  Path Type:              Max at Slow Process Corner
  Data Path Delay:        5.724ns  (logic 3.545ns (61.925%)  route 2.179ns (38.075%))
  Logic Levels:           1  (OBUF=1)
  Clock Uncertainty:      0.025ns  ((TSJ^2 + TIJ^2)^1/2 + DJ) / 2 + PE
    Total System Jitter     (TSJ):    0.050ns
    Total Input Jitter      (TIJ):    0.000ns
    Discrete Jitter          (DJ):    0.000ns
    Phase Error              (PE):    0.000ns

    Location             Delay type                Incr(ns)  Path(ns)    Netlist Resource(s)
  -------------------------------------------------------------------    -------------------
                         (clock sys_clk_pin rise edge)
                                                      0.000     0.000 r  
    R4                                                0.000     0.000 r  clk (IN)
                         net (fo=0)                   0.000     0.000    clk
    R4                   IBUF (Prop_ibuf_I_O)         1.475     1.475 r  clk_IBUF_inst/O
                         net (fo=1, routed)           2.114     3.589    clk_IBUF
    BUFGCTRL_X0Y0        BUFG (Prop_bufg_I_O)         0.096     3.685 r  clk_IBUF_BUFG_inst/O
                         net (fo=253, routed)         2.012     5.697    fsm/CLK
    SLICE_X4Y68          FDRE                                         r  fsm/selected_reg[0]/C
  -------------------------------------------------------------------    -------------------
    SLICE_X4Y68          FDRE (Prop_fdre_C_Q)         0.419     6.116 r  fsm/selected_reg[0]/Q
                         net (fo=74, routed)          2.179     8.295    led_selected_OBUF[0]
    T14                  OBUF (Prop_obuf_I_O)         3.126    11.421 r  led_selected_OBUF[0]_inst/O
                         net (fo=0)                   0.000    11.421    led_selected[0]
    T14                                                               r  led_selected[0] (OUT)
  -------------------------------------------------------------------    -------------------

Slack:                    inf
  Source:                 fsm/selected_reg[2]/C
                            (rising edge-triggered cell FDRE clocked by sys_clk_pin  {rise@0.000ns fall@5.000ns period=10.000ns})
  Destination:            led_selected[2]
                            (output port)
  Path Group:             (none)
  Path Type:              Max at Slow Process Corner
  Data Path Delay:        5.576ns  (logic 3.509ns (62.937%)  route 2.067ns (37.063%))
  Logic Levels:           1  (OBUF=1)
  Clock Uncertainty:      0.025ns  ((TSJ^2 + TIJ^2)^1/2 + DJ) / 2 + PE
    Total System Jitter     (TSJ):    0.050ns
    Total Input Jitter      (TIJ):    0.000ns
    Discrete Jitter          (DJ):    0.000ns
    Phase Error              (PE):    0.000ns

    Location             Delay type                Incr(ns)  Path(ns)    Netlist Resource(s)
  -------------------------------------------------------------------    -------------------
                         (clock sys_clk_pin rise edge)
                                                      0.000     0.000 r  
    R4                                                0.000     0.000 r  clk (IN)
                         net (fo=0)                   0.000     0.000    clk
    R4                   IBUF (Prop_ibuf_I_O)         1.475     1.475 r  clk_IBUF_inst/O
                         net (fo=1, routed)           2.114     3.589    clk_IBUF
    BUFGCTRL_X0Y0        BUFG (Prop_bufg_I_O)         0.096     3.685 r  clk_IBUF_BUFG_inst/O
                         net (fo=253, routed)         2.013     5.698    fsm/CLK
    SLICE_X3Y69          FDRE                                         r  fsm/selected_reg[2]/C
  -------------------------------------------------------------------    -------------------
    SLICE_X3Y69          FDRE (Prop_fdre_C_Q)         0.419     6.117 r  fsm/selected_reg[2]/Q
                         net (fo=73, routed)          2.067     8.184    led_selected_OBUF[2]
    T16                  OBUF (Prop_obuf_I_O)         3.090    11.274 r  led_selected_OBUF[2]_inst/O
                         net (fo=0)                   0.000    11.274    led_selected[2]
    T16                                                               r  led_selected[2] (OUT)
  -------------------------------------------------------------------    -------------------





Min Delay Paths
--------------------------------------------------------------------------------------
Slack:                    inf
  Source:                 fsm/selected_reg[1]/C
                            (rising edge-triggered cell FDRE clocked by sys_clk_pin  {rise@0.000ns fall@5.000ns period=10.000ns})
  Destination:            led_selected[1]
                            (output port)
  Path Group:             (none)
  Path Type:              Min at Fast Process Corner
  Data Path Delay:        1.733ns  (logic 1.354ns (78.109%)  route 0.379ns (21.891%))
  Logic Levels:           1  (OBUF=1)
  Clock Uncertainty:      0.025ns  ((TSJ^2 + TIJ^2)^1/2 + DJ) / 2 + PE
    Total System Jitter     (TSJ):    0.050ns
    Total Input Jitter      (TIJ):    0.000ns
    Discrete Jitter          (DJ):    0.000ns
    Phase Error              (PE):    0.000ns

    Location             Delay type                Incr(ns)  Path(ns)    Netlist Resource(s)
  -------------------------------------------------------------------    -------------------
                         (clock sys_clk_pin rise edge)
                                                      0.000     0.000 r  
    R4                                                0.000     0.000 r  clk (IN)
                         net (fo=0)                   0.000     0.000    clk
    R4                   IBUF (Prop_ibuf_I_O)         0.243     0.243 r  clk_IBUF_inst/O
                         net (fo=1, routed)           0.676     0.919    clk_IBUF
    BUFGCTRL_X0Y0        BUFG (Prop_bufg_I_O)         0.026     0.945 r  clk_IBUF_BUFG_inst/O
                         net (fo=253, routed)         0.715     1.660    fsm/CLK
    SLICE_X3Y69          FDRE                                         r  fsm/selected_reg[1]/C
  -------------------------------------------------------------------    -------------------
    SLICE_X3Y69          FDRE (Prop_fdre_C_Q)         0.141     1.801 r  fsm/selected_reg[1]/Q
                         net (fo=73, routed)          0.379     2.181    led_selected_OBUF[1]
    T15                  OBUF (Prop_obuf_I_O)         1.213     3.393 r  led_selected_OBUF[1]_inst/O
                         net (fo=0)                   0.000     3.393    led_selected[1]
    T15                                                               r  led_selected[1] (OUT)
  -------------------------------------------------------------------    -------------------

Slack:                    inf
  Source:                 fsm/selected_reg[2]/C
                            (rising edge-triggered cell FDRE clocked by sys_clk_pin  {rise@0.000ns fall@5.000ns period=10.000ns})
  Destination:            led_selected[2]
                            (output port)
  Path Group:             (none)
  Path Type:              Min at Fast Process Corner
  Data Path Delay:        1.889ns  (logic 1.361ns (72.069%)  route 0.528ns (27.931%))
  Logic Levels:           1  (OBUF=1)
  Clock Uncertainty:      0.025ns  ((TSJ^2 + TIJ^2)^1/2 + DJ) / 2 + PE
    Total System Jitter     (TSJ):    0.050ns
    Total Input Jitter      (TIJ):    0.000ns
    Discrete Jitter          (DJ):    0.000ns
    Phase Error              (PE):    0.000ns

    Location             Delay type                Incr(ns)  Path(ns)    Netlist Resource(s)
  -------------------------------------------------------------------    -------------------
                         (clock sys_clk_pin rise edge)
                                                      0.000     0.000 r  
    R4                                                0.000     0.000 r  clk (IN)
                         net (fo=0)                   0.000     0.000    clk
    R4                   IBUF (Prop_ibuf_I_O)         0.243     0.243 r  clk_IBUF_inst/O
                         net (fo=1, routed)           0.676     0.919    clk_IBUF
    BUFGCTRL_X0Y0        BUFG (Prop_bufg_I_O)         0.026     0.945 r  clk_IBUF_BUFG_inst/O
                         net (fo=253, routed)         0.715     1.660    fsm/CLK
    SLICE_X3Y69          FDRE                                         r  fsm/selected_reg[2]/C
  -------------------------------------------------------------------    -------------------
    SLICE_X3Y69          FDRE (Prop_fdre_C_Q)         0.128     1.788 r  fsm/selected_reg[2]/Q
                         net (fo=73, routed)          0.528     2.316    led_selected_OBUF[2]
    T16                  OBUF (Prop_obuf_I_O)         1.233     3.549 r  led_selected_OBUF[2]_inst/O
                         net (fo=0)                   0.000     3.549    led_selected[2]
    T16                                                               r  led_selected[2] (OUT)
  -------------------------------------------------------------------    -------------------

Slack:                    inf
  Source:                 fsm/selected_reg[0]/C
                            (rising edge-triggered cell FDRE clocked by sys_clk_pin  {rise@0.000ns fall@5.000ns period=10.000ns})
  Destination:            led_selected[0]
                            (output port)
  Path Group:             (none)
  Path Type:              Min at Fast Process Corner
  Data Path Delay:        1.962ns  (logic 1.398ns (71.277%)  route 0.563ns (28.723%))
  Logic Levels:           1  (OBUF=1)
  Clock Uncertainty:      0.025ns  ((TSJ^2 + TIJ^2)^1/2 + DJ) / 2 + PE
    Total System Jitter     (TSJ):    0.050ns
    Total Input Jitter      (TIJ):    0.000ns
    Discrete Jitter          (DJ):    0.000ns
    Phase Error              (PE):    0.000ns

    Location             Delay type                Incr(ns)  Path(ns)    Netlist Resource(s)
  -------------------------------------------------------------------    -------------------
                         (clock sys_clk_pin rise edge)
                                                      0.000     0.000 r  
    R4                                                0.000     0.000 r  clk (IN)
                         net (fo=0)                   0.000     0.000    clk
    R4                   IBUF (Prop_ibuf_I_O)         0.243     0.243 r  clk_IBUF_inst/O
                         net (fo=1, routed)           0.676     0.919    clk_IBUF
    BUFGCTRL_X0Y0        BUFG (Prop_bufg_I_O)         0.026     0.945 r  clk_IBUF_BUFG_inst/O
                         net (fo=253, routed)         0.713     1.658    fsm/CLK
    SLICE_X4Y68          FDRE                                         r  fsm/selected_reg[0]/C
  -------------------------------------------------------------------    -------------------
    SLICE_X4Y68          FDRE (Prop_fdre_C_Q)         0.128     1.786 r  fsm/selected_reg[0]/Q
                         net (fo=74, routed)          0.563     2.350    led_selected_OBUF[0]
    T14                  OBUF (Prop_obuf_I_O)         1.270     3.620 r  led_selected_OBUF[0]_inst/O
                         net (fo=0)                   0.000     3.620    led_selected[0]
    T14                                                               r  led_selected[0] (OUT)
  -------------------------------------------------------------------    -------------------

Slack:                    inf
  Source:                 nes/FSM_onehot_state_reg[1]/C
                            (rising edge-triggered cell FDRE clocked by sys_clk_pin  {rise@0.000ns fall@5.000ns period=10.000ns})
  Destination:            nes_latch
                            (output port)
  Path Group:             (none)
  Path Type:              Min at Fast Process Corner
  Data Path Delay:        2.497ns  (logic 1.419ns (56.830%)  route 1.078ns (43.170%))
  Logic Levels:           1  (OBUF=1)
  Clock Uncertainty:      0.025ns  ((TSJ^2 + TIJ^2)^1/2 + DJ) / 2 + PE
    Total System Jitter     (TSJ):    0.050ns
    Total Input Jitter      (TIJ):    0.000ns
    Discrete Jitter          (DJ):    0.000ns
    Phase Error              (PE):    0.000ns

    Location             Delay type                Incr(ns)  Path(ns)    Netlist Resource(s)
  -------------------------------------------------------------------    -------------------
                         (clock sys_clk_pin rise edge)
                                                      0.000     0.000 r  
    R4                                                0.000     0.000 r  clk (IN)
                         net (fo=0)                   0.000     0.000    clk
    R4                   IBUF (Prop_ibuf_I_O)         0.243     0.243 r  clk_IBUF_inst/O
                         net (fo=1, routed)           0.676     0.919    clk_IBUF
    BUFGCTRL_X0Y0        BUFG (Prop_bufg_I_O)         0.026     0.945 r  clk_IBUF_BUFG_inst/O
                         net (fo=253, routed)         0.713     1.658    nes/CLK
    SLICE_X3Y78          FDRE                                         r  nes/FSM_onehot_state_reg[1]/C
  -------------------------------------------------------------------    -------------------
    SLICE_X3Y78          FDRE (Prop_fdre_C_Q)         0.141     1.799 r  nes/FSM_onehot_state_reg[1]/Q
                         net (fo=3, routed)           1.078     2.877    nes_latch_OBUF
    AB22                 OBUF (Prop_obuf_I_O)         1.278     4.155 r  nes_latch_OBUF_inst/O
                         net (fo=0)                   0.000     4.155    nes_latch
    AB22                                                              r  nes_latch (OUT)
  -------------------------------------------------------------------    -------------------

Slack:                    inf
  Source:                 nes/FSM_onehot_state_reg[5]/C
                            (rising edge-triggered cell FDRE clocked by sys_clk_pin  {rise@0.000ns fall@5.000ns period=10.000ns})
  Destination:            nes_pulse
                            (output port)
  Path Group:             (none)
  Path Type:              Min at Fast Process Corner
  Data Path Delay:        2.574ns  (logic 1.473ns (57.220%)  route 1.101ns (42.780%))
  Logic Levels:           1  (OBUF=1)
  Clock Uncertainty:      0.025ns  ((TSJ^2 + TIJ^2)^1/2 + DJ) / 2 + PE
    Total System Jitter     (TSJ):    0.050ns
    Total Input Jitter      (TIJ):    0.000ns
    Discrete Jitter          (DJ):    0.000ns
    Phase Error              (PE):    0.000ns

    Location             Delay type                Incr(ns)  Path(ns)    Netlist Resource(s)
  -------------------------------------------------------------------    -------------------
                         (clock sys_clk_pin rise edge)
                                                      0.000     0.000 r  
    R4                                                0.000     0.000 r  clk (IN)
                         net (fo=0)                   0.000     0.000    clk
    R4                   IBUF (Prop_ibuf_I_O)         0.243     0.243 r  clk_IBUF_inst/O
                         net (fo=1, routed)           0.676     0.919    clk_IBUF
    BUFGCTRL_X0Y0        BUFG (Prop_bufg_I_O)         0.026     0.945 r  clk_IBUF_BUFG_inst/O
                         net (fo=253, routed)         0.713     1.658    nes/CLK
    SLICE_X2Y78          FDRE                                         r  nes/FSM_onehot_state_reg[5]/C
  -------------------------------------------------------------------    -------------------
    SLICE_X2Y78          FDRE (Prop_fdre_C_Q)         0.148     1.806 r  nes/FSM_onehot_state_reg[5]/Q
                         net (fo=3, routed)           1.101     2.908    nes_pulse_OBUF
    AB21                 OBUF (Prop_obuf_I_O)         1.325     4.232 r  nes_pulse_OBUF_inst/O
                         net (fo=0)                   0.000     4.232    nes_pulse
    AB21                                                              r  nes_pulse (OUT)
  -------------------------------------------------------------------    -------------------

Slack:                    inf
  Source:                 regfile/reg_4_reg[3]/C
                            (rising edge-triggered cell FDRE clocked by sys_clk_pin  {rise@0.000ns fall@5.000ns period=10.000ns})
  Destination:            pwm_out[4]
                            (output port)
  Path Group:             (none)
  Path Type:              Min at Fast Process Corner
  Data Path Delay:        4.428ns  (logic 1.724ns (38.943%)  route 2.704ns (61.057%))
  Logic Levels:           5  (CARRY4=3 LUT5=1 OBUF=1)
  Clock Uncertainty:      0.025ns  ((TSJ^2 + TIJ^2)^1/2 + DJ) / 2 + PE
    Total System Jitter     (TSJ):    0.050ns
    Total Input Jitter      (TIJ):    0.000ns
    Discrete Jitter          (DJ):    0.000ns
    Phase Error              (PE):    0.000ns

    Location             Delay type                Incr(ns)  Path(ns)    Netlist Resource(s)
  -------------------------------------------------------------------    -------------------
                         (clock sys_clk_pin rise edge)
                                                      0.000     0.000 r  
    R4                                                0.000     0.000 r  clk (IN)
                         net (fo=0)                   0.000     0.000    clk
    R4                   IBUF (Prop_ibuf_I_O)         0.243     0.243 r  clk_IBUF_inst/O
                         net (fo=1, routed)           0.676     0.919    clk_IBUF
    BUFGCTRL_X0Y0        BUFG (Prop_bufg_I_O)         0.026     0.945 r  clk_IBUF_BUFG_inst/O
                         net (fo=253, routed)         0.692     1.637    regfile/CLK
    SLICE_X9Y59          FDRE                                         r  regfile/reg_4_reg[3]/C
  -------------------------------------------------------------------    -------------------
    SLICE_X9Y59          FDRE (Prop_fdre_C_Q)         0.141     1.778 r  regfile/reg_4_reg[3]/Q
                         net (fo=4, routed)           0.181     1.960    regfile/reg_4_reg[16]_0[2]
    SLICE_X9Y59          LUT5 (Prop_lut5_I4_O)        0.043     2.003 r  regfile/i__carry_i_3/O
                         net (fo=1, routed)           0.000     2.003    pwm/pwm_out0_inferred__3/i__carry__0_0[1]
    SLICE_X9Y59          CARRY4 (Prop_carry4_DI[1]_CO[3])
                                                      0.119     2.122 r  pwm/pwm_out0_inferred__3/i__carry/CO[3]
                         net (fo=1, routed)           0.000     2.122    pwm/pwm_out0_inferred__3/i__carry_n_0
    SLICE_X9Y60          CARRY4 (Prop_carry4_CI_CO[3])
                                                      0.039     2.161 r  pwm/pwm_out0_inferred__3/i__carry__0/CO[3]
                         net (fo=1, routed)           0.000     2.161    pwm/pwm_out0_inferred__3/i__carry__0_n_0
    SLICE_X9Y61          CARRY4 (Prop_carry4_CI_CO[2])
                                                      0.065     2.226 r  pwm/pwm_out0_inferred__3/i__carry__1/CO[2]
                         net (fo=1, routed)           2.522     4.748    pwm_out_OBUF[4]
    W9                   OBUF (Prop_obuf_I_O)         1.317     6.065 r  pwm_out_OBUF[4]_inst/O
                         net (fo=0)                   0.000     6.065    pwm_out[4]
    W9                                                                r  pwm_out[4] (OUT)
  -------------------------------------------------------------------    -------------------

Slack:                    inf
  Source:                 regfile/reg_5_reg[17]/C
                            (rising edge-triggered cell FDSE clocked by sys_clk_pin  {rise@0.000ns fall@5.000ns period=10.000ns})
  Destination:            pwm_out[5]
                            (output port)
  Path Group:             (none)
  Path Type:              Min at Fast Process Corner
  Data Path Delay:        4.604ns  (logic 1.663ns (36.115%)  route 2.941ns (63.885%))
  Logic Levels:           3  (CARRY4=1 LUT5=1 OBUF=1)
  Clock Uncertainty:      0.025ns  ((TSJ^2 + TIJ^2)^1/2 + DJ) / 2 + PE
    Total System Jitter     (TSJ):    0.050ns
    Total Input Jitter      (TIJ):    0.000ns
    Discrete Jitter          (DJ):    0.000ns
    Phase Error              (PE):    0.000ns

    Location             Delay type                Incr(ns)  Path(ns)    Netlist Resource(s)
  -------------------------------------------------------------------    -------------------
                         (clock sys_clk_pin rise edge)
                                                      0.000     0.000 r  
    R4                                                0.000     0.000 r  clk (IN)
                         net (fo=0)                   0.000     0.000    clk
    R4                   IBUF (Prop_ibuf_I_O)         0.243     0.243 r  clk_IBUF_inst/O
                         net (fo=1, routed)           0.676     0.919    clk_IBUF
    BUFGCTRL_X0Y0        BUFG (Prop_bufg_I_O)         0.026     0.945 r  clk_IBUF_BUFG_inst/O
                         net (fo=253, routed)         0.722     1.667    regfile/CLK
    SLICE_X2Y59          FDSE                                         r  regfile/reg_5_reg[17]/C
  -------------------------------------------------------------------    -------------------
    SLICE_X2Y59          FDSE (Prop_fdse_C_Q)         0.164     1.831 r  regfile/reg_5_reg[17]/Q
                         net (fo=11, routed)          0.255     2.086    regfile/raw_5[17]
    SLICE_X5Y61          LUT5 (Prop_lut5_I4_O)        0.048     2.134 r  regfile/i__carry__1_i_1__0/O
                         net (fo=1, routed)           0.000     2.134    pwm/pwm_out[5][0]
    SLICE_X5Y61          CARRY4 (Prop_carry4_DI[0]_CO[2])
                                                      0.132     2.266 r  pwm/pwm_out0_inferred__4/i__carry__1/CO[2]
                         net (fo=1, routed)           2.687     4.953    pwm_out_OBUF[5]
    Y9                   OBUF (Prop_obuf_I_O)         1.319     6.272 r  pwm_out_OBUF[5]_inst/O
                         net (fo=0)                   0.000     6.272    pwm_out[5]
    Y9                                                                r  pwm_out[5] (OUT)
  -------------------------------------------------------------------    -------------------

Slack:                    inf
  Source:                 pwm/counter_reg[18]/C
                            (rising edge-triggered cell FDRE clocked by sys_clk_pin  {rise@0.000ns fall@5.000ns period=10.000ns})
  Destination:            pwm_out[3]
                            (output port)
  Path Group:             (none)
  Path Type:              Min at Fast Process Corner
  Data Path Delay:        5.303ns  (logic 1.695ns (31.974%)  route 3.607ns (68.026%))
  Logic Levels:           3  (CARRY4=1 LUT2=1 OBUF=1)
  Clock Uncertainty:      0.025ns  ((TSJ^2 + TIJ^2)^1/2 + DJ) / 2 + PE
    Total System Jitter     (TSJ):    0.050ns
    Total Input Jitter      (TIJ):    0.000ns
    Discrete Jitter          (DJ):    0.000ns
    Phase Error              (PE):    0.000ns

    Location             Delay type                Incr(ns)  Path(ns)    Netlist Resource(s)
  -------------------------------------------------------------------    -------------------
                         (clock sys_clk_pin rise edge)
                                                      0.000     0.000 r  
    R4                                                0.000     0.000 r  clk (IN)
                         net (fo=0)                   0.000     0.000    clk
    R4                   IBUF (Prop_ibuf_I_O)         0.243     0.243 r  clk_IBUF_inst/O
                         net (fo=1, routed)           0.676     0.919    clk_IBUF
    BUFGCTRL_X0Y0        BUFG (Prop_bufg_I_O)         0.026     0.945 r  clk_IBUF_BUFG_inst/O
                         net (fo=253, routed)         0.692     1.637    pwm/CLK
    SLICE_X12Y59         FDRE                                         r  pwm/counter_reg[18]/C
  -------------------------------------------------------------------    -------------------
    SLICE_X12Y59         FDRE (Prop_fdre_C_Q)         0.164     1.801 f  pwm/counter_reg[18]/Q
                         net (fo=8, routed)           0.126     1.927    pwm/counter_reg[18]
    SLICE_X15Y60         LUT2 (Prop_lut2_I0_O)        0.045     1.972 r  pwm/i__carry__1_i_3__2/O
                         net (fo=1, routed)           0.000     1.972    pwm/i__carry__1_i_3__2_n_0
    SLICE_X15Y60         CARRY4 (Prop_carry4_S[1]_CO[2])
                                                      0.162     2.134 r  pwm/pwm_out0_inferred__2/i__carry__1/CO[2]
                         net (fo=1, routed)           3.481     5.616    pwm_out_OBUF[3]
    W7                   OBUF (Prop_obuf_I_O)         1.324     6.940 r  pwm_out_OBUF[3]_inst/O
                         net (fo=0)                   0.000     6.940    pwm_out[3]
    W7                                                                r  pwm_out[3] (OUT)
  -------------------------------------------------------------------    -------------------

Slack:                    inf
  Source:                 pwm/counter_reg[20]/C
                            (rising edge-triggered cell FDRE clocked by sys_clk_pin  {rise@0.000ns fall@5.000ns period=10.000ns})
  Destination:            pwm_out[1]
                            (output port)
  Path Group:             (none)
  Path Type:              Min at Fast Process Corner
  Data Path Delay:        5.385ns  (logic 1.628ns (30.224%)  route 3.758ns (69.776%))
  Logic Levels:           3  (CARRY4=1 LUT1=1 OBUF=1)
  Clock Uncertainty:      0.025ns  ((TSJ^2 + TIJ^2)^1/2 + DJ) / 2 + PE
    Total System Jitter     (TSJ):    0.050ns
    Total Input Jitter      (TIJ):    0.000ns
    Discrete Jitter          (DJ):    0.000ns
    Phase Error              (PE):    0.000ns

    Location             Delay type                Incr(ns)  Path(ns)    Netlist Resource(s)
  -------------------------------------------------------------------    -------------------
                         (clock sys_clk_pin rise edge)
                                                      0.000     0.000 r  
    R4                                                0.000     0.000 r  clk (IN)
                         net (fo=0)                   0.000     0.000    clk
    R4                   IBUF (Prop_ibuf_I_O)         0.243     0.243 r  clk_IBUF_inst/O
                         net (fo=1, routed)           0.676     0.919    clk_IBUF
    BUFGCTRL_X0Y0        BUFG (Prop_bufg_I_O)         0.026     0.945 r  clk_IBUF_BUFG_inst/O
                         net (fo=253, routed)         0.691     1.636    pwm/CLK
    SLICE_X12Y60         FDRE                                         r  pwm/counter_reg[20]/C
  -------------------------------------------------------------------    -------------------
    SLICE_X12Y60         FDRE (Prop_fdre_C_Q)         0.164     1.800 f  pwm/counter_reg[20]/Q
                         net (fo=8, routed)           0.277     2.077    pwm/counter_reg[20]
    SLICE_X16Y60         LUT1 (Prop_lut1_I0_O)        0.045     2.122 r  pwm/i__carry__1_i_2__0/O
                         net (fo=1, routed)           0.000     2.122    pwm/i__carry__1_i_2__0_n_0
    SLICE_X16Y60         CARRY4 (Prop_carry4_S[2]_CO[2])
                                                      0.081     2.203 r  pwm/pwm_out0_inferred__0/i__carry__1/CO[2]
                         net (fo=1, routed)           3.481     5.684    pwm_out_OBUF[1]
    V8                   OBUF (Prop_obuf_I_O)         1.338     7.022 r  pwm_out_OBUF[1]_inst/O
                         net (fo=0)                   0.000     7.022    pwm_out[1]
    V8                                                                r  pwm_out[1] (OUT)
  -------------------------------------------------------------------    -------------------

Slack:                    inf
  Source:                 regfile/reg_2_reg[1]/C
                            (rising edge-triggered cell FDRE clocked by sys_clk_pin  {rise@0.000ns fall@5.000ns period=10.000ns})
  Destination:            pwm_out[2]
                            (output port)
  Path Group:             (none)
  Path Type:              Min at Fast Process Corner
  Data Path Delay:        5.577ns  (logic 1.783ns (31.966%)  route 3.794ns (68.034%))
  Logic Levels:           5  (CARRY4=3 LUT4=1 OBUF=1)
  Clock Uncertainty:      0.025ns  ((TSJ^2 + TIJ^2)^1/2 + DJ) / 2 + PE
    Total System Jitter     (TSJ):    0.050ns
    Total Input Jitter      (TIJ):    0.000ns
    Discrete Jitter          (DJ):    0.000ns
    Phase Error              (PE):    0.000ns

    Location             Delay type                Incr(ns)  Path(ns)    Netlist Resource(s)
  -------------------------------------------------------------------    -------------------
                         (clock sys_clk_pin rise edge)
                                                      0.000     0.000 r  
    R4                                                0.000     0.000 r  clk (IN)
                         net (fo=0)                   0.000     0.000    clk
    R4                   IBUF (Prop_ibuf_I_O)         0.243     0.243 r  clk_IBUF_inst/O
                         net (fo=1, routed)           0.676     0.919    clk_IBUF
    BUFGCTRL_X0Y0        BUFG (Prop_bufg_I_O)         0.026     0.945 r  clk_IBUF_BUFG_inst/O
                         net (fo=253, routed)         0.693     1.638    regfile/CLK
    SLICE_X10Y56         FDRE                                         r  regfile/reg_2_reg[1]/C
  -------------------------------------------------------------------    -------------------
    SLICE_X10Y56         FDRE (Prop_fdre_C_Q)         0.164     1.802 r  regfile/reg_2_reg[1]/Q
                         net (fo=5, routed)           0.094     1.897    regfile/raw_2[1]
    SLICE_X11Y56         LUT4 (Prop_lut4_I2_O)        0.048     1.945 r  regfile/i__carry_i_4__4/O
                         net (fo=1, routed)           0.000     1.945    pwm/pwm_out0_inferred__1/i__carry__0_0[0]
    SLICE_X11Y56         CARRY4 (Prop_carry4_DI[0]_CO[3])
                                                      0.132     2.077 r  pwm/pwm_out0_inferred__1/i__carry/CO[3]
                         net (fo=1, routed)           0.000     2.077    pwm/pwm_out0_inferred__1/i__carry_n_0
    SLICE_X11Y57         CARRY4 (Prop_carry4_CI_CO[3])
                                                      0.039     2.116 r  pwm/pwm_out0_inferred__1/i__carry__0/CO[3]
                         net (fo=1, routed)           0.000     2.116    pwm/pwm_out0_inferred__1/i__carry__0_n_0
    SLICE_X11Y58         CARRY4 (Prop_carry4_CI_CO[2])
                                                      0.065     2.181 r  pwm/pwm_out0_inferred__1/i__carry__1/CO[2]
                         net (fo=1, routed)           3.700     5.880    pwm_out_OBUF[2]
    V7                   OBUF (Prop_obuf_I_O)         1.335     7.215 r  pwm_out_OBUF[2]_inst/O
                         net (fo=0)                   0.000     7.215    pwm_out[2]
    V7                                                                r  pwm_out[2] (OUT)
  -------------------------------------------------------------------    -------------------





--------------------------------------------------------------------------------------
Path Group:  (none)
From Clock:  
  To Clock:  sys_clk_pin

Max Delay           254 Endpoints
Min Delay           254 Endpoints
--------------------------------------------------------------------------------------


Max Delay Paths
--------------------------------------------------------------------------------------
Slack:                    inf
  Source:                 reset_n
                            (input port)
  Destination:            regfile/reg_4_reg[3]/R
                            (rising edge-triggered cell FDRE clocked by sys_clk_pin  {rise@0.000ns fall@5.000ns period=10.000ns})
  Path Group:             (none)
  Path Type:              Setup (Max at Slow Process Corner)
  Data Path Delay:        11.371ns  (logic 1.121ns (9.856%)  route 10.250ns (90.144%))
  Logic Levels:           2  (IBUF=1 LUT1=1)
  Clock Path Skew:        5.316ns (DCD - SCD + CPR)
    Destination Clock Delay (DCD):    5.316ns
    Source Clock Delay      (SCD):    0.000ns
    Clock Pessimism Removal (CPR):    0.000ns
  Clock Uncertainty:      0.025ns  ((TSJ^2 + TIJ^2)^1/2 + DJ) / 2 + PE
    Total System Jitter     (TSJ):    0.050ns
    Total Input Jitter      (TIJ):    0.000ns
    Discrete Jitter          (DJ):    0.000ns
    Phase Error              (PE):    0.000ns

    Location             Delay type                Incr(ns)  Path(ns)    Netlist Resource(s)
  -------------------------------------------------------------------    -------------------
    G4                                                0.000     0.000 f  reset_n (IN)
                         net (fo=0)                   0.000     0.000    reset_n
    G4                   IBUF (Prop_ibuf_I_O)         0.969     0.969 f  reset_n_IBUF_inst/O
                         net (fo=4, routed)           7.194     8.162    regfile/reset_n_IBUF
    SLICE_X4Y72          LUT1 (Prop_lut1_I0_O)        0.152     8.314 r  regfile/FSM_onehot_state[6]_i_1/O
                         net (fo=210, routed)         3.057    11.371    regfile/SR[0]
    SLICE_X9Y59          FDRE                                         r  regfile/reg_4_reg[3]/R
  -------------------------------------------------------------------    -------------------

                         (clock sys_clk_pin rise edge)
                                                      0.000     0.000 r  
    R4                                                0.000     0.000 r  clk (IN)
                         net (fo=0)                   0.000     0.000    clk
    R4                   IBUF (Prop_ibuf_I_O)         1.405     1.405 r  clk_IBUF_inst/O
                         net (fo=1, routed)           2.004     3.409    clk_IBUF
    BUFGCTRL_X0Y0        BUFG (Prop_bufg_I_O)         0.091     3.500 r  clk_IBUF_BUFG_inst/O
                         net (fo=253, routed)         1.816     5.316    regfile/CLK
    SLICE_X9Y59          FDRE                                         r  regfile/reg_4_reg[3]/C

Slack:                    inf
  Source:                 reset_n
                            (input port)
  Destination:            regfile/reg_4_reg[1]/R
                            (rising edge-triggered cell FDRE clocked by sys_clk_pin  {rise@0.000ns fall@5.000ns period=10.000ns})
  Path Group:             (none)
  Path Type:              Setup (Max at Slow Process Corner)
  Data Path Delay:        11.328ns  (logic 1.121ns (9.894%)  route 10.207ns (90.106%))
  Logic Levels:           2  (IBUF=1 LUT1=1)
  Clock Path Skew:        5.317ns (DCD - SCD + CPR)
    Destination Clock Delay (DCD):    5.317ns
    Source Clock Delay      (SCD):    0.000ns
    Clock Pessimism Removal (CPR):    0.000ns
  Clock Uncertainty:      0.025ns  ((TSJ^2 + TIJ^2)^1/2 + DJ) / 2 + PE
    Total System Jitter     (TSJ):    0.050ns
    Total Input Jitter      (TIJ):    0.000ns
    Discrete Jitter          (DJ):    0.000ns
    Phase Error              (PE):    0.000ns

    Location             Delay type                Incr(ns)  Path(ns)    Netlist Resource(s)
  -------------------------------------------------------------------    -------------------
    G4                                                0.000     0.000 f  reset_n (IN)
                         net (fo=0)                   0.000     0.000    reset_n
    G4                   IBUF (Prop_ibuf_I_O)         0.969     0.969 f  reset_n_IBUF_inst/O
                         net (fo=4, routed)           7.194     8.162    regfile/reset_n_IBUF
    SLICE_X4Y72          LUT1 (Prop_lut1_I0_O)        0.152     8.314 r  regfile/FSM_onehot_state[6]_i_1/O
                         net (fo=210, routed)         3.013    11.328    regfile/SR[0]
    SLICE_X10Y59         FDRE                                         r  regfile/reg_4_reg[1]/R
  -------------------------------------------------------------------    -------------------

                         (clock sys_clk_pin rise edge)
                                                      0.000     0.000 r  
    R4                                                0.000     0.000 r  clk (IN)
                         net (fo=0)                   0.000     0.000    clk
    R4                   IBUF (Prop_ibuf_I_O)         1.405     1.405 r  clk_IBUF_inst/O
                         net (fo=1, routed)           2.004     3.409    clk_IBUF
    BUFGCTRL_X0Y0        BUFG (Prop_bufg_I_O)         0.091     3.500 r  clk_IBUF_BUFG_inst/O
                         net (fo=253, routed)         1.817     5.317    regfile/CLK
    SLICE_X10Y59         FDRE                                         r  regfile/reg_4_reg[1]/C

Slack:                    inf
  Source:                 reset_n
                            (input port)
  Destination:            regfile/reg_4_reg[6]/S
                            (rising edge-triggered cell FDSE clocked by sys_clk_pin  {rise@0.000ns fall@5.000ns period=10.000ns})
  Path Group:             (none)
  Path Type:              Setup (Max at Slow Process Corner)
  Data Path Delay:        11.328ns  (logic 1.121ns (9.894%)  route 10.207ns (90.106%))
  Logic Levels:           2  (IBUF=1 LUT1=1)
  Clock Path Skew:        5.317ns (DCD - SCD + CPR)
    Destination Clock Delay (DCD):    5.317ns
    Source Clock Delay      (SCD):    0.000ns
    Clock Pessimism Removal (CPR):    0.000ns
  Clock Uncertainty:      0.025ns  ((TSJ^2 + TIJ^2)^1/2 + DJ) / 2 + PE
    Total System Jitter     (TSJ):    0.050ns
    Total Input Jitter      (TIJ):    0.000ns
    Discrete Jitter          (DJ):    0.000ns
    Phase Error              (PE):    0.000ns

    Location             Delay type                Incr(ns)  Path(ns)    Netlist Resource(s)
  -------------------------------------------------------------------    -------------------
    G4                                                0.000     0.000 f  reset_n (IN)
                         net (fo=0)                   0.000     0.000    reset_n
    G4                   IBUF (Prop_ibuf_I_O)         0.969     0.969 f  reset_n_IBUF_inst/O
                         net (fo=4, routed)           7.194     8.162    regfile/reset_n_IBUF
    SLICE_X4Y72          LUT1 (Prop_lut1_I0_O)        0.152     8.314 r  regfile/FSM_onehot_state[6]_i_1/O
                         net (fo=210, routed)         3.013    11.328    regfile/SR[0]
    SLICE_X10Y59         FDSE                                         r  regfile/reg_4_reg[6]/S
  -------------------------------------------------------------------    -------------------

                         (clock sys_clk_pin rise edge)
                                                      0.000     0.000 r  
    R4                                                0.000     0.000 r  clk (IN)
                         net (fo=0)                   0.000     0.000    clk
    R4                   IBUF (Prop_ibuf_I_O)         1.405     1.405 r  clk_IBUF_inst/O
                         net (fo=1, routed)           2.004     3.409    clk_IBUF
    BUFGCTRL_X0Y0        BUFG (Prop_bufg_I_O)         0.091     3.500 r  clk_IBUF_BUFG_inst/O
                         net (fo=253, routed)         1.817     5.317    regfile/CLK
    SLICE_X10Y59         FDSE                                         r  regfile/reg_4_reg[6]/C

Slack:                    inf
  Source:                 reset_n
                            (input port)
  Destination:            regfile/reg_4_reg[7]/S
                            (rising edge-triggered cell FDSE clocked by sys_clk_pin  {rise@0.000ns fall@5.000ns period=10.000ns})
  Path Group:             (none)
  Path Type:              Setup (Max at Slow Process Corner)
  Data Path Delay:        11.328ns  (logic 1.121ns (9.894%)  route 10.207ns (90.106%))
  Logic Levels:           2  (IBUF=1 LUT1=1)
  Clock Path Skew:        5.317ns (DCD - SCD + CPR)
    Destination Clock Delay (DCD):    5.317ns
    Source Clock Delay      (SCD):    0.000ns
    Clock Pessimism Removal (CPR):    0.000ns
  Clock Uncertainty:      0.025ns  ((TSJ^2 + TIJ^2)^1/2 + DJ) / 2 + PE
    Total System Jitter     (TSJ):    0.050ns
    Total Input Jitter      (TIJ):    0.000ns
    Discrete Jitter          (DJ):    0.000ns
    Phase Error              (PE):    0.000ns

    Location             Delay type                Incr(ns)  Path(ns)    Netlist Resource(s)
  -------------------------------------------------------------------    -------------------
    G4                                                0.000     0.000 f  reset_n (IN)
                         net (fo=0)                   0.000     0.000    reset_n
    G4                   IBUF (Prop_ibuf_I_O)         0.969     0.969 f  reset_n_IBUF_inst/O
                         net (fo=4, routed)           7.194     8.162    regfile/reset_n_IBUF
    SLICE_X4Y72          LUT1 (Prop_lut1_I0_O)        0.152     8.314 r  regfile/FSM_onehot_state[6]_i_1/O
                         net (fo=210, routed)         3.013    11.328    regfile/SR[0]
    SLICE_X10Y59         FDSE                                         r  regfile/reg_4_reg[7]/S
  -------------------------------------------------------------------    -------------------

                         (clock sys_clk_pin rise edge)
                                                      0.000     0.000 r  
    R4                                                0.000     0.000 r  clk (IN)
                         net (fo=0)                   0.000     0.000    clk
    R4                   IBUF (Prop_ibuf_I_O)         1.405     1.405 r  clk_IBUF_inst/O
                         net (fo=1, routed)           2.004     3.409    clk_IBUF
    BUFGCTRL_X0Y0        BUFG (Prop_bufg_I_O)         0.091     3.500 r  clk_IBUF_BUFG_inst/O
                         net (fo=253, routed)         1.817     5.317    regfile/CLK
    SLICE_X10Y59         FDSE                                         r  regfile/reg_4_reg[7]/C

Slack:                    inf
  Source:                 reset_n
                            (input port)
  Destination:            regfile/reg_4_reg[9]/R
                            (rising edge-triggered cell FDRE clocked by sys_clk_pin  {rise@0.000ns fall@5.000ns period=10.000ns})
  Path Group:             (none)
  Path Type:              Setup (Max at Slow Process Corner)
  Data Path Delay:        11.328ns  (logic 1.121ns (9.894%)  route 10.207ns (90.106%))
  Logic Levels:           2  (IBUF=1 LUT1=1)
  Clock Path Skew:        5.317ns (DCD - SCD + CPR)
    Destination Clock Delay (DCD):    5.317ns
    Source Clock Delay      (SCD):    0.000ns
    Clock Pessimism Removal (CPR):    0.000ns
  Clock Uncertainty:      0.025ns  ((TSJ^2 + TIJ^2)^1/2 + DJ) / 2 + PE
    Total System Jitter     (TSJ):    0.050ns
    Total Input Jitter      (TIJ):    0.000ns
    Discrete Jitter          (DJ):    0.000ns
    Phase Error              (PE):    0.000ns

    Location             Delay type                Incr(ns)  Path(ns)    Netlist Resource(s)
  -------------------------------------------------------------------    -------------------
    G4                                                0.000     0.000 f  reset_n (IN)
                         net (fo=0)                   0.000     0.000    reset_n
    G4                   IBUF (Prop_ibuf_I_O)         0.969     0.969 f  reset_n_IBUF_inst/O
                         net (fo=4, routed)           7.194     8.162    regfile/reset_n_IBUF
    SLICE_X4Y72          LUT1 (Prop_lut1_I0_O)        0.152     8.314 r  regfile/FSM_onehot_state[6]_i_1/O
                         net (fo=210, routed)         3.013    11.328    regfile/SR[0]
    SLICE_X10Y59         FDRE                                         r  regfile/reg_4_reg[9]/R
  -------------------------------------------------------------------    -------------------

                         (clock sys_clk_pin rise edge)
                                                      0.000     0.000 r  
    R4                                                0.000     0.000 r  clk (IN)
                         net (fo=0)                   0.000     0.000    clk
    R4                   IBUF (Prop_ibuf_I_O)         1.405     1.405 r  clk_IBUF_inst/O
                         net (fo=1, routed)           2.004     3.409    clk_IBUF
    BUFGCTRL_X0Y0        BUFG (Prop_bufg_I_O)         0.091     3.500 r  clk_IBUF_BUFG_inst/O
                         net (fo=253, routed)         1.817     5.317    regfile/CLK
    SLICE_X10Y59         FDRE                                         r  regfile/reg_4_reg[9]/C

Slack:                    inf
  Source:                 reset_n
                            (input port)
  Destination:            regfile/reg_3_reg[4]/S
                            (rising edge-triggered cell FDSE clocked by sys_clk_pin  {rise@0.000ns fall@5.000ns period=10.000ns})
  Path Group:             (none)
  Path Type:              Setup (Max at Slow Process Corner)
  Data Path Delay:        11.311ns  (logic 1.121ns (9.908%)  route 10.191ns (90.092%))
  Logic Levels:           2  (IBUF=1 LUT1=1)
  Clock Path Skew:        5.317ns (DCD - SCD + CPR)
    Destination Clock Delay (DCD):    5.317ns
    Source Clock Delay      (SCD):    0.000ns
    Clock Pessimism Removal (CPR):    0.000ns
  Clock Uncertainty:      0.025ns  ((TSJ^2 + TIJ^2)^1/2 + DJ) / 2 + PE
    Total System Jitter     (TSJ):    0.050ns
    Total Input Jitter      (TIJ):    0.000ns
    Discrete Jitter          (DJ):    0.000ns
    Phase Error              (PE):    0.000ns

    Location             Delay type                Incr(ns)  Path(ns)    Netlist Resource(s)
  -------------------------------------------------------------------    -------------------
    G4                                                0.000     0.000 f  reset_n (IN)
                         net (fo=0)                   0.000     0.000    reset_n
    G4                   IBUF (Prop_ibuf_I_O)         0.969     0.969 f  reset_n_IBUF_inst/O
                         net (fo=4, routed)           7.194     8.162    regfile/reset_n_IBUF
    SLICE_X4Y72          LUT1 (Prop_lut1_I0_O)        0.152     8.314 r  regfile/FSM_onehot_state[6]_i_1/O
                         net (fo=210, routed)         2.997    11.311    regfile/SR[0]
    SLICE_X14Y57         FDSE                                         r  regfile/reg_3_reg[4]/S
  -------------------------------------------------------------------    -------------------

                         (clock sys_clk_pin rise edge)
                                                      0.000     0.000 r  
    R4                                                0.000     0.000 r  clk (IN)
                         net (fo=0)                   0.000     0.000    clk
    R4                   IBUF (Prop_ibuf_I_O)         1.405     1.405 r  clk_IBUF_inst/O
                         net (fo=1, routed)           2.004     3.409    clk_IBUF
    BUFGCTRL_X0Y0        BUFG (Prop_bufg_I_O)         0.091     3.500 r  clk_IBUF_BUFG_inst/O
                         net (fo=253, routed)         1.817     5.317    regfile/CLK
    SLICE_X14Y57         FDSE                                         r  regfile/reg_3_reg[4]/C

Slack:                    inf
  Source:                 reset_n
                            (input port)
  Destination:            regfile/reg_3_reg[6]/S
                            (rising edge-triggered cell FDSE clocked by sys_clk_pin  {rise@0.000ns fall@5.000ns period=10.000ns})
  Path Group:             (none)
  Path Type:              Setup (Max at Slow Process Corner)
  Data Path Delay:        11.311ns  (logic 1.121ns (9.908%)  route 10.191ns (90.092%))
  Logic Levels:           2  (IBUF=1 LUT1=1)
  Clock Path Skew:        5.317ns (DCD - SCD + CPR)
    Destination Clock Delay (DCD):    5.317ns
    Source Clock Delay      (SCD):    0.000ns
    Clock Pessimism Removal (CPR):    0.000ns
  Clock Uncertainty:      0.025ns  ((TSJ^2 + TIJ^2)^1/2 + DJ) / 2 + PE
    Total System Jitter     (TSJ):    0.050ns
    Total Input Jitter      (TIJ):    0.000ns
    Discrete Jitter          (DJ):    0.000ns
    Phase Error              (PE):    0.000ns

    Location             Delay type                Incr(ns)  Path(ns)    Netlist Resource(s)
  -------------------------------------------------------------------    -------------------
    G4                                                0.000     0.000 f  reset_n (IN)
                         net (fo=0)                   0.000     0.000    reset_n
    G4                   IBUF (Prop_ibuf_I_O)         0.969     0.969 f  reset_n_IBUF_inst/O
                         net (fo=4, routed)           7.194     8.162    regfile/reset_n_IBUF
    SLICE_X4Y72          LUT1 (Prop_lut1_I0_O)        0.152     8.314 r  regfile/FSM_onehot_state[6]_i_1/O
                         net (fo=210, routed)         2.997    11.311    regfile/SR[0]
    SLICE_X14Y57         FDSE                                         r  regfile/reg_3_reg[6]/S
  -------------------------------------------------------------------    -------------------

                         (clock sys_clk_pin rise edge)
                                                      0.000     0.000 r  
    R4                                                0.000     0.000 r  clk (IN)
                         net (fo=0)                   0.000     0.000    clk
    R4                   IBUF (Prop_ibuf_I_O)         1.405     1.405 r  clk_IBUF_inst/O
                         net (fo=1, routed)           2.004     3.409    clk_IBUF
    BUFGCTRL_X0Y0        BUFG (Prop_bufg_I_O)         0.091     3.500 r  clk_IBUF_BUFG_inst/O
                         net (fo=253, routed)         1.817     5.317    regfile/CLK
    SLICE_X14Y57         FDSE                                         r  regfile/reg_3_reg[6]/C

Slack:                    inf
  Source:                 reset_n
                            (input port)
  Destination:            regfile/reg_3_reg[8]/S
                            (rising edge-triggered cell FDSE clocked by sys_clk_pin  {rise@0.000ns fall@5.000ns period=10.000ns})
  Path Group:             (none)
  Path Type:              Setup (Max at Slow Process Corner)
  Data Path Delay:        11.311ns  (logic 1.121ns (9.908%)  route 10.191ns (90.092%))
  Logic Levels:           2  (IBUF=1 LUT1=1)
  Clock Path Skew:        5.317ns (DCD - SCD + CPR)
    Destination Clock Delay (DCD):    5.317ns
    Source Clock Delay      (SCD):    0.000ns
    Clock Pessimism Removal (CPR):    0.000ns
  Clock Uncertainty:      0.025ns  ((TSJ^2 + TIJ^2)^1/2 + DJ) / 2 + PE
    Total System Jitter     (TSJ):    0.050ns
    Total Input Jitter      (TIJ):    0.000ns
    Discrete Jitter          (DJ):    0.000ns
    Phase Error              (PE):    0.000ns

    Location             Delay type                Incr(ns)  Path(ns)    Netlist Resource(s)
  -------------------------------------------------------------------    -------------------
    G4                                                0.000     0.000 f  reset_n (IN)
                         net (fo=0)                   0.000     0.000    reset_n
    G4                   IBUF (Prop_ibuf_I_O)         0.969     0.969 f  reset_n_IBUF_inst/O
                         net (fo=4, routed)           7.194     8.162    regfile/reset_n_IBUF
    SLICE_X4Y72          LUT1 (Prop_lut1_I0_O)        0.152     8.314 r  regfile/FSM_onehot_state[6]_i_1/O
                         net (fo=210, routed)         2.997    11.311    regfile/SR[0]
    SLICE_X14Y57         FDSE                                         r  regfile/reg_3_reg[8]/S
  -------------------------------------------------------------------    -------------------

                         (clock sys_clk_pin rise edge)
                                                      0.000     0.000 r  
    R4                                                0.000     0.000 r  clk (IN)
                         net (fo=0)                   0.000     0.000    clk
    R4                   IBUF (Prop_ibuf_I_O)         1.405     1.405 r  clk_IBUF_inst/O
                         net (fo=1, routed)           2.004     3.409    clk_IBUF
    BUFGCTRL_X0Y0        BUFG (Prop_bufg_I_O)         0.091     3.500 r  clk_IBUF_BUFG_inst/O
                         net (fo=253, routed)         1.817     5.317    regfile/CLK
    SLICE_X14Y57         FDSE                                         r  regfile/reg_3_reg[8]/C

Slack:                    inf
  Source:                 reset_n
                            (input port)
  Destination:            regfile/reg_1_reg[12]/R
                            (rising edge-triggered cell FDRE clocked by sys_clk_pin  {rise@0.000ns fall@5.000ns period=10.000ns})
  Path Group:             (none)
  Path Type:              Setup (Max at Slow Process Corner)
  Data Path Delay:        11.135ns  (logic 1.121ns (10.065%)  route 10.014ns (89.935%))
  Logic Levels:           2  (IBUF=1 LUT1=1)
  Clock Path Skew:        5.315ns (DCD - SCD + CPR)
    Destination Clock Delay (DCD):    5.315ns
    Source Clock Delay      (SCD):    0.000ns
    Clock Pessimism Removal (CPR):    0.000ns
  Clock Uncertainty:      0.025ns  ((TSJ^2 + TIJ^2)^1/2 + DJ) / 2 + PE
    Total System Jitter     (TSJ):    0.050ns
    Total Input Jitter      (TIJ):    0.000ns
    Discrete Jitter          (DJ):    0.000ns
    Phase Error              (PE):    0.000ns

    Location             Delay type                Incr(ns)  Path(ns)    Netlist Resource(s)
  -------------------------------------------------------------------    -------------------
    G4                                                0.000     0.000 f  reset_n (IN)
                         net (fo=0)                   0.000     0.000    reset_n
    G4                   IBUF (Prop_ibuf_I_O)         0.969     0.969 f  reset_n_IBUF_inst/O
                         net (fo=4, routed)           7.194     8.162    regfile/reset_n_IBUF
    SLICE_X4Y72          LUT1 (Prop_lut1_I0_O)        0.152     8.314 r  regfile/FSM_onehot_state[6]_i_1/O
                         net (fo=210, routed)         2.820    11.135    regfile/SR[0]
    SLICE_X15Y61         FDRE                                         r  regfile/reg_1_reg[12]/R
  -------------------------------------------------------------------    -------------------

                         (clock sys_clk_pin rise edge)
                                                      0.000     0.000 r  
    R4                                                0.000     0.000 r  clk (IN)
                         net (fo=0)                   0.000     0.000    clk
    R4                   IBUF (Prop_ibuf_I_O)         1.405     1.405 r  clk_IBUF_inst/O
                         net (fo=1, routed)           2.004     3.409    clk_IBUF
    BUFGCTRL_X0Y0        BUFG (Prop_bufg_I_O)         0.091     3.500 r  clk_IBUF_BUFG_inst/O
                         net (fo=253, routed)         1.815     5.315    regfile/CLK
    SLICE_X15Y61         FDRE                                         r  regfile/reg_1_reg[12]/C

Slack:                    inf
  Source:                 reset_n
                            (input port)
  Destination:            regfile/reg_1_reg[13]/R
                            (rising edge-triggered cell FDRE clocked by sys_clk_pin  {rise@0.000ns fall@5.000ns period=10.000ns})
  Path Group:             (none)
  Path Type:              Setup (Max at Slow Process Corner)
  Data Path Delay:        11.135ns  (logic 1.121ns (10.065%)  route 10.014ns (89.935%))
  Logic Levels:           2  (IBUF=1 LUT1=1)
  Clock Path Skew:        5.315ns (DCD - SCD + CPR)
    Destination Clock Delay (DCD):    5.315ns
    Source Clock Delay      (SCD):    0.000ns
    Clock Pessimism Removal (CPR):    0.000ns
  Clock Uncertainty:      0.025ns  ((TSJ^2 + TIJ^2)^1/2 + DJ) / 2 + PE
    Total System Jitter     (TSJ):    0.050ns
    Total Input Jitter      (TIJ):    0.000ns
    Discrete Jitter          (DJ):    0.000ns
    Phase Error              (PE):    0.000ns

    Location             Delay type                Incr(ns)  Path(ns)    Netlist Resource(s)
  -------------------------------------------------------------------    -------------------
    G4                                                0.000     0.000 f  reset_n (IN)
                         net (fo=0)                   0.000     0.000    reset_n
    G4                   IBUF (Prop_ibuf_I_O)         0.969     0.969 f  reset_n_IBUF_inst/O
                         net (fo=4, routed)           7.194     8.162    regfile/reset_n_IBUF
    SLICE_X4Y72          LUT1 (Prop_lut1_I0_O)        0.152     8.314 r  regfile/FSM_onehot_state[6]_i_1/O
                         net (fo=210, routed)         2.820    11.135    regfile/SR[0]
    SLICE_X15Y61         FDRE                                         r  regfile/reg_1_reg[13]/R
  -------------------------------------------------------------------    -------------------

                         (clock sys_clk_pin rise edge)
                                                      0.000     0.000 r  
    R4                                                0.000     0.000 r  clk (IN)
                         net (fo=0)                   0.000     0.000    clk
    R4                   IBUF (Prop_ibuf_I_O)         1.405     1.405 r  clk_IBUF_inst/O
                         net (fo=1, routed)           2.004     3.409    clk_IBUF
    BUFGCTRL_X0Y0        BUFG (Prop_bufg_I_O)         0.091     3.500 r  clk_IBUF_BUFG_inst/O
                         net (fo=253, routed)         1.815     5.315    regfile/CLK
    SLICE_X15Y61         FDRE                                         r  regfile/reg_1_reg[13]/C





Min Delay Paths
--------------------------------------------------------------------------------------
Slack:                    inf
  Source:                 nes_data
                            (input port)
  Destination:            nes/shift_reg_reg[0]/D
                            (rising edge-triggered cell FDRE clocked by sys_clk_pin  {rise@0.000ns fall@5.000ns period=10.000ns})
  Path Group:             (none)
  Path Type:              Hold (Min at Fast Process Corner)
  Data Path Delay:        1.353ns  (logic 0.323ns (23.891%)  route 1.029ns (76.109%))
  Logic Levels:           2  (IBUF=1 LUT2=1)
  Clock Path Skew:        2.177ns (DCD - SCD - CPR)
    Destination Clock Delay (DCD):    2.177ns
    Source Clock Delay      (SCD):    0.000ns
    Clock Pessimism Removal (CPR):    -0.000ns

    Location             Delay type                Incr(ns)  Path(ns)    Netlist Resource(s)
  -------------------------------------------------------------------    -------------------
    AB20                                              0.000     0.000 f  nes_data (IN)
                         net (fo=0)                   0.000     0.000    nes_data
    AB20                 IBUF (Prop_ibuf_I_O)         0.278     0.278 f  nes_data_IBUF_inst/O
                         net (fo=1, routed)           1.029     1.308    nes/nes_data_IBUF
    SLICE_X3Y74          LUT2 (Prop_lut2_I1_O)        0.045     1.353 r  nes/shift_reg[0]_i_1/O
                         net (fo=1, routed)           0.000     1.353    nes/shift_reg[0]_i_1_n_0
    SLICE_X3Y74          FDRE                                         r  nes/shift_reg_reg[0]/D
  -------------------------------------------------------------------    -------------------

                         (clock sys_clk_pin rise edge)
                                                      0.000     0.000 r  
    R4                                                0.000     0.000 r  clk (IN)
                         net (fo=0)                   0.000     0.000    clk
    R4                   IBUF (Prop_ibuf_I_O)         0.431     0.431 r  clk_IBUF_inst/O
                         net (fo=1, routed)           0.734     1.165    clk_IBUF
    BUFGCTRL_X0Y0        BUFG (Prop_bufg_I_O)         0.029     1.194 r  clk_IBUF_BUFG_inst/O
                         net (fo=253, routed)         0.984     2.177    nes/CLK
    SLICE_X3Y74          FDRE                                         r  nes/shift_reg_reg[0]/C

Slack:                    inf
  Source:                 reset_n
                            (input port)
  Destination:            fsm/i_wr_en_reg/D
                            (rising edge-triggered cell FDRE clocked by sys_clk_pin  {rise@0.000ns fall@5.000ns period=10.000ns})
  Path Group:             (none)
  Path Type:              Hold (Min at Fast Process Corner)
  Data Path Delay:        3.401ns  (logic 0.172ns (5.055%)  route 3.229ns (94.945%))
  Logic Levels:           2  (IBUF=1 LUT5=1)
  Clock Path Skew:        2.181ns (DCD - SCD - CPR)
    Destination Clock Delay (DCD):    2.181ns
    Source Clock Delay      (SCD):    0.000ns
    Clock Pessimism Removal (CPR):    -0.000ns

    Location             Delay type                Incr(ns)  Path(ns)    Netlist Resource(s)
  -------------------------------------------------------------------    -------------------
    G4                                                0.000     0.000 r  reset_n (IN)
                         net (fo=0)                   0.000     0.000    reset_n
    G4                   IBUF (Prop_ibuf_I_O)         0.126     0.126 r  reset_n_IBUF_inst/O
                         net (fo=4, routed)           3.229     3.355    fsm/reset_n_IBUF
    SLICE_X4Y69          LUT5 (Prop_lut5_I4_O)        0.046     3.401 r  fsm/i_wr_en_i_1/O
                         net (fo=1, routed)           0.000     3.401    fsm/i_wr_en_i_1_n_0
    SLICE_X4Y69          FDRE                                         r  fsm/i_wr_en_reg/D
  -------------------------------------------------------------------    -------------------

                         (clock sys_clk_pin rise edge)
                                                      0.000     0.000 r  
    R4                                                0.000     0.000 r  clk (IN)
                         net (fo=0)                   0.000     0.000    clk
    R4                   IBUF (Prop_ibuf_I_O)         0.431     0.431 r  clk_IBUF_inst/O
                         net (fo=1, routed)           0.734     1.165    clk_IBUF
    BUFGCTRL_X0Y0        BUFG (Prop_bufg_I_O)         0.029     1.194 r  clk_IBUF_BUFG_inst/O
                         net (fo=253, routed)         0.988     2.181    fsm/CLK
    SLICE_X4Y69          FDRE                                         r  fsm/i_wr_en_reg/C

Slack:                    inf
  Source:                 reset_n
                            (input port)
  Destination:            pwm/counter_reg[0]/R
                            (rising edge-triggered cell FDRE clocked by sys_clk_pin  {rise@0.000ns fall@5.000ns period=10.000ns})
  Path Group:             (none)
  Path Type:              Hold (Min at Fast Process Corner)
  Data Path Delay:        3.526ns  (logic 0.171ns (4.847%)  route 3.355ns (95.153%))
  Logic Levels:           2  (IBUF=1 LUT6=1)
  Clock Path Skew:        2.162ns (DCD - SCD - CPR)
    Destination Clock Delay (DCD):    2.162ns
    Source Clock Delay      (SCD):    0.000ns
    Clock Pessimism Removal (CPR):    -0.000ns

    Location             Delay type                Incr(ns)  Path(ns)    Netlist Resource(s)
  -------------------------------------------------------------------    -------------------
    G4                                                0.000     0.000 f  reset_n (IN)
                         net (fo=0)                   0.000     0.000    reset_n
    G4                   IBUF (Prop_ibuf_I_O)         0.126     0.126 f  reset_n_IBUF_inst/O
                         net (fo=4, routed)           3.012     3.138    pwm/reset_n_IBUF
    SLICE_X14Y57         LUT6 (Prop_lut6_I5_O)        0.045     3.183 r  pwm/counter[0]_i_1/O
                         net (fo=21, routed)          0.343     3.526    pwm/counter[0]_i_1_n_0
    SLICE_X12Y55         FDRE                                         r  pwm/counter_reg[0]/R
  -------------------------------------------------------------------    -------------------

                         (clock sys_clk_pin rise edge)
                                                      0.000     0.000 r  
    R4                                                0.000     0.000 r  clk (IN)
                         net (fo=0)                   0.000     0.000    clk
    R4                   IBUF (Prop_ibuf_I_O)         0.431     0.431 r  clk_IBUF_inst/O
                         net (fo=1, routed)           0.734     1.165    clk_IBUF
    BUFGCTRL_X0Y0        BUFG (Prop_bufg_I_O)         0.029     1.194 r  clk_IBUF_BUFG_inst/O
                         net (fo=253, routed)         0.969     2.162    pwm/CLK
    SLICE_X12Y55         FDRE                                         r  pwm/counter_reg[0]/C

Slack:                    inf
  Source:                 reset_n
                            (input port)
  Destination:            pwm/counter_reg[1]/R
                            (rising edge-triggered cell FDRE clocked by sys_clk_pin  {rise@0.000ns fall@5.000ns period=10.000ns})
  Path Group:             (none)
  Path Type:              Hold (Min at Fast Process Corner)
  Data Path Delay:        3.526ns  (logic 0.171ns (4.847%)  route 3.355ns (95.153%))
  Logic Levels:           2  (IBUF=1 LUT6=1)
  Clock Path Skew:        2.162ns (DCD - SCD - CPR)
    Destination Clock Delay (DCD):    2.162ns
    Source Clock Delay      (SCD):    0.000ns
    Clock Pessimism Removal (CPR):    -0.000ns

    Location             Delay type                Incr(ns)  Path(ns)    Netlist Resource(s)
  -------------------------------------------------------------------    -------------------
    G4                                                0.000     0.000 f  reset_n (IN)
                         net (fo=0)                   0.000     0.000    reset_n
    G4                   IBUF (Prop_ibuf_I_O)         0.126     0.126 f  reset_n_IBUF_inst/O
                         net (fo=4, routed)           3.012     3.138    pwm/reset_n_IBUF
    SLICE_X14Y57         LUT6 (Prop_lut6_I5_O)        0.045     3.183 r  pwm/counter[0]_i_1/O
                         net (fo=21, routed)          0.343     3.526    pwm/counter[0]_i_1_n_0
    SLICE_X12Y55         FDRE                                         r  pwm/counter_reg[1]/R
  -------------------------------------------------------------------    -------------------

                         (clock sys_clk_pin rise edge)
                                                      0.000     0.000 r  
    R4                                                0.000     0.000 r  clk (IN)
                         net (fo=0)                   0.000     0.000    clk
    R4                   IBUF (Prop_ibuf_I_O)         0.431     0.431 r  clk_IBUF_inst/O
                         net (fo=1, routed)           0.734     1.165    clk_IBUF
    BUFGCTRL_X0Y0        BUFG (Prop_bufg_I_O)         0.029     1.194 r  clk_IBUF_BUFG_inst/O
                         net (fo=253, routed)         0.969     2.162    pwm/CLK
    SLICE_X12Y55         FDRE                                         r  pwm/counter_reg[1]/C

Slack:                    inf
  Source:                 reset_n
                            (input port)
  Destination:            pwm/counter_reg[2]/R
                            (rising edge-triggered cell FDRE clocked by sys_clk_pin  {rise@0.000ns fall@5.000ns period=10.000ns})
  Path Group:             (none)
  Path Type:              Hold (Min at Fast Process Corner)
  Data Path Delay:        3.526ns  (logic 0.171ns (4.847%)  route 3.355ns (95.153%))
  Logic Levels:           2  (IBUF=1 LUT6=1)
  Clock Path Skew:        2.162ns (DCD - SCD - CPR)
    Destination Clock Delay (DCD):    2.162ns
    Source Clock Delay      (SCD):    0.000ns
    Clock Pessimism Removal (CPR):    -0.000ns

    Location             Delay type                Incr(ns)  Path(ns)    Netlist Resource(s)
  -------------------------------------------------------------------    -------------------
    G4                                                0.000     0.000 f  reset_n (IN)
                         net (fo=0)                   0.000     0.000    reset_n
    G4                   IBUF (Prop_ibuf_I_O)         0.126     0.126 f  reset_n_IBUF_inst/O
                         net (fo=4, routed)           3.012     3.138    pwm/reset_n_IBUF
    SLICE_X14Y57         LUT6 (Prop_lut6_I5_O)        0.045     3.183 r  pwm/counter[0]_i_1/O
                         net (fo=21, routed)          0.343     3.526    pwm/counter[0]_i_1_n_0
    SLICE_X12Y55         FDRE                                         r  pwm/counter_reg[2]/R
  -------------------------------------------------------------------    -------------------

                         (clock sys_clk_pin rise edge)
                                                      0.000     0.000 r  
    R4                                                0.000     0.000 r  clk (IN)
                         net (fo=0)                   0.000     0.000    clk
    R4                   IBUF (Prop_ibuf_I_O)         0.431     0.431 r  clk_IBUF_inst/O
                         net (fo=1, routed)           0.734     1.165    clk_IBUF
    BUFGCTRL_X0Y0        BUFG (Prop_bufg_I_O)         0.029     1.194 r  clk_IBUF_BUFG_inst/O
                         net (fo=253, routed)         0.969     2.162    pwm/CLK
    SLICE_X12Y55         FDRE                                         r  pwm/counter_reg[2]/C

Slack:                    inf
  Source:                 reset_n
                            (input port)
  Destination:            pwm/counter_reg[3]/R
                            (rising edge-triggered cell FDRE clocked by sys_clk_pin  {rise@0.000ns fall@5.000ns period=10.000ns})
  Path Group:             (none)
  Path Type:              Hold (Min at Fast Process Corner)
  Data Path Delay:        3.526ns  (logic 0.171ns (4.847%)  route 3.355ns (95.153%))
  Logic Levels:           2  (IBUF=1 LUT6=1)
  Clock Path Skew:        2.162ns (DCD - SCD - CPR)
    Destination Clock Delay (DCD):    2.162ns
    Source Clock Delay      (SCD):    0.000ns
    Clock Pessimism Removal (CPR):    -0.000ns

    Location             Delay type                Incr(ns)  Path(ns)    Netlist Resource(s)
  -------------------------------------------------------------------    -------------------
    G4                                                0.000     0.000 f  reset_n (IN)
                         net (fo=0)                   0.000     0.000    reset_n
    G4                   IBUF (Prop_ibuf_I_O)         0.126     0.126 f  reset_n_IBUF_inst/O
                         net (fo=4, routed)           3.012     3.138    pwm/reset_n_IBUF
    SLICE_X14Y57         LUT6 (Prop_lut6_I5_O)        0.045     3.183 r  pwm/counter[0]_i_1/O
                         net (fo=21, routed)          0.343     3.526    pwm/counter[0]_i_1_n_0
    SLICE_X12Y55         FDRE                                         r  pwm/counter_reg[3]/R
  -------------------------------------------------------------------    -------------------

                         (clock sys_clk_pin rise edge)
                                                      0.000     0.000 r  
    R4                                                0.000     0.000 r  clk (IN)
                         net (fo=0)                   0.000     0.000    clk
    R4                   IBUF (Prop_ibuf_I_O)         0.431     0.431 r  clk_IBUF_inst/O
                         net (fo=1, routed)           0.734     1.165    clk_IBUF
    BUFGCTRL_X0Y0        BUFG (Prop_bufg_I_O)         0.029     1.194 r  clk_IBUF_BUFG_inst/O
                         net (fo=253, routed)         0.969     2.162    pwm/CLK
    SLICE_X12Y55         FDRE                                         r  pwm/counter_reg[3]/C

Slack:                    inf
  Source:                 reset_n
                            (input port)
  Destination:            pwm/counter_reg[16]/R
                            (rising edge-triggered cell FDRE clocked by sys_clk_pin  {rise@0.000ns fall@5.000ns period=10.000ns})
  Path Group:             (none)
  Path Type:              Hold (Min at Fast Process Corner)
  Data Path Delay:        3.547ns  (logic 0.171ns (4.819%)  route 3.376ns (95.181%))
  Logic Levels:           2  (IBUF=1 LUT6=1)
  Clock Path Skew:        2.161ns (DCD - SCD - CPR)
    Destination Clock Delay (DCD):    2.161ns
    Source Clock Delay      (SCD):    0.000ns
    Clock Pessimism Removal (CPR):    -0.000ns

    Location             Delay type                Incr(ns)  Path(ns)    Netlist Resource(s)
  -------------------------------------------------------------------    -------------------
    G4                                                0.000     0.000 f  reset_n (IN)
                         net (fo=0)                   0.000     0.000    reset_n
    G4                   IBUF (Prop_ibuf_I_O)         0.126     0.126 f  reset_n_IBUF_inst/O
                         net (fo=4, routed)           3.012     3.138    pwm/reset_n_IBUF
    SLICE_X14Y57         LUT6 (Prop_lut6_I5_O)        0.045     3.183 r  pwm/counter[0]_i_1/O
                         net (fo=21, routed)          0.363     3.547    pwm/counter[0]_i_1_n_0
    SLICE_X12Y59         FDRE                                         r  pwm/counter_reg[16]/R
  -------------------------------------------------------------------    -------------------

                         (clock sys_clk_pin rise edge)
                                                      0.000     0.000 r  
    R4                                                0.000     0.000 r  clk (IN)
                         net (fo=0)                   0.000     0.000    clk
    R4                   IBUF (Prop_ibuf_I_O)         0.431     0.431 r  clk_IBUF_inst/O
                         net (fo=1, routed)           0.734     1.165    clk_IBUF
    BUFGCTRL_X0Y0        BUFG (Prop_bufg_I_O)         0.029     1.194 r  clk_IBUF_BUFG_inst/O
                         net (fo=253, routed)         0.968     2.161    pwm/CLK
    SLICE_X12Y59         FDRE                                         r  pwm/counter_reg[16]/C

Slack:                    inf
  Source:                 reset_n
                            (input port)
  Destination:            pwm/counter_reg[17]/R
                            (rising edge-triggered cell FDRE clocked by sys_clk_pin  {rise@0.000ns fall@5.000ns period=10.000ns})
  Path Group:             (none)
  Path Type:              Hold (Min at Fast Process Corner)
  Data Path Delay:        3.547ns  (logic 0.171ns (4.819%)  route 3.376ns (95.181%))
  Logic Levels:           2  (IBUF=1 LUT6=1)
  Clock Path Skew:        2.161ns (DCD - SCD - CPR)
    Destination Clock Delay (DCD):    2.161ns
    Source Clock Delay      (SCD):    0.000ns
    Clock Pessimism Removal (CPR):    -0.000ns

    Location             Delay type                Incr(ns)  Path(ns)    Netlist Resource(s)
  -------------------------------------------------------------------    -------------------
    G4                                                0.000     0.000 f  reset_n (IN)
                         net (fo=0)                   0.000     0.000    reset_n
    G4                   IBUF (Prop_ibuf_I_O)         0.126     0.126 f  reset_n_IBUF_inst/O
                         net (fo=4, routed)           3.012     3.138    pwm/reset_n_IBUF
    SLICE_X14Y57         LUT6 (Prop_lut6_I5_O)        0.045     3.183 r  pwm/counter[0]_i_1/O
                         net (fo=21, routed)          0.363     3.547    pwm/counter[0]_i_1_n_0
    SLICE_X12Y59         FDRE                                         r  pwm/counter_reg[17]/R
  -------------------------------------------------------------------    -------------------

                         (clock sys_clk_pin rise edge)
                                                      0.000     0.000 r  
    R4                                                0.000     0.000 r  clk (IN)
                         net (fo=0)                   0.000     0.000    clk
    R4                   IBUF (Prop_ibuf_I_O)         0.431     0.431 r  clk_IBUF_inst/O
                         net (fo=1, routed)           0.734     1.165    clk_IBUF
    BUFGCTRL_X0Y0        BUFG (Prop_bufg_I_O)         0.029     1.194 r  clk_IBUF_BUFG_inst/O
                         net (fo=253, routed)         0.968     2.161    pwm/CLK
    SLICE_X12Y59         FDRE                                         r  pwm/counter_reg[17]/C

Slack:                    inf
  Source:                 reset_n
                            (input port)
  Destination:            pwm/counter_reg[18]/R
                            (rising edge-triggered cell FDRE clocked by sys_clk_pin  {rise@0.000ns fall@5.000ns period=10.000ns})
  Path Group:             (none)
  Path Type:              Hold (Min at Fast Process Corner)
  Data Path Delay:        3.547ns  (logic 0.171ns (4.819%)  route 3.376ns (95.181%))
  Logic Levels:           2  (IBUF=1 LUT6=1)
  Clock Path Skew:        2.161ns (DCD - SCD - CPR)
    Destination Clock Delay (DCD):    2.161ns
    Source Clock Delay      (SCD):    0.000ns
    Clock Pessimism Removal (CPR):    -0.000ns

    Location             Delay type                Incr(ns)  Path(ns)    Netlist Resource(s)
  -------------------------------------------------------------------    -------------------
    G4                                                0.000     0.000 f  reset_n (IN)
                         net (fo=0)                   0.000     0.000    reset_n
    G4                   IBUF (Prop_ibuf_I_O)         0.126     0.126 f  reset_n_IBUF_inst/O
                         net (fo=4, routed)           3.012     3.138    pwm/reset_n_IBUF
    SLICE_X14Y57         LUT6 (Prop_lut6_I5_O)        0.045     3.183 r  pwm/counter[0]_i_1/O
                         net (fo=21, routed)          0.363     3.547    pwm/counter[0]_i_1_n_0
    SLICE_X12Y59         FDRE                                         r  pwm/counter_reg[18]/R
  -------------------------------------------------------------------    -------------------

                         (clock sys_clk_pin rise edge)
                                                      0.000     0.000 r  
    R4                                                0.000     0.000 r  clk (IN)
                         net (fo=0)                   0.000     0.000    clk
    R4                   IBUF (Prop_ibuf_I_O)         0.431     0.431 r  clk_IBUF_inst/O
                         net (fo=1, routed)           0.734     1.165    clk_IBUF
    BUFGCTRL_X0Y0        BUFG (Prop_bufg_I_O)         0.029     1.194 r  clk_IBUF_BUFG_inst/O
                         net (fo=253, routed)         0.968     2.161    pwm/CLK
    SLICE_X12Y59         FDRE                                         r  pwm/counter_reg[18]/C

Slack:                    inf
  Source:                 reset_n
                            (input port)
  Destination:            pwm/counter_reg[19]/R
                            (rising edge-triggered cell FDRE clocked by sys_clk_pin  {rise@0.000ns fall@5.000ns period=10.000ns})
  Path Group:             (none)
  Path Type:              Hold (Min at Fast Process Corner)
  Data Path Delay:        3.547ns  (logic 0.171ns (4.819%)  route 3.376ns (95.181%))
  Logic Levels:           2  (IBUF=1 LUT6=1)
  Clock Path Skew:        2.161ns (DCD - SCD - CPR)
    Destination Clock Delay (DCD):    2.161ns
    Source Clock Delay      (SCD):    0.000ns
    Clock Pessimism Removal (CPR):    -0.000ns

    Location             Delay type                Incr(ns)  Path(ns)    Netlist Resource(s)
  -------------------------------------------------------------------    -------------------
    G4                                                0.000     0.000 f  reset_n (IN)
                         net (fo=0)                   0.000     0.000    reset_n
    G4                   IBUF (Prop_ibuf_I_O)         0.126     0.126 f  reset_n_IBUF_inst/O
                         net (fo=4, routed)           3.012     3.138    pwm/reset_n_IBUF
    SLICE_X14Y57         LUT6 (Prop_lut6_I5_O)        0.045     3.183 r  pwm/counter[0]_i_1/O
                         net (fo=21, routed)          0.363     3.547    pwm/counter[0]_i_1_n_0
    SLICE_X12Y59         FDRE                                         r  pwm/counter_reg[19]/R
  -------------------------------------------------------------------    -------------------

                         (clock sys_clk_pin rise edge)
                                                      0.000     0.000 r  
    R4                                                0.000     0.000 r  clk (IN)
                         net (fo=0)                   0.000     0.000    clk
    R4                   IBUF (Prop_ibuf_I_O)         0.431     0.431 r  clk_IBUF_inst/O
                         net (fo=1, routed)           0.734     1.165    clk_IBUF
    BUFGCTRL_X0Y0        BUFG (Prop_bufg_I_O)         0.029     1.194 r  clk_IBUF_BUFG_inst/O
                         net (fo=253, routed)         0.968     2.161    pwm/CLK
    SLICE_X12Y59         FDRE                                         r  pwm/counter_reg[19]/C





