Copyright 1986-2022 Xilinx, Inc. All Rights Reserved. Copyright 2022-2024 Advanced Micro Devices, Inc. All Rights Reserved.
---------------------------------------------------------------------------------------------------------------------------------------------------------------------------------------------------------
| Tool Version : Vivado v.2024.2 (win64) Build 5239630 Fri Nov 08 22:35:27 MST 2024
| Date         : Mon Feb 23 13:04:36 2026
| Host         : C27-5CG3121G2J running 64-bit major release  (build 9200)
| Command      : report_timing_summary -max_paths 10 -report_unconstrained -file lab2_timing_summary_routed.rpt -pb lab2_timing_summary_routed.pb -rpx lab2_timing_summary_routed.rpx -warn_on_violation
| Design       : lab2
| Device       : 7a200t-sbg484
| Speed File   : -1  PRODUCTION 1.23 2018-06-13
| Design State : Routed
---------------------------------------------------------------------------------------------------------------------------------------------------------------------------------------------------------

Timing Summary Report

------------------------------------------------------------------------------------------------
| Timer Settings
| --------------
------------------------------------------------------------------------------------------------

  Enable Multi Corner Analysis               :  Yes
  Enable Pessimism Removal                   :  Yes
  Pessimism Removal Resolution               :  Nearest Common Node
  Enable Input Delay Default Clock           :  No
  Enable Preset / Clear Arcs                 :  No
  Disable Flight Delays                      :  No
  Ignore I/O Paths                           :  No
  Timing Early Launch at Borrowing Latches   :  No
  Borrow Time for Max Delay Exceptions       :  Yes
  Merge Timing Exceptions                    :  Yes
  Inter-SLR Compensation                     :  Conservative

  Corner  Analyze    Analyze    
  Name    Max Paths  Min Paths  
  ------  ---------  ---------  
  Slow    Yes        Yes        
  Fast    Yes        Yes        


------------------------------------------------------------------------------------------------
| Report Methodology
| ------------------
------------------------------------------------------------------------------------------------

Rule       Severity          Description                                        Violations  
---------  ----------------  -------------------------------------------------  ----------  
TIMING-17  Critical Warning  Non-clocked sequential cell                        317         
TIMING-27  Critical Warning  Invalid primary clock on hierarchical pin          2           
XDCC-2     Warning           Scoped Non-Timing constraint/property overwritten  1           

Note: This report is based on the most recent report_methodology run and may not be up-to-date. Run report_methodology on the current design for the latest report.



check_timing report

Table of Contents
-----------------
1. checking no_clock (317)
2. checking constant_clock (0)
3. checking pulse_width_clock (0)
4. checking unconstrained_internal_endpoints (937)
5. checking no_input_delay (12)
6. checking no_output_delay (9)
7. checking multiple_clock (0)
8. checking generated_clocks (0)
9. checking loops (0)
10. checking partial_input_delay (0)
11. checking partial_output_delay (0)
12. checking latch_loops (0)

1. checking no_clock (317)
--------------------------
 There are 317 register/latch pins with no clock driven by root clock pin: clk (HIGH)


2. checking constant_clock (0)
------------------------------
 There are 0 register/latch pins with constant_clock.


3. checking pulse_width_clock (0)
---------------------------------
 There are 0 register/latch pins which need pulse_width check


4. checking unconstrained_internal_endpoints (937)
--------------------------------------------------
 There are 937 pins that are not constrained for maximum delay. (HIGH)

 There are 0 pins that are not constrained for maximum delay due to constant clock.


5. checking no_input_delay (12)
-------------------------------
 There are 12 input ports with no input delay specified. (HIGH)

 There are 0 input ports with no input delay but user has a false path constraint.


6. checking no_output_delay (9)
-------------------------------
 There are 9 ports with no output delay specified. (HIGH)

 There are 0 ports with no output delay but user has a false path constraint

 There are 0 ports with no output delay but with a timing clock defined on it or propagating through it


7. checking multiple_clock (0)
------------------------------
 There are 0 register/latch pins with multiple clocks.


8. checking generated_clocks (0)
--------------------------------
 There are 0 generated clocks that are not connected to a clock source.


9. checking loops (0)
---------------------
 There are 0 combinational loops in the design.


10. checking partial_input_delay (0)
------------------------------------
 There are 0 input ports with partial input delay specified.


11. checking partial_output_delay (0)
-------------------------------------
 There are 0 ports with partial output delay specified.


12. checking latch_loops (0)
----------------------------
 There are 0 combinational latch loops in the design through latch input



------------------------------------------------------------------------------------------------
| Design Timing Summary
| ---------------------
------------------------------------------------------------------------------------------------

    WNS(ns)      TNS(ns)  TNS Failing Endpoints  TNS Total Endpoints      WHS(ns)      THS(ns)  THS Failing Endpoints  THS Total Endpoints     WPWS(ns)     TPWS(ns)  TPWS Failing Endpoints  TPWS Total Endpoints  
    -------      -------  ---------------------  -------------------      -------      -------  ---------------------  -------------------     --------     --------  ----------------------  --------------------  
      3.509        0.000                      0                  405        0.053        0.000                      0                  405        3.000        0.000                       0                   258  


All user specified timing constraints are met.


------------------------------------------------------------------------------------------------
| Clock Summary
| -------------
------------------------------------------------------------------------------------------------

Clock                                                          Waveform(ns)         Period(ns)      Frequency(MHz)
-----                                                          ------------         ----------      --------------
datapath/Audio_Codec/audiocodec_master_clock/inst/clk_in1      {0.000 5.000}        10.000          100.000         
  clk_out1_clk_wiz_1                                           {0.000 40.687}       81.375          12.289          
  clk_out2_clk_wiz_1                                           {0.000 10.000}       20.000          50.000          
  clkfbout_clk_wiz_1                                           {0.000 5.000}        10.000          100.000         
datapath/video_inst/mmcm_adv_inst_display_clocks/inst/clk_in1  {0.000 5.000}        10.000          100.000         
  clk_out1_clk_wiz_0                                           {0.000 20.000}       40.000          25.000          
  clk_out2_clk_wiz_0                                           {0.000 4.000}        8.000           125.000         
  clkfbout_clk_wiz_0                                           {0.000 5.000}        10.000          100.000         


------------------------------------------------------------------------------------------------
| Intra Clock Table
| -----------------
------------------------------------------------------------------------------------------------

Clock                                                              WNS(ns)      TNS(ns)  TNS Failing Endpoints  TNS Total Endpoints      WHS(ns)      THS(ns)  THS Failing Endpoints  THS Total Endpoints     WPWS(ns)     TPWS(ns)  TPWS Failing Endpoints  TPWS Total Endpoints  
-----                                                              -------      -------  ---------------------  -------------------      -------      -------  ---------------------  -------------------     --------     --------  ----------------------  --------------------  
datapath/Audio_Codec/audiocodec_master_clock/inst/clk_in1                                                                                                                                                        3.000        0.000                       0                     1  
  clk_out1_clk_wiz_1                                                                                                                                                                                            79.220        0.000                       0                     2  
  clk_out2_clk_wiz_1                                                13.341        0.000                      0                  207        0.146        0.000                      0                  207        9.500        0.000                       0                   117  
  clkfbout_clk_wiz_1                                                                                                                                                                                             7.845        0.000                       0                     3  
datapath/video_inst/mmcm_adv_inst_display_clocks/inst/clk_in1                                                                                                                                                    3.000        0.000                       0                     1  
  clk_out1_clk_wiz_0                                                18.320        0.000                      0                  139        0.121        0.000                      0                  139       19.500        0.000                       0                    85  
  clk_out2_clk_wiz_0                                                 3.509        0.000                      0                   53        0.141        0.000                      0                   53        3.500        0.000                       0                    46  
  clkfbout_clk_wiz_0                                                                                                                                                                                             7.845        0.000                       0                     3  


------------------------------------------------------------------------------------------------
| Inter Clock Table
| -----------------
------------------------------------------------------------------------------------------------

From Clock          To Clock                WNS(ns)      TNS(ns)  TNS Failing Endpoints  TNS Total Endpoints      WHS(ns)      THS(ns)  THS Failing Endpoints  THS Total Endpoints  
----------          --------                -------      -------  ---------------------  -------------------      -------      -------  ---------------------  -------------------  
clk_out1_clk_wiz_0  clk_out2_clk_wiz_0        4.679        0.000                      0                   30        0.053        0.000                      0                   30  


------------------------------------------------------------------------------------------------
| Other Path Groups Table
| -----------------------
------------------------------------------------------------------------------------------------

Path Group    From Clock    To Clock          WNS(ns)      TNS(ns)  TNS Failing Endpoints  TNS Total Endpoints      WHS(ns)      THS(ns)  THS Failing Endpoints  THS Total Endpoints  
----------    ----------    --------          -------      -------  ---------------------  -------------------      -------      -------  ---------------------  -------------------  


------------------------------------------------------------------------------------------------
| User Ignored Path Table
| -----------------------
------------------------------------------------------------------------------------------------

Path Group    From Clock    To Clock    
----------    ----------    --------    


------------------------------------------------------------------------------------------------
| Unconstrained Path Table
| ------------------------
------------------------------------------------------------------------------------------------

Path Group          From Clock          To Clock          
----------          ----------          --------          
(none)                                                      
(none)              clk_out1_clk_wiz_0                      
(none)              clk_out1_clk_wiz_1                      
(none)              clk_out2_clk_wiz_0                      
(none)              clk_out2_clk_wiz_1                      
(none)              clkfbout_clk_wiz_0                      
(none)              clkfbout_clk_wiz_1                      
(none)                                  clk_out1_clk_wiz_0  
(none)                                  clk_out2_clk_wiz_1  


------------------------------------------------------------------------------------------------
| Timing Details
| --------------
------------------------------------------------------------------------------------------------


---------------------------------------------------------------------------------------------------
From Clock:  datapath/Audio_Codec/audiocodec_master_clock/inst/clk_in1
  To Clock:  datapath/Audio_Codec/audiocodec_master_clock/inst/clk_in1

Setup :           NA  Failing Endpoints,  Worst Slack           NA  ,  Total Violation           NA
Hold  :           NA  Failing Endpoints,  Worst Slack           NA  ,  Total Violation           NA
PW    :            0  Failing Endpoints,  Worst Slack        3.000ns,  Total Violation        0.000ns
---------------------------------------------------------------------------------------------------


Pulse Width Checks
--------------------------------------------------------------------------------------
Clock Name:         datapath/Audio_Codec/audiocodec_master_clock/inst/clk_in1
Waveform(ns):       { 0.000 5.000 }
Period(ns):         10.000
Sources:            { datapath/Audio_Codec/audiocodec_master_clock/inst/clk_in1 }

Check Type        Corner  Lib Pin            Reference Pin  Required(ns)  Actual(ns)  Slack(ns)  Location         Pin
Min Period        n/a     MMCME2_ADV/CLKIN1  n/a            1.249         10.000      8.751      MMCME2_ADV_X0Y2  datapath/Audio_Codec/audiocodec_master_clock/inst/mmcm_adv_inst/CLKIN1
Max Period        n/a     MMCME2_ADV/CLKIN1  n/a            100.000       10.000      90.000     MMCME2_ADV_X0Y2  datapath/Audio_Codec/audiocodec_master_clock/inst/mmcm_adv_inst/CLKIN1
Low Pulse Width   Slow    MMCME2_ADV/CLKIN1  n/a            2.000         5.000       3.000      MMCME2_ADV_X0Y2  datapath/Audio_Codec/audiocodec_master_clock/inst/mmcm_adv_inst/CLKIN1
Low Pulse Width   Fast    MMCME2_ADV/CLKIN1  n/a            2.000         5.000       3.000      MMCME2_ADV_X0Y2  datapath/Audio_Codec/audiocodec_master_clock/inst/mmcm_adv_inst/CLKIN1
High Pulse Width  Slow    MMCME2_ADV/CLKIN1  n/a            2.000         5.000       3.000      MMCME2_ADV_X0Y2  datapath/Audio_Codec/audiocodec_master_clock/inst/mmcm_adv_inst/CLKIN1
High Pulse Width  Fast    MMCME2_ADV/CLKIN1  n/a            2.000         5.000       3.000      MMCME2_ADV_X0Y2  datapath/Audio_Codec/audiocodec_master_clock/inst/mmcm_adv_inst/CLKIN1



---------------------------------------------------------------------------------------------------
From Clock:  clk_out1_clk_wiz_1
  To Clock:  clk_out1_clk_wiz_1

Setup :           NA  Failing Endpoints,  Worst Slack           NA  ,  Total Violation           NA
Hold  :           NA  Failing Endpoints,  Worst Slack           NA  ,  Total Violation           NA
PW    :            0  Failing Endpoints,  Worst Slack       79.220ns,  Total Violation        0.000ns
---------------------------------------------------------------------------------------------------


Pulse Width Checks
--------------------------------------------------------------------------------------
Clock Name:         clk_out1_clk_wiz_1
Waveform(ns):       { 0.000 40.688 }
Period(ns):         81.375
Sources:            { datapath/Audio_Codec/audiocodec_master_clock/inst/mmcm_adv_inst/CLKOUT0 }

Check Type  Corner  Lib Pin             Reference Pin  Required(ns)  Actual(ns)  Slack(ns)  Location         Pin
Min Period  n/a     BUFG/I              n/a            2.155         81.375      79.220     BUFGCTRL_X0Y1    datapath/Audio_Codec/audiocodec_master_clock/inst/clkout1_buf/I
Min Period  n/a     MMCME2_ADV/CLKOUT0  n/a            1.249         81.375      80.126     MMCME2_ADV_X0Y2  datapath/Audio_Codec/audiocodec_master_clock/inst/mmcm_adv_inst/CLKOUT0
Max Period  n/a     MMCME2_ADV/CLKOUT0  n/a            213.360       81.375      131.985    MMCME2_ADV_X0Y2  datapath/Audio_Codec/audiocodec_master_clock/inst/mmcm_adv_inst/CLKOUT0



---------------------------------------------------------------------------------------------------
From Clock:  clk_out2_clk_wiz_1
  To Clock:  clk_out2_clk_wiz_1

Setup :            0  Failing Endpoints,  Worst Slack       13.341ns,  Total Violation        0.000ns
Hold  :            0  Failing Endpoints,  Worst Slack        0.146ns,  Total Violation        0.000ns
PW    :            0  Failing Endpoints,  Worst Slack        9.500ns,  Total Violation        0.000ns
---------------------------------------------------------------------------------------------------


Max Delay Paths
--------------------------------------------------------------------------------------
Slack (MET) :             13.341ns  (required time - arrival time)
  Source:                 datapath/Audio_Codec/initialize_audio/twi_controller/sclCnt_reg[1]/C
                            (rising edge-triggered cell FDSE clocked by clk_out2_clk_wiz_1  {rise@0.000ns fall@10.000ns period=20.000ns})
  Destination:            datapath/Audio_Codec/initialize_audio/twi_controller/dataByte_reg[0]/CE
                            (rising edge-triggered cell FDRE clocked by clk_out2_clk_wiz_1  {rise@0.000ns fall@10.000ns period=20.000ns})
  Path Group:             clk_out2_clk_wiz_1
  Path Type:              Setup (Max at Slow Process Corner)
  Requirement:            20.000ns  (clk_out2_clk_wiz_1 rise@20.000ns - clk_out2_clk_wiz_1 rise@0.000ns)
  Data Path Delay:        6.330ns  (logic 1.879ns (29.683%)  route 4.451ns (70.317%))
  Logic Levels:           5  (LUT2=1 LUT3=2 LUT5=1 LUT6=1)
  Clock Path Skew:        -0.040ns (DCD - SCD + CPR)
    Destination Clock Delay (DCD):    1.709ns = ( 21.709 - 20.000 ) 
    Source Clock Delay      (SCD):    1.829ns
    Clock Pessimism Removal (CPR):    0.080ns
  Clock Uncertainty:      0.084ns  ((TSJ^2 + DJ^2)^1/2) / 2 + PE
    Total System Jitter     (TSJ):    0.071ns
    Discrete Jitter          (DJ):    0.152ns
    Phase Error              (PE):    0.000ns

    Location             Delay type                Incr(ns)  Path(ns)    Netlist Resource(s)
  -------------------------------------------------------------------    -------------------
                         (clock clk_out2_clk_wiz_1 rise edge)
                                                      0.000     0.000 r  
    BUFGCTRL_X0Y2        BUFG                         0.000     0.000 r  clk_IBUF_BUFG_inst/O
                         net (fo=319, routed)         1.761     1.761    datapath/Audio_Codec/audiocodec_master_clock/inst/clk_in1
    MMCME2_ADV_X0Y2      MMCME2_ADV (Prop_mmcme2_adv_CLKIN1_CLKOUT1)
                                                     -3.701    -1.939 r  datapath/Audio_Codec/audiocodec_master_clock/inst/mmcm_adv_inst/CLKOUT1
                         net (fo=1, routed)           1.843    -0.096    datapath/Audio_Codec/audiocodec_master_clock/inst/clk_out2_clk_wiz_1
    BUFGCTRL_X0Y3        BUFG (Prop_bufg_I_O)         0.096    -0.000 r  datapath/Audio_Codec/audiocodec_master_clock/inst/clkout2_buf/O
                         net (fo=115, routed)         1.829     1.829    datapath/Audio_Codec/initialize_audio/twi_controller/CLK
    SLICE_X160Y111       FDSE                                         r  datapath/Audio_Codec/initialize_audio/twi_controller/sclCnt_reg[1]/C
  -------------------------------------------------------------------    -------------------
    SLICE_X160Y111       FDSE (Prop_fdse_C_Q)         0.419     2.248 f  datapath/Audio_Codec/initialize_audio/twi_controller/sclCnt_reg[1]/Q
                         net (fo=6, routed)           0.897     3.145    datapath/Audio_Codec/initialize_audio/twi_controller/sclCnt_reg[1]
    SLICE_X161Y111       LUT5 (Prop_lut5_I0_O)        0.327     3.472 f  datapath/Audio_Codec/initialize_audio/twi_controller/sclCnt[6]_i_4/O
                         net (fo=2, routed)           0.267     3.739    datapath/Audio_Codec/initialize_audio/twi_controller/sclCnt[6]_i_4_n_0
    SLICE_X161Y111       LUT3 (Prop_lut3_I2_O)        0.328     4.067 r  datapath/Audio_Codec/initialize_audio/twi_controller/subState[1]_i_2/O
                         net (fo=8, routed)           0.646     4.712    datapath/Audio_Codec/initialize_audio/twi_controller/subState[1]_i_2_n_0
    SLICE_X158Y111       LUT3 (Prop_lut3_I0_O)        0.353     5.065 r  datapath/Audio_Codec/initialize_audio/twi_controller/FSM_gray_state[3]_i_6/O
                         net (fo=3, routed)           0.752     5.818    datapath/Audio_Codec/initialize_audio/twi_controller/FSM_gray_state[3]_i_6_n_0
    SLICE_X158Y109       LUT6 (Prop_lut6_I5_O)        0.328     6.146 r  datapath/Audio_Codec/initialize_audio/twi_controller/dataByte[7]_i_3/O
                         net (fo=4, routed)           1.183     7.329    datapath/Audio_Codec/initialize_audio/twi_controller/dataByte0
    SLICE_X158Y112       LUT2 (Prop_lut2_I0_O)        0.124     7.453 r  datapath/Audio_Codec/initialize_audio/twi_controller/dataByte[7]_i_1/O
                         net (fo=8, routed)           0.707     8.160    datapath/Audio_Codec/initialize_audio/twi_controller/dataByte[7]_i_1_n_0
    SLICE_X156Y110       FDRE                                         r  datapath/Audio_Codec/initialize_audio/twi_controller/dataByte_reg[0]/CE
  -------------------------------------------------------------------    -------------------

                         (clock clk_out2_clk_wiz_1 rise edge)
                                                     20.000    20.000 r  
    BUFGCTRL_X0Y2        BUFG                         0.000    20.000 r  clk_IBUF_BUFG_inst/O
                         net (fo=319, routed)         1.643    21.643    datapath/Audio_Codec/audiocodec_master_clock/inst/clk_in1
    MMCME2_ADV_X0Y2      MMCME2_ADV (Prop_mmcme2_adv_CLKIN1_CLKOUT1)
                                                     -3.494    18.149 r  datapath/Audio_Codec/audiocodec_master_clock/inst/mmcm_adv_inst/CLKOUT1
                         net (fo=1, routed)           1.760    19.909    datapath/Audio_Codec/audiocodec_master_clock/inst/clk_out2_clk_wiz_1
    BUFGCTRL_X0Y3        BUFG (Prop_bufg_I_O)         0.091    20.000 r  datapath/Audio_Codec/audiocodec_master_clock/inst/clkout2_buf/O
                         net (fo=115, routed)         1.709    21.709    datapath/Audio_Codec/initialize_audio/twi_controller/CLK
    SLICE_X156Y110       FDRE                                         r  datapath/Audio_Codec/initialize_audio/twi_controller/dataByte_reg[0]/C
                         clock pessimism              0.080    21.789    
                         clock uncertainty           -0.084    21.706    
    SLICE_X156Y110       FDRE (Setup_fdre_C_CE)      -0.205    21.501    datapath/Audio_Codec/initialize_audio/twi_controller/dataByte_reg[0]
  -------------------------------------------------------------------
                         required time                         21.501    
                         arrival time                          -8.160    
  -------------------------------------------------------------------
                         slack                                 13.341    

Slack (MET) :             13.341ns  (required time - arrival time)
  Source:                 datapath/Audio_Codec/initialize_audio/twi_controller/sclCnt_reg[1]/C
                            (rising edge-triggered cell FDSE clocked by clk_out2_clk_wiz_1  {rise@0.000ns fall@10.000ns period=20.000ns})
  Destination:            datapath/Audio_Codec/initialize_audio/twi_controller/dataByte_reg[1]/CE
                            (rising edge-triggered cell FDRE clocked by clk_out2_clk_wiz_1  {rise@0.000ns fall@10.000ns period=20.000ns})
  Path Group:             clk_out2_clk_wiz_1
  Path Type:              Setup (Max at Slow Process Corner)
  Requirement:            20.000ns  (clk_out2_clk_wiz_1 rise@20.000ns - clk_out2_clk_wiz_1 rise@0.000ns)
  Data Path Delay:        6.330ns  (logic 1.879ns (29.683%)  route 4.451ns (70.317%))
  Logic Levels:           5  (LUT2=1 LUT3=2 LUT5=1 LUT6=1)
  Clock Path Skew:        -0.040ns (DCD - SCD + CPR)
    Destination Clock Delay (DCD):    1.709ns = ( 21.709 - 20.000 ) 
    Source Clock Delay      (SCD):    1.829ns
    Clock Pessimism Removal (CPR):    0.080ns
  Clock Uncertainty:      0.084ns  ((TSJ^2 + DJ^2)^1/2) / 2 + PE
    Total System Jitter     (TSJ):    0.071ns
    Discrete Jitter          (DJ):    0.152ns
    Phase Error              (PE):    0.000ns

    Location             Delay type                Incr(ns)  Path(ns)    Netlist Resource(s)
  -------------------------------------------------------------------    -------------------
                         (clock clk_out2_clk_wiz_1 rise edge)
                                                      0.000     0.000 r  
    BUFGCTRL_X0Y2        BUFG                         0.000     0.000 r  clk_IBUF_BUFG_inst/O
                         net (fo=319, routed)         1.761     1.761    datapath/Audio_Codec/audiocodec_master_clock/inst/clk_in1
    MMCME2_ADV_X0Y2      MMCME2_ADV (Prop_mmcme2_adv_CLKIN1_CLKOUT1)
                                                     -3.701    -1.939 r  datapath/Audio_Codec/audiocodec_master_clock/inst/mmcm_adv_inst/CLKOUT1
                         net (fo=1, routed)           1.843    -0.096    datapath/Audio_Codec/audiocodec_master_clock/inst/clk_out2_clk_wiz_1
    BUFGCTRL_X0Y3        BUFG (Prop_bufg_I_O)         0.096    -0.000 r  datapath/Audio_Codec/audiocodec_master_clock/inst/clkout2_buf/O
                         net (fo=115, routed)         1.829     1.829    datapath/Audio_Codec/initialize_audio/twi_controller/CLK
    SLICE_X160Y111       FDSE                                         r  datapath/Audio_Codec/initialize_audio/twi_controller/sclCnt_reg[1]/C
  -------------------------------------------------------------------    -------------------
    SLICE_X160Y111       FDSE (Prop_fdse_C_Q)         0.419     2.248 f  datapath/Audio_Codec/initialize_audio/twi_controller/sclCnt_reg[1]/Q
                         net (fo=6, routed)           0.897     3.145    datapath/Audio_Codec/initialize_audio/twi_controller/sclCnt_reg[1]
    SLICE_X161Y111       LUT5 (Prop_lut5_I0_O)        0.327     3.472 f  datapath/Audio_Codec/initialize_audio/twi_controller/sclCnt[6]_i_4/O
                         net (fo=2, routed)           0.267     3.739    datapath/Audio_Codec/initialize_audio/twi_controller/sclCnt[6]_i_4_n_0
    SLICE_X161Y111       LUT3 (Prop_lut3_I2_O)        0.328     4.067 r  datapath/Audio_Codec/initialize_audio/twi_controller/subState[1]_i_2/O
                         net (fo=8, routed)           0.646     4.712    datapath/Audio_Codec/initialize_audio/twi_controller/subState[1]_i_2_n_0
    SLICE_X158Y111       LUT3 (Prop_lut3_I0_O)        0.353     5.065 r  datapath/Audio_Codec/initialize_audio/twi_controller/FSM_gray_state[3]_i_6/O
                         net (fo=3, routed)           0.752     5.818    datapath/Audio_Codec/initialize_audio/twi_controller/FSM_gray_state[3]_i_6_n_0
    SLICE_X158Y109       LUT6 (Prop_lut6_I5_O)        0.328     6.146 r  datapath/Audio_Codec/initialize_audio/twi_controller/dataByte[7]_i_3/O
                         net (fo=4, routed)           1.183     7.329    datapath/Audio_Codec/initialize_audio/twi_controller/dataByte0
    SLICE_X158Y112       LUT2 (Prop_lut2_I0_O)        0.124     7.453 r  datapath/Audio_Codec/initialize_audio/twi_controller/dataByte[7]_i_1/O
                         net (fo=8, routed)           0.707     8.160    datapath/Audio_Codec/initialize_audio/twi_controller/dataByte[7]_i_1_n_0
    SLICE_X156Y110       FDRE                                         r  datapath/Audio_Codec/initialize_audio/twi_controller/dataByte_reg[1]/CE
  -------------------------------------------------------------------    -------------------

                         (clock clk_out2_clk_wiz_1 rise edge)
                                                     20.000    20.000 r  
    BUFGCTRL_X0Y2        BUFG                         0.000    20.000 r  clk_IBUF_BUFG_inst/O
                         net (fo=319, routed)         1.643    21.643    datapath/Audio_Codec/audiocodec_master_clock/inst/clk_in1
    MMCME2_ADV_X0Y2      MMCME2_ADV (Prop_mmcme2_adv_CLKIN1_CLKOUT1)
                                                     -3.494    18.149 r  datapath/Audio_Codec/audiocodec_master_clock/inst/mmcm_adv_inst/CLKOUT1
                         net (fo=1, routed)           1.760    19.909    datapath/Audio_Codec/audiocodec_master_clock/inst/clk_out2_clk_wiz_1
    BUFGCTRL_X0Y3        BUFG (Prop_bufg_I_O)         0.091    20.000 r  datapath/Audio_Codec/audiocodec_master_clock/inst/clkout2_buf/O
                         net (fo=115, routed)         1.709    21.709    datapath/Audio_Codec/initialize_audio/twi_controller/CLK
    SLICE_X156Y110       FDRE                                         r  datapath/Audio_Codec/initialize_audio/twi_controller/dataByte_reg[1]/C
                         clock pessimism              0.080    21.789    
                         clock uncertainty           -0.084    21.706    
    SLICE_X156Y110       FDRE (Setup_fdre_C_CE)      -0.205    21.501    datapath/Audio_Codec/initialize_audio/twi_controller/dataByte_reg[1]
  -------------------------------------------------------------------
                         required time                         21.501    
                         arrival time                          -8.160    
  -------------------------------------------------------------------
                         slack                                 13.341    

Slack (MET) :             13.341ns  (required time - arrival time)
  Source:                 datapath/Audio_Codec/initialize_audio/twi_controller/sclCnt_reg[1]/C
                            (rising edge-triggered cell FDSE clocked by clk_out2_clk_wiz_1  {rise@0.000ns fall@10.000ns period=20.000ns})
  Destination:            datapath/Audio_Codec/initialize_audio/twi_controller/dataByte_reg[2]/CE
                            (rising edge-triggered cell FDRE clocked by clk_out2_clk_wiz_1  {rise@0.000ns fall@10.000ns period=20.000ns})
  Path Group:             clk_out2_clk_wiz_1
  Path Type:              Setup (Max at Slow Process Corner)
  Requirement:            20.000ns  (clk_out2_clk_wiz_1 rise@20.000ns - clk_out2_clk_wiz_1 rise@0.000ns)
  Data Path Delay:        6.330ns  (logic 1.879ns (29.683%)  route 4.451ns (70.317%))
  Logic Levels:           5  (LUT2=1 LUT3=2 LUT5=1 LUT6=1)
  Clock Path Skew:        -0.040ns (DCD - SCD + CPR)
    Destination Clock Delay (DCD):    1.709ns = ( 21.709 - 20.000 ) 
    Source Clock Delay      (SCD):    1.829ns
    Clock Pessimism Removal (CPR):    0.080ns
  Clock Uncertainty:      0.084ns  ((TSJ^2 + DJ^2)^1/2) / 2 + PE
    Total System Jitter     (TSJ):    0.071ns
    Discrete Jitter          (DJ):    0.152ns
    Phase Error              (PE):    0.000ns

    Location             Delay type                Incr(ns)  Path(ns)    Netlist Resource(s)
  -------------------------------------------------------------------    -------------------
                         (clock clk_out2_clk_wiz_1 rise edge)
                                                      0.000     0.000 r  
    BUFGCTRL_X0Y2        BUFG                         0.000     0.000 r  clk_IBUF_BUFG_inst/O
                         net (fo=319, routed)         1.761     1.761    datapath/Audio_Codec/audiocodec_master_clock/inst/clk_in1
    MMCME2_ADV_X0Y2      MMCME2_ADV (Prop_mmcme2_adv_CLKIN1_CLKOUT1)
                                                     -3.701    -1.939 r  datapath/Audio_Codec/audiocodec_master_clock/inst/mmcm_adv_inst/CLKOUT1
                         net (fo=1, routed)           1.843    -0.096    datapath/Audio_Codec/audiocodec_master_clock/inst/clk_out2_clk_wiz_1
    BUFGCTRL_X0Y3        BUFG (Prop_bufg_I_O)         0.096    -0.000 r  datapath/Audio_Codec/audiocodec_master_clock/inst/clkout2_buf/O
                         net (fo=115, routed)         1.829     1.829    datapath/Audio_Codec/initialize_audio/twi_controller/CLK
    SLICE_X160Y111       FDSE                                         r  datapath/Audio_Codec/initialize_audio/twi_controller/sclCnt_reg[1]/C
  -------------------------------------------------------------------    -------------------
    SLICE_X160Y111       FDSE (Prop_fdse_C_Q)         0.419     2.248 f  datapath/Audio_Codec/initialize_audio/twi_controller/sclCnt_reg[1]/Q
                         net (fo=6, routed)           0.897     3.145    datapath/Audio_Codec/initialize_audio/twi_controller/sclCnt_reg[1]
    SLICE_X161Y111       LUT5 (Prop_lut5_I0_O)        0.327     3.472 f  datapath/Audio_Codec/initialize_audio/twi_controller/sclCnt[6]_i_4/O
                         net (fo=2, routed)           0.267     3.739    datapath/Audio_Codec/initialize_audio/twi_controller/sclCnt[6]_i_4_n_0
    SLICE_X161Y111       LUT3 (Prop_lut3_I2_O)        0.328     4.067 r  datapath/Audio_Codec/initialize_audio/twi_controller/subState[1]_i_2/O
                         net (fo=8, routed)           0.646     4.712    datapath/Audio_Codec/initialize_audio/twi_controller/subState[1]_i_2_n_0
    SLICE_X158Y111       LUT3 (Prop_lut3_I0_O)        0.353     5.065 r  datapath/Audio_Codec/initialize_audio/twi_controller/FSM_gray_state[3]_i_6/O
                         net (fo=3, routed)           0.752     5.818    datapath/Audio_Codec/initialize_audio/twi_controller/FSM_gray_state[3]_i_6_n_0
    SLICE_X158Y109       LUT6 (Prop_lut6_I5_O)        0.328     6.146 r  datapath/Audio_Codec/initialize_audio/twi_controller/dataByte[7]_i_3/O
                         net (fo=4, routed)           1.183     7.329    datapath/Audio_Codec/initialize_audio/twi_controller/dataByte0
    SLICE_X158Y112       LUT2 (Prop_lut2_I0_O)        0.124     7.453 r  datapath/Audio_Codec/initialize_audio/twi_controller/dataByte[7]_i_1/O
                         net (fo=8, routed)           0.707     8.160    datapath/Audio_Codec/initialize_audio/twi_controller/dataByte[7]_i_1_n_0
    SLICE_X156Y110       FDRE                                         r  datapath/Audio_Codec/initialize_audio/twi_controller/dataByte_reg[2]/CE
  -------------------------------------------------------------------    -------------------

                         (clock clk_out2_clk_wiz_1 rise edge)
                                                     20.000    20.000 r  
    BUFGCTRL_X0Y2        BUFG                         0.000    20.000 r  clk_IBUF_BUFG_inst/O
                         net (fo=319, routed)         1.643    21.643    datapath/Audio_Codec/audiocodec_master_clock/inst/clk_in1
    MMCME2_ADV_X0Y2      MMCME2_ADV (Prop_mmcme2_adv_CLKIN1_CLKOUT1)
                                                     -3.494    18.149 r  datapath/Audio_Codec/audiocodec_master_clock/inst/mmcm_adv_inst/CLKOUT1
                         net (fo=1, routed)           1.760    19.909    datapath/Audio_Codec/audiocodec_master_clock/inst/clk_out2_clk_wiz_1
    BUFGCTRL_X0Y3        BUFG (Prop_bufg_I_O)         0.091    20.000 r  datapath/Audio_Codec/audiocodec_master_clock/inst/clkout2_buf/O
                         net (fo=115, routed)         1.709    21.709    datapath/Audio_Codec/initialize_audio/twi_controller/CLK
    SLICE_X156Y110       FDRE                                         r  datapath/Audio_Codec/initialize_audio/twi_controller/dataByte_reg[2]/C
                         clock pessimism              0.080    21.789    
                         clock uncertainty           -0.084    21.706    
    SLICE_X156Y110       FDRE (Setup_fdre_C_CE)      -0.205    21.501    datapath/Audio_Codec/initialize_audio/twi_controller/dataByte_reg[2]
  -------------------------------------------------------------------
                         required time                         21.501    
                         arrival time                          -8.160    
  -------------------------------------------------------------------
                         slack                                 13.341    

Slack (MET) :             13.341ns  (required time - arrival time)
  Source:                 datapath/Audio_Codec/initialize_audio/twi_controller/sclCnt_reg[1]/C
                            (rising edge-triggered cell FDSE clocked by clk_out2_clk_wiz_1  {rise@0.000ns fall@10.000ns period=20.000ns})
  Destination:            datapath/Audio_Codec/initialize_audio/twi_controller/dataByte_reg[3]/CE
                            (rising edge-triggered cell FDRE clocked by clk_out2_clk_wiz_1  {rise@0.000ns fall@10.000ns period=20.000ns})
  Path Group:             clk_out2_clk_wiz_1
  Path Type:              Setup (Max at Slow Process Corner)
  Requirement:            20.000ns  (clk_out2_clk_wiz_1 rise@20.000ns - clk_out2_clk_wiz_1 rise@0.000ns)
  Data Path Delay:        6.330ns  (logic 1.879ns (29.683%)  route 4.451ns (70.317%))
  Logic Levels:           5  (LUT2=1 LUT3=2 LUT5=1 LUT6=1)
  Clock Path Skew:        -0.040ns (DCD - SCD + CPR)
    Destination Clock Delay (DCD):    1.709ns = ( 21.709 - 20.000 ) 
    Source Clock Delay      (SCD):    1.829ns
    Clock Pessimism Removal (CPR):    0.080ns
  Clock Uncertainty:      0.084ns  ((TSJ^2 + DJ^2)^1/2) / 2 + PE
    Total System Jitter     (TSJ):    0.071ns
    Discrete Jitter          (DJ):    0.152ns
    Phase Error              (PE):    0.000ns

    Location             Delay type                Incr(ns)  Path(ns)    Netlist Resource(s)
  -------------------------------------------------------------------    -------------------
                         (clock clk_out2_clk_wiz_1 rise edge)
                                                      0.000     0.000 r  
    BUFGCTRL_X0Y2        BUFG                         0.000     0.000 r  clk_IBUF_BUFG_inst/O
                         net (fo=319, routed)         1.761     1.761    datapath/Audio_Codec/audiocodec_master_clock/inst/clk_in1
    MMCME2_ADV_X0Y2      MMCME2_ADV (Prop_mmcme2_adv_CLKIN1_CLKOUT1)
                                                     -3.701    -1.939 r  datapath/Audio_Codec/audiocodec_master_clock/inst/mmcm_adv_inst/CLKOUT1
                         net (fo=1, routed)           1.843    -0.096    datapath/Audio_Codec/audiocodec_master_clock/inst/clk_out2_clk_wiz_1
    BUFGCTRL_X0Y3        BUFG (Prop_bufg_I_O)         0.096    -0.000 r  datapath/Audio_Codec/audiocodec_master_clock/inst/clkout2_buf/O
                         net (fo=115, routed)         1.829     1.829    datapath/Audio_Codec/initialize_audio/twi_controller/CLK
    SLICE_X160Y111       FDSE                                         r  datapath/Audio_Codec/initialize_audio/twi_controller/sclCnt_reg[1]/C
  -------------------------------------------------------------------    -------------------
    SLICE_X160Y111       FDSE (Prop_fdse_C_Q)         0.419     2.248 f  datapath/Audio_Codec/initialize_audio/twi_controller/sclCnt_reg[1]/Q
                         net (fo=6, routed)           0.897     3.145    datapath/Audio_Codec/initialize_audio/twi_controller/sclCnt_reg[1]
    SLICE_X161Y111       LUT5 (Prop_lut5_I0_O)        0.327     3.472 f  datapath/Audio_Codec/initialize_audio/twi_controller/sclCnt[6]_i_4/O
                         net (fo=2, routed)           0.267     3.739    datapath/Audio_Codec/initialize_audio/twi_controller/sclCnt[6]_i_4_n_0
    SLICE_X161Y111       LUT3 (Prop_lut3_I2_O)        0.328     4.067 r  datapath/Audio_Codec/initialize_audio/twi_controller/subState[1]_i_2/O
                         net (fo=8, routed)           0.646     4.712    datapath/Audio_Codec/initialize_audio/twi_controller/subState[1]_i_2_n_0
    SLICE_X158Y111       LUT3 (Prop_lut3_I0_O)        0.353     5.065 r  datapath/Audio_Codec/initialize_audio/twi_controller/FSM_gray_state[3]_i_6/O
                         net (fo=3, routed)           0.752     5.818    datapath/Audio_Codec/initialize_audio/twi_controller/FSM_gray_state[3]_i_6_n_0
    SLICE_X158Y109       LUT6 (Prop_lut6_I5_O)        0.328     6.146 r  datapath/Audio_Codec/initialize_audio/twi_controller/dataByte[7]_i_3/O
                         net (fo=4, routed)           1.183     7.329    datapath/Audio_Codec/initialize_audio/twi_controller/dataByte0
    SLICE_X158Y112       LUT2 (Prop_lut2_I0_O)        0.124     7.453 r  datapath/Audio_Codec/initialize_audio/twi_controller/dataByte[7]_i_1/O
                         net (fo=8, routed)           0.707     8.160    datapath/Audio_Codec/initialize_audio/twi_controller/dataByte[7]_i_1_n_0
    SLICE_X156Y110       FDRE                                         r  datapath/Audio_Codec/initialize_audio/twi_controller/dataByte_reg[3]/CE
  -------------------------------------------------------------------    -------------------

                         (clock clk_out2_clk_wiz_1 rise edge)
                                                     20.000    20.000 r  
    BUFGCTRL_X0Y2        BUFG                         0.000    20.000 r  clk_IBUF_BUFG_inst/O
                         net (fo=319, routed)         1.643    21.643    datapath/Audio_Codec/audiocodec_master_clock/inst/clk_in1
    MMCME2_ADV_X0Y2      MMCME2_ADV (Prop_mmcme2_adv_CLKIN1_CLKOUT1)
                                                     -3.494    18.149 r  datapath/Audio_Codec/audiocodec_master_clock/inst/mmcm_adv_inst/CLKOUT1
                         net (fo=1, routed)           1.760    19.909    datapath/Audio_Codec/audiocodec_master_clock/inst/clk_out2_clk_wiz_1
    BUFGCTRL_X0Y3        BUFG (Prop_bufg_I_O)         0.091    20.000 r  datapath/Audio_Codec/audiocodec_master_clock/inst/clkout2_buf/O
                         net (fo=115, routed)         1.709    21.709    datapath/Audio_Codec/initialize_audio/twi_controller/CLK
    SLICE_X156Y110       FDRE                                         r  datapath/Audio_Codec/initialize_audio/twi_controller/dataByte_reg[3]/C
                         clock pessimism              0.080    21.789    
                         clock uncertainty           -0.084    21.706    
    SLICE_X156Y110       FDRE (Setup_fdre_C_CE)      -0.205    21.501    datapath/Audio_Codec/initialize_audio/twi_controller/dataByte_reg[3]
  -------------------------------------------------------------------
                         required time                         21.501    
                         arrival time                          -8.160    
  -------------------------------------------------------------------
                         slack                                 13.341    

Slack (MET) :             13.481ns  (required time - arrival time)
  Source:                 datapath/Audio_Codec/initialize_audio/twi_controller/sclCnt_reg[1]/C
                            (rising edge-triggered cell FDSE clocked by clk_out2_clk_wiz_1  {rise@0.000ns fall@10.000ns period=20.000ns})
  Destination:            datapath/Audio_Codec/initialize_audio/twi_controller/dataByte_reg[4]/CE
                            (rising edge-triggered cell FDRE clocked by clk_out2_clk_wiz_1  {rise@0.000ns fall@10.000ns period=20.000ns})
  Path Group:             clk_out2_clk_wiz_1
  Path Type:              Setup (Max at Slow Process Corner)
  Requirement:            20.000ns  (clk_out2_clk_wiz_1 rise@20.000ns - clk_out2_clk_wiz_1 rise@0.000ns)
  Data Path Delay:        6.189ns  (logic 1.879ns (30.359%)  route 4.310ns (69.641%))
  Logic Levels:           5  (LUT2=1 LUT3=2 LUT5=1 LUT6=1)
  Clock Path Skew:        -0.041ns (DCD - SCD + CPR)
    Destination Clock Delay (DCD):    1.708ns = ( 21.708 - 20.000 ) 
    Source Clock Delay      (SCD):    1.829ns
    Clock Pessimism Removal (CPR):    0.080ns
  Clock Uncertainty:      0.084ns  ((TSJ^2 + DJ^2)^1/2) / 2 + PE
    Total System Jitter     (TSJ):    0.071ns
    Discrete Jitter          (DJ):    0.152ns
    Phase Error              (PE):    0.000ns

    Location             Delay type                Incr(ns)  Path(ns)    Netlist Resource(s)
  -------------------------------------------------------------------    -------------------
                         (clock clk_out2_clk_wiz_1 rise edge)
                                                      0.000     0.000 r  
    BUFGCTRL_X0Y2        BUFG                         0.000     0.000 r  clk_IBUF_BUFG_inst/O
                         net (fo=319, routed)         1.761     1.761    datapath/Audio_Codec/audiocodec_master_clock/inst/clk_in1
    MMCME2_ADV_X0Y2      MMCME2_ADV (Prop_mmcme2_adv_CLKIN1_CLKOUT1)
                                                     -3.701    -1.939 r  datapath/Audio_Codec/audiocodec_master_clock/inst/mmcm_adv_inst/CLKOUT1
                         net (fo=1, routed)           1.843    -0.096    datapath/Audio_Codec/audiocodec_master_clock/inst/clk_out2_clk_wiz_1
    BUFGCTRL_X0Y3        BUFG (Prop_bufg_I_O)         0.096    -0.000 r  datapath/Audio_Codec/audiocodec_master_clock/inst/clkout2_buf/O
                         net (fo=115, routed)         1.829     1.829    datapath/Audio_Codec/initialize_audio/twi_controller/CLK
    SLICE_X160Y111       FDSE                                         r  datapath/Audio_Codec/initialize_audio/twi_controller/sclCnt_reg[1]/C
  -------------------------------------------------------------------    -------------------
    SLICE_X160Y111       FDSE (Prop_fdse_C_Q)         0.419     2.248 f  datapath/Audio_Codec/initialize_audio/twi_controller/sclCnt_reg[1]/Q
                         net (fo=6, routed)           0.897     3.145    datapath/Audio_Codec/initialize_audio/twi_controller/sclCnt_reg[1]
    SLICE_X161Y111       LUT5 (Prop_lut5_I0_O)        0.327     3.472 f  datapath/Audio_Codec/initialize_audio/twi_controller/sclCnt[6]_i_4/O
                         net (fo=2, routed)           0.267     3.739    datapath/Audio_Codec/initialize_audio/twi_controller/sclCnt[6]_i_4_n_0
    SLICE_X161Y111       LUT3 (Prop_lut3_I2_O)        0.328     4.067 r  datapath/Audio_Codec/initialize_audio/twi_controller/subState[1]_i_2/O
                         net (fo=8, routed)           0.646     4.712    datapath/Audio_Codec/initialize_audio/twi_controller/subState[1]_i_2_n_0
    SLICE_X158Y111       LUT3 (Prop_lut3_I0_O)        0.353     5.065 r  datapath/Audio_Codec/initialize_audio/twi_controller/FSM_gray_state[3]_i_6/O
                         net (fo=3, routed)           0.752     5.818    datapath/Audio_Codec/initialize_audio/twi_controller/FSM_gray_state[3]_i_6_n_0
    SLICE_X158Y109       LUT6 (Prop_lut6_I5_O)        0.328     6.146 r  datapath/Audio_Codec/initialize_audio/twi_controller/dataByte[7]_i_3/O
                         net (fo=4, routed)           1.183     7.329    datapath/Audio_Codec/initialize_audio/twi_controller/dataByte0
    SLICE_X158Y112       LUT2 (Prop_lut2_I0_O)        0.124     7.453 r  datapath/Audio_Codec/initialize_audio/twi_controller/dataByte[7]_i_1/O
                         net (fo=8, routed)           0.566     8.019    datapath/Audio_Codec/initialize_audio/twi_controller/dataByte[7]_i_1_n_0
    SLICE_X156Y111       FDRE                                         r  datapath/Audio_Codec/initialize_audio/twi_controller/dataByte_reg[4]/CE
  -------------------------------------------------------------------    -------------------

                         (clock clk_out2_clk_wiz_1 rise edge)
                                                     20.000    20.000 r  
    BUFGCTRL_X0Y2        BUFG                         0.000    20.000 r  clk_IBUF_BUFG_inst/O
                         net (fo=319, routed)         1.643    21.643    datapath/Audio_Codec/audiocodec_master_clock/inst/clk_in1
    MMCME2_ADV_X0Y2      MMCME2_ADV (Prop_mmcme2_adv_CLKIN1_CLKOUT1)
                                                     -3.494    18.149 r  datapath/Audio_Codec/audiocodec_master_clock/inst/mmcm_adv_inst/CLKOUT1
                         net (fo=1, routed)           1.760    19.909    datapath/Audio_Codec/audiocodec_master_clock/inst/clk_out2_clk_wiz_1
    BUFGCTRL_X0Y3        BUFG (Prop_bufg_I_O)         0.091    20.000 r  datapath/Audio_Codec/audiocodec_master_clock/inst/clkout2_buf/O
                         net (fo=115, routed)         1.708    21.708    datapath/Audio_Codec/initialize_audio/twi_controller/CLK
    SLICE_X156Y111       FDRE                                         r  datapath/Audio_Codec/initialize_audio/twi_controller/dataByte_reg[4]/C
                         clock pessimism              0.080    21.788    
                         clock uncertainty           -0.084    21.705    
    SLICE_X156Y111       FDRE (Setup_fdre_C_CE)      -0.205    21.500    datapath/Audio_Codec/initialize_audio/twi_controller/dataByte_reg[4]
  -------------------------------------------------------------------
                         required time                         21.500    
                         arrival time                          -8.019    
  -------------------------------------------------------------------
                         slack                                 13.481    

Slack (MET) :             13.481ns  (required time - arrival time)
  Source:                 datapath/Audio_Codec/initialize_audio/twi_controller/sclCnt_reg[1]/C
                            (rising edge-triggered cell FDSE clocked by clk_out2_clk_wiz_1  {rise@0.000ns fall@10.000ns period=20.000ns})
  Destination:            datapath/Audio_Codec/initialize_audio/twi_controller/dataByte_reg[5]/CE
                            (rising edge-triggered cell FDRE clocked by clk_out2_clk_wiz_1  {rise@0.000ns fall@10.000ns period=20.000ns})
  Path Group:             clk_out2_clk_wiz_1
  Path Type:              Setup (Max at Slow Process Corner)
  Requirement:            20.000ns  (clk_out2_clk_wiz_1 rise@20.000ns - clk_out2_clk_wiz_1 rise@0.000ns)
  Data Path Delay:        6.189ns  (logic 1.879ns (30.359%)  route 4.310ns (69.641%))
  Logic Levels:           5  (LUT2=1 LUT3=2 LUT5=1 LUT6=1)
  Clock Path Skew:        -0.041ns (DCD - SCD + CPR)
    Destination Clock Delay (DCD):    1.708ns = ( 21.708 - 20.000 ) 
    Source Clock Delay      (SCD):    1.829ns
    Clock Pessimism Removal (CPR):    0.080ns
  Clock Uncertainty:      0.084ns  ((TSJ^2 + DJ^2)^1/2) / 2 + PE
    Total System Jitter     (TSJ):    0.071ns
    Discrete Jitter          (DJ):    0.152ns
    Phase Error              (PE):    0.000ns

    Location             Delay type                Incr(ns)  Path(ns)    Netlist Resource(s)
  -------------------------------------------------------------------    -------------------
                         (clock clk_out2_clk_wiz_1 rise edge)
                                                      0.000     0.000 r  
    BUFGCTRL_X0Y2        BUFG                         0.000     0.000 r  clk_IBUF_BUFG_inst/O
                         net (fo=319, routed)         1.761     1.761    datapath/Audio_Codec/audiocodec_master_clock/inst/clk_in1
    MMCME2_ADV_X0Y2      MMCME2_ADV (Prop_mmcme2_adv_CLKIN1_CLKOUT1)
                                                     -3.701    -1.939 r  datapath/Audio_Codec/audiocodec_master_clock/inst/mmcm_adv_inst/CLKOUT1
                         net (fo=1, routed)           1.843    -0.096    datapath/Audio_Codec/audiocodec_master_clock/inst/clk_out2_clk_wiz_1
    BUFGCTRL_X0Y3        BUFG (Prop_bufg_I_O)         0.096    -0.000 r  datapath/Audio_Codec/audiocodec_master_clock/inst/clkout2_buf/O
                         net (fo=115, routed)         1.829     1.829    datapath/Audio_Codec/initialize_audio/twi_controller/CLK
    SLICE_X160Y111       FDSE                                         r  datapath/Audio_Codec/initialize_audio/twi_controller/sclCnt_reg[1]/C
  -------------------------------------------------------------------    -------------------
    SLICE_X160Y111       FDSE (Prop_fdse_C_Q)         0.419     2.248 f  datapath/Audio_Codec/initialize_audio/twi_controller/sclCnt_reg[1]/Q
                         net (fo=6, routed)           0.897     3.145    datapath/Audio_Codec/initialize_audio/twi_controller/sclCnt_reg[1]
    SLICE_X161Y111       LUT5 (Prop_lut5_I0_O)        0.327     3.472 f  datapath/Audio_Codec/initialize_audio/twi_controller/sclCnt[6]_i_4/O
                         net (fo=2, routed)           0.267     3.739    datapath/Audio_Codec/initialize_audio/twi_controller/sclCnt[6]_i_4_n_0
    SLICE_X161Y111       LUT3 (Prop_lut3_I2_O)        0.328     4.067 r  datapath/Audio_Codec/initialize_audio/twi_controller/subState[1]_i_2/O
                         net (fo=8, routed)           0.646     4.712    datapath/Audio_Codec/initialize_audio/twi_controller/subState[1]_i_2_n_0
    SLICE_X158Y111       LUT3 (Prop_lut3_I0_O)        0.353     5.065 r  datapath/Audio_Codec/initialize_audio/twi_controller/FSM_gray_state[3]_i_6/O
                         net (fo=3, routed)           0.752     5.818    datapath/Audio_Codec/initialize_audio/twi_controller/FSM_gray_state[3]_i_6_n_0
    SLICE_X158Y109       LUT6 (Prop_lut6_I5_O)        0.328     6.146 r  datapath/Audio_Codec/initialize_audio/twi_controller/dataByte[7]_i_3/O
                         net (fo=4, routed)           1.183     7.329    datapath/Audio_Codec/initialize_audio/twi_controller/dataByte0
    SLICE_X158Y112       LUT2 (Prop_lut2_I0_O)        0.124     7.453 r  datapath/Audio_Codec/initialize_audio/twi_controller/dataByte[7]_i_1/O
                         net (fo=8, routed)           0.566     8.019    datapath/Audio_Codec/initialize_audio/twi_controller/dataByte[7]_i_1_n_0
    SLICE_X156Y111       FDRE                                         r  datapath/Audio_Codec/initialize_audio/twi_controller/dataByte_reg[5]/CE
  -------------------------------------------------------------------    -------------------

                         (clock clk_out2_clk_wiz_1 rise edge)
                                                     20.000    20.000 r  
    BUFGCTRL_X0Y2        BUFG                         0.000    20.000 r  clk_IBUF_BUFG_inst/O
                         net (fo=319, routed)         1.643    21.643    datapath/Audio_Codec/audiocodec_master_clock/inst/clk_in1
    MMCME2_ADV_X0Y2      MMCME2_ADV (Prop_mmcme2_adv_CLKIN1_CLKOUT1)
                                                     -3.494    18.149 r  datapath/Audio_Codec/audiocodec_master_clock/inst/mmcm_adv_inst/CLKOUT1
                         net (fo=1, routed)           1.760    19.909    datapath/Audio_Codec/audiocodec_master_clock/inst/clk_out2_clk_wiz_1
    BUFGCTRL_X0Y3        BUFG (Prop_bufg_I_O)         0.091    20.000 r  datapath/Audio_Codec/audiocodec_master_clock/inst/clkout2_buf/O
                         net (fo=115, routed)         1.708    21.708    datapath/Audio_Codec/initialize_audio/twi_controller/CLK
    SLICE_X156Y111       FDRE                                         r  datapath/Audio_Codec/initialize_audio/twi_controller/dataByte_reg[5]/C
                         clock pessimism              0.080    21.788    
                         clock uncertainty           -0.084    21.705    
    SLICE_X156Y111       FDRE (Setup_fdre_C_CE)      -0.205    21.500    datapath/Audio_Codec/initialize_audio/twi_controller/dataByte_reg[5]
  -------------------------------------------------------------------
                         required time                         21.500    
                         arrival time                          -8.019    
  -------------------------------------------------------------------
                         slack                                 13.481    

Slack (MET) :             13.481ns  (required time - arrival time)
  Source:                 datapath/Audio_Codec/initialize_audio/twi_controller/sclCnt_reg[1]/C
                            (rising edge-triggered cell FDSE clocked by clk_out2_clk_wiz_1  {rise@0.000ns fall@10.000ns period=20.000ns})
  Destination:            datapath/Audio_Codec/initialize_audio/twi_controller/dataByte_reg[6]/CE
                            (rising edge-triggered cell FDRE clocked by clk_out2_clk_wiz_1  {rise@0.000ns fall@10.000ns period=20.000ns})
  Path Group:             clk_out2_clk_wiz_1
  Path Type:              Setup (Max at Slow Process Corner)
  Requirement:            20.000ns  (clk_out2_clk_wiz_1 rise@20.000ns - clk_out2_clk_wiz_1 rise@0.000ns)
  Data Path Delay:        6.189ns  (logic 1.879ns (30.359%)  route 4.310ns (69.641%))
  Logic Levels:           5  (LUT2=1 LUT3=2 LUT5=1 LUT6=1)
  Clock Path Skew:        -0.041ns (DCD - SCD + CPR)
    Destination Clock Delay (DCD):    1.708ns = ( 21.708 - 20.000 ) 
    Source Clock Delay      (SCD):    1.829ns
    Clock Pessimism Removal (CPR):    0.080ns
  Clock Uncertainty:      0.084ns  ((TSJ^2 + DJ^2)^1/2) / 2 + PE
    Total System Jitter     (TSJ):    0.071ns
    Discrete Jitter          (DJ):    0.152ns
    Phase Error              (PE):    0.000ns

    Location             Delay type                Incr(ns)  Path(ns)    Netlist Resource(s)
  -------------------------------------------------------------------    -------------------
                         (clock clk_out2_clk_wiz_1 rise edge)
                                                      0.000     0.000 r  
    BUFGCTRL_X0Y2        BUFG                         0.000     0.000 r  clk_IBUF_BUFG_inst/O
                         net (fo=319, routed)         1.761     1.761    datapath/Audio_Codec/audiocodec_master_clock/inst/clk_in1
    MMCME2_ADV_X0Y2      MMCME2_ADV (Prop_mmcme2_adv_CLKIN1_CLKOUT1)
                                                     -3.701    -1.939 r  datapath/Audio_Codec/audiocodec_master_clock/inst/mmcm_adv_inst/CLKOUT1
                         net (fo=1, routed)           1.843    -0.096    datapath/Audio_Codec/audiocodec_master_clock/inst/clk_out2_clk_wiz_1
    BUFGCTRL_X0Y3        BUFG (Prop_bufg_I_O)         0.096    -0.000 r  datapath/Audio_Codec/audiocodec_master_clock/inst/clkout2_buf/O
                         net (fo=115, routed)         1.829     1.829    datapath/Audio_Codec/initialize_audio/twi_controller/CLK
    SLICE_X160Y111       FDSE                                         r  datapath/Audio_Codec/initialize_audio/twi_controller/sclCnt_reg[1]/C
  -------------------------------------------------------------------    -------------------
    SLICE_X160Y111       FDSE (Prop_fdse_C_Q)         0.419     2.248 f  datapath/Audio_Codec/initialize_audio/twi_controller/sclCnt_reg[1]/Q
                         net (fo=6, routed)           0.897     3.145    datapath/Audio_Codec/initialize_audio/twi_controller/sclCnt_reg[1]
    SLICE_X161Y111       LUT5 (Prop_lut5_I0_O)        0.327     3.472 f  datapath/Audio_Codec/initialize_audio/twi_controller/sclCnt[6]_i_4/O
                         net (fo=2, routed)           0.267     3.739    datapath/Audio_Codec/initialize_audio/twi_controller/sclCnt[6]_i_4_n_0
    SLICE_X161Y111       LUT3 (Prop_lut3_I2_O)        0.328     4.067 r  datapath/Audio_Codec/initialize_audio/twi_controller/subState[1]_i_2/O
                         net (fo=8, routed)           0.646     4.712    datapath/Audio_Codec/initialize_audio/twi_controller/subState[1]_i_2_n_0
    SLICE_X158Y111       LUT3 (Prop_lut3_I0_O)        0.353     5.065 r  datapath/Audio_Codec/initialize_audio/twi_controller/FSM_gray_state[3]_i_6/O
                         net (fo=3, routed)           0.752     5.818    datapath/Audio_Codec/initialize_audio/twi_controller/FSM_gray_state[3]_i_6_n_0
    SLICE_X158Y109       LUT6 (Prop_lut6_I5_O)        0.328     6.146 r  datapath/Audio_Codec/initialize_audio/twi_controller/dataByte[7]_i_3/O
                         net (fo=4, routed)           1.183     7.329    datapath/Audio_Codec/initialize_audio/twi_controller/dataByte0
    SLICE_X158Y112       LUT2 (Prop_lut2_I0_O)        0.124     7.453 r  datapath/Audio_Codec/initialize_audio/twi_controller/dataByte[7]_i_1/O
                         net (fo=8, routed)           0.566     8.019    datapath/Audio_Codec/initialize_audio/twi_controller/dataByte[7]_i_1_n_0
    SLICE_X156Y111       FDRE                                         r  datapath/Audio_Codec/initialize_audio/twi_controller/dataByte_reg[6]/CE
  -------------------------------------------------------------------    -------------------

                         (clock clk_out2_clk_wiz_1 rise edge)
                                                     20.000    20.000 r  
    BUFGCTRL_X0Y2        BUFG                         0.000    20.000 r  clk_IBUF_BUFG_inst/O
                         net (fo=319, routed)         1.643    21.643    datapath/Audio_Codec/audiocodec_master_clock/inst/clk_in1
    MMCME2_ADV_X0Y2      MMCME2_ADV (Prop_mmcme2_adv_CLKIN1_CLKOUT1)
                                                     -3.494    18.149 r  datapath/Audio_Codec/audiocodec_master_clock/inst/mmcm_adv_inst/CLKOUT1
                         net (fo=1, routed)           1.760    19.909    datapath/Audio_Codec/audiocodec_master_clock/inst/clk_out2_clk_wiz_1
    BUFGCTRL_X0Y3        BUFG (Prop_bufg_I_O)         0.091    20.000 r  datapath/Audio_Codec/audiocodec_master_clock/inst/clkout2_buf/O
                         net (fo=115, routed)         1.708    21.708    datapath/Audio_Codec/initialize_audio/twi_controller/CLK
    SLICE_X156Y111       FDRE                                         r  datapath/Audio_Codec/initialize_audio/twi_controller/dataByte_reg[6]/C
                         clock pessimism              0.080    21.788    
                         clock uncertainty           -0.084    21.705    
    SLICE_X156Y111       FDRE (Setup_fdre_C_CE)      -0.205    21.500    datapath/Audio_Codec/initialize_audio/twi_controller/dataByte_reg[6]
  -------------------------------------------------------------------
                         required time                         21.500    
                         arrival time                          -8.019    
  -------------------------------------------------------------------
                         slack                                 13.481    

Slack (MET) :             13.481ns  (required time - arrival time)
  Source:                 datapath/Audio_Codec/initialize_audio/twi_controller/sclCnt_reg[1]/C
                            (rising edge-triggered cell FDSE clocked by clk_out2_clk_wiz_1  {rise@0.000ns fall@10.000ns period=20.000ns})
  Destination:            datapath/Audio_Codec/initialize_audio/twi_controller/dataByte_reg[7]/CE
                            (rising edge-triggered cell FDRE clocked by clk_out2_clk_wiz_1  {rise@0.000ns fall@10.000ns period=20.000ns})
  Path Group:             clk_out2_clk_wiz_1
  Path Type:              Setup (Max at Slow Process Corner)
  Requirement:            20.000ns  (clk_out2_clk_wiz_1 rise@20.000ns - clk_out2_clk_wiz_1 rise@0.000ns)
  Data Path Delay:        6.189ns  (logic 1.879ns (30.359%)  route 4.310ns (69.641%))
  Logic Levels:           5  (LUT2=1 LUT3=2 LUT5=1 LUT6=1)
  Clock Path Skew:        -0.041ns (DCD - SCD + CPR)
    Destination Clock Delay (DCD):    1.708ns = ( 21.708 - 20.000 ) 
    Source Clock Delay      (SCD):    1.829ns
    Clock Pessimism Removal (CPR):    0.080ns
  Clock Uncertainty:      0.084ns  ((TSJ^2 + DJ^2)^1/2) / 2 + PE
    Total System Jitter     (TSJ):    0.071ns
    Discrete Jitter          (DJ):    0.152ns
    Phase Error              (PE):    0.000ns

    Location             Delay type                Incr(ns)  Path(ns)    Netlist Resource(s)
  -------------------------------------------------------------------    -------------------
                         (clock clk_out2_clk_wiz_1 rise edge)
                                                      0.000     0.000 r  
    BUFGCTRL_X0Y2        BUFG                         0.000     0.000 r  clk_IBUF_BUFG_inst/O
                         net (fo=319, routed)         1.761     1.761    datapath/Audio_Codec/audiocodec_master_clock/inst/clk_in1
    MMCME2_ADV_X0Y2      MMCME2_ADV (Prop_mmcme2_adv_CLKIN1_CLKOUT1)
                                                     -3.701    -1.939 r  datapath/Audio_Codec/audiocodec_master_clock/inst/mmcm_adv_inst/CLKOUT1
                         net (fo=1, routed)           1.843    -0.096    datapath/Audio_Codec/audiocodec_master_clock/inst/clk_out2_clk_wiz_1
    BUFGCTRL_X0Y3        BUFG (Prop_bufg_I_O)         0.096    -0.000 r  datapath/Audio_Codec/audiocodec_master_clock/inst/clkout2_buf/O
                         net (fo=115, routed)         1.829     1.829    datapath/Audio_Codec/initialize_audio/twi_controller/CLK
    SLICE_X160Y111       FDSE                                         r  datapath/Audio_Codec/initialize_audio/twi_controller/sclCnt_reg[1]/C
  -------------------------------------------------------------------    -------------------
    SLICE_X160Y111       FDSE (Prop_fdse_C_Q)         0.419     2.248 f  datapath/Audio_Codec/initialize_audio/twi_controller/sclCnt_reg[1]/Q
                         net (fo=6, routed)           0.897     3.145    datapath/Audio_Codec/initialize_audio/twi_controller/sclCnt_reg[1]
    SLICE_X161Y111       LUT5 (Prop_lut5_I0_O)        0.327     3.472 f  datapath/Audio_Codec/initialize_audio/twi_controller/sclCnt[6]_i_4/O
                         net (fo=2, routed)           0.267     3.739    datapath/Audio_Codec/initialize_audio/twi_controller/sclCnt[6]_i_4_n_0
    SLICE_X161Y111       LUT3 (Prop_lut3_I2_O)        0.328     4.067 r  datapath/Audio_Codec/initialize_audio/twi_controller/subState[1]_i_2/O
                         net (fo=8, routed)           0.646     4.712    datapath/Audio_Codec/initialize_audio/twi_controller/subState[1]_i_2_n_0
    SLICE_X158Y111       LUT3 (Prop_lut3_I0_O)        0.353     5.065 r  datapath/Audio_Codec/initialize_audio/twi_controller/FSM_gray_state[3]_i_6/O
                         net (fo=3, routed)           0.752     5.818    datapath/Audio_Codec/initialize_audio/twi_controller/FSM_gray_state[3]_i_6_n_0
    SLICE_X158Y109       LUT6 (Prop_lut6_I5_O)        0.328     6.146 r  datapath/Audio_Codec/initialize_audio/twi_controller/dataByte[7]_i_3/O
                         net (fo=4, routed)           1.183     7.329    datapath/Audio_Codec/initialize_audio/twi_controller/dataByte0
    SLICE_X158Y112       LUT2 (Prop_lut2_I0_O)        0.124     7.453 r  datapath/Audio_Codec/initialize_audio/twi_controller/dataByte[7]_i_1/O
                         net (fo=8, routed)           0.566     8.019    datapath/Audio_Codec/initialize_audio/twi_controller/dataByte[7]_i_1_n_0
    SLICE_X156Y111       FDRE                                         r  datapath/Audio_Codec/initialize_audio/twi_controller/dataByte_reg[7]/CE
  -------------------------------------------------------------------    -------------------

                         (clock clk_out2_clk_wiz_1 rise edge)
                                                     20.000    20.000 r  
    BUFGCTRL_X0Y2        BUFG                         0.000    20.000 r  clk_IBUF_BUFG_inst/O
                         net (fo=319, routed)         1.643    21.643    datapath/Audio_Codec/audiocodec_master_clock/inst/clk_in1
    MMCME2_ADV_X0Y2      MMCME2_ADV (Prop_mmcme2_adv_CLKIN1_CLKOUT1)
                                                     -3.494    18.149 r  datapath/Audio_Codec/audiocodec_master_clock/inst/mmcm_adv_inst/CLKOUT1
                         net (fo=1, routed)           1.760    19.909    datapath/Audio_Codec/audiocodec_master_clock/inst/clk_out2_clk_wiz_1
    BUFGCTRL_X0Y3        BUFG (Prop_bufg_I_O)         0.091    20.000 r  datapath/Audio_Codec/audiocodec_master_clock/inst/clkout2_buf/O
                         net (fo=115, routed)         1.708    21.708    datapath/Audio_Codec/initialize_audio/twi_controller/CLK
    SLICE_X156Y111       FDRE                                         r  datapath/Audio_Codec/initialize_audio/twi_controller/dataByte_reg[7]/C
                         clock pessimism              0.080    21.788    
                         clock uncertainty           -0.084    21.705    
    SLICE_X156Y111       FDRE (Setup_fdre_C_CE)      -0.205    21.500    datapath/Audio_Codec/initialize_audio/twi_controller/dataByte_reg[7]
  -------------------------------------------------------------------
                         required time                         21.500    
                         arrival time                          -8.019    
  -------------------------------------------------------------------
                         slack                                 13.481    

Slack (MET) :             13.693ns  (required time - arrival time)
  Source:                 datapath/Audio_Codec/initialize_audio/delaycnt_reg[16]/C
                            (rising edge-triggered cell FDRE clocked by clk_out2_clk_wiz_1  {rise@0.000ns fall@10.000ns period=20.000ns})
  Destination:            datapath/Audio_Codec/initialize_audio/initA_reg[2]/CE
                            (rising edge-triggered cell FDRE clocked by clk_out2_clk_wiz_1  {rise@0.000ns fall@10.000ns period=20.000ns})
  Path Group:             clk_out2_clk_wiz_1
  Path Type:              Setup (Max at Slow Process Corner)
  Requirement:            20.000ns  (clk_out2_clk_wiz_1 rise@20.000ns - clk_out2_clk_wiz_1 rise@0.000ns)
  Data Path Delay:        5.978ns  (logic 1.076ns (17.998%)  route 4.902ns (82.002%))
  Logic Levels:           5  (LUT4=1 LUT5=2 LUT6=2)
  Clock Path Skew:        -0.040ns (DCD - SCD + CPR)
    Destination Clock Delay (DCD):    1.632ns = ( 21.632 - 20.000 ) 
    Source Clock Delay      (SCD):    1.752ns
    Clock Pessimism Removal (CPR):    0.080ns
  Clock Uncertainty:      0.084ns  ((TSJ^2 + DJ^2)^1/2) / 2 + PE
    Total System Jitter     (TSJ):    0.071ns
    Discrete Jitter          (DJ):    0.152ns
    Phase Error              (PE):    0.000ns

    Location             Delay type                Incr(ns)  Path(ns)    Netlist Resource(s)
  -------------------------------------------------------------------    -------------------
                         (clock clk_out2_clk_wiz_1 rise edge)
                                                      0.000     0.000 r  
    BUFGCTRL_X0Y2        BUFG                         0.000     0.000 r  clk_IBUF_BUFG_inst/O
                         net (fo=319, routed)         1.761     1.761    datapath/Audio_Codec/audiocodec_master_clock/inst/clk_in1
    MMCME2_ADV_X0Y2      MMCME2_ADV (Prop_mmcme2_adv_CLKIN1_CLKOUT1)
                                                     -3.701    -1.939 r  datapath/Audio_Codec/audiocodec_master_clock/inst/mmcm_adv_inst/CLKOUT1
                         net (fo=1, routed)           1.843    -0.096    datapath/Audio_Codec/audiocodec_master_clock/inst/clk_out2_clk_wiz_1
    BUFGCTRL_X0Y3        BUFG (Prop_bufg_I_O)         0.096    -0.000 r  datapath/Audio_Codec/audiocodec_master_clock/inst/clkout2_buf/O
                         net (fo=115, routed)         1.752     1.752    datapath/Audio_Codec/initialize_audio/CLK
    SLICE_X155Y113       FDRE                                         r  datapath/Audio_Codec/initialize_audio/delaycnt_reg[16]/C
  -------------------------------------------------------------------    -------------------
    SLICE_X155Y113       FDRE (Prop_fdre_C_Q)         0.456     2.208 f  datapath/Audio_Codec/initialize_audio/delaycnt_reg[16]/Q
                         net (fo=3, routed)           0.835     3.044    datapath/Audio_Codec/initialize_audio/delaycnt[16]
    SLICE_X154Y115       LUT4 (Prop_lut4_I3_O)        0.124     3.168 r  datapath/Audio_Codec/initialize_audio/state[3]_i_11/O
                         net (fo=1, routed)           0.803     3.971    datapath/Audio_Codec/initialize_audio/state[3]_i_11_n_0
    SLICE_X154Y116       LUT5 (Prop_lut5_I4_O)        0.124     4.095 r  datapath/Audio_Codec/initialize_audio/state[3]_i_7/O
                         net (fo=1, routed)           1.170     5.265    datapath/Audio_Codec/initialize_audio/state[3]_i_7_n_0
    SLICE_X154Y111       LUT6 (Prop_lut6_I5_O)        0.124     5.389 r  datapath/Audio_Codec/initialize_audio/state[3]_i_3/O
                         net (fo=3, routed)           0.956     6.345    datapath/Audio_Codec/initialize_audio/state[3]_i_3_n_0
    SLICE_X154Y108       LUT5 (Prop_lut5_I4_O)        0.124     6.469 r  datapath/Audio_Codec/initialize_audio/initA[6]_i_4/O
                         net (fo=2, routed)           0.449     6.918    datapath/Audio_Codec/initialize_audio/twi_controller/initEn_reg_0
    SLICE_X154Y109       LUT6 (Prop_lut6_I5_O)        0.124     7.042 r  datapath/Audio_Codec/initialize_audio/twi_controller/initA[6]_i_1/O
                         net (fo=7, routed)           0.688     7.731    datapath/Audio_Codec/initialize_audio/twi_controller_n_6
    SLICE_X153Y112       FDRE                                         r  datapath/Audio_Codec/initialize_audio/initA_reg[2]/CE
  -------------------------------------------------------------------    -------------------

                         (clock clk_out2_clk_wiz_1 rise edge)
                                                     20.000    20.000 r  
    BUFGCTRL_X0Y2        BUFG                         0.000    20.000 r  clk_IBUF_BUFG_inst/O
                         net (fo=319, routed)         1.643    21.643    datapath/Audio_Codec/audiocodec_master_clock/inst/clk_in1
    MMCME2_ADV_X0Y2      MMCME2_ADV (Prop_mmcme2_adv_CLKIN1_CLKOUT1)
                                                     -3.494    18.149 r  datapath/Audio_Codec/audiocodec_master_clock/inst/mmcm_adv_inst/CLKOUT1
                         net (fo=1, routed)           1.760    19.909    datapath/Audio_Codec/audiocodec_master_clock/inst/clk_out2_clk_wiz_1
    BUFGCTRL_X0Y3        BUFG (Prop_bufg_I_O)         0.091    20.000 r  datapath/Audio_Codec/audiocodec_master_clock/inst/clkout2_buf/O
                         net (fo=115, routed)         1.632    21.632    datapath/Audio_Codec/initialize_audio/CLK
    SLICE_X153Y112       FDRE                                         r  datapath/Audio_Codec/initialize_audio/initA_reg[2]/C
                         clock pessimism              0.080    21.712    
                         clock uncertainty           -0.084    21.629    
    SLICE_X153Y112       FDRE (Setup_fdre_C_CE)      -0.205    21.424    datapath/Audio_Codec/initialize_audio/initA_reg[2]
  -------------------------------------------------------------------
                         required time                         21.424    
                         arrival time                          -7.731    
  -------------------------------------------------------------------
                         slack                                 13.693    

Slack (MET) :             13.693ns  (required time - arrival time)
  Source:                 datapath/Audio_Codec/initialize_audio/delaycnt_reg[16]/C
                            (rising edge-triggered cell FDRE clocked by clk_out2_clk_wiz_1  {rise@0.000ns fall@10.000ns period=20.000ns})
  Destination:            datapath/Audio_Codec/initialize_audio/initA_reg[5]/CE
                            (rising edge-triggered cell FDRE clocked by clk_out2_clk_wiz_1  {rise@0.000ns fall@10.000ns period=20.000ns})
  Path Group:             clk_out2_clk_wiz_1
  Path Type:              Setup (Max at Slow Process Corner)
  Requirement:            20.000ns  (clk_out2_clk_wiz_1 rise@20.000ns - clk_out2_clk_wiz_1 rise@0.000ns)
  Data Path Delay:        5.978ns  (logic 1.076ns (17.998%)  route 4.902ns (82.002%))
  Logic Levels:           5  (LUT4=1 LUT5=2 LUT6=2)
  Clock Path Skew:        -0.040ns (DCD - SCD + CPR)
    Destination Clock Delay (DCD):    1.632ns = ( 21.632 - 20.000 ) 
    Source Clock Delay      (SCD):    1.752ns
    Clock Pessimism Removal (CPR):    0.080ns
  Clock Uncertainty:      0.084ns  ((TSJ^2 + DJ^2)^1/2) / 2 + PE
    Total System Jitter     (TSJ):    0.071ns
    Discrete Jitter          (DJ):    0.152ns
    Phase Error              (PE):    0.000ns

    Location             Delay type                Incr(ns)  Path(ns)    Netlist Resource(s)
  -------------------------------------------------------------------    -------------------
                         (clock clk_out2_clk_wiz_1 rise edge)
                                                      0.000     0.000 r  
    BUFGCTRL_X0Y2        BUFG                         0.000     0.000 r  clk_IBUF_BUFG_inst/O
                         net (fo=319, routed)         1.761     1.761    datapath/Audio_Codec/audiocodec_master_clock/inst/clk_in1
    MMCME2_ADV_X0Y2      MMCME2_ADV (Prop_mmcme2_adv_CLKIN1_CLKOUT1)
                                                     -3.701    -1.939 r  datapath/Audio_Codec/audiocodec_master_clock/inst/mmcm_adv_inst/CLKOUT1
                         net (fo=1, routed)           1.843    -0.096    datapath/Audio_Codec/audiocodec_master_clock/inst/clk_out2_clk_wiz_1
    BUFGCTRL_X0Y3        BUFG (Prop_bufg_I_O)         0.096    -0.000 r  datapath/Audio_Codec/audiocodec_master_clock/inst/clkout2_buf/O
                         net (fo=115, routed)         1.752     1.752    datapath/Audio_Codec/initialize_audio/CLK
    SLICE_X155Y113       FDRE                                         r  datapath/Audio_Codec/initialize_audio/delaycnt_reg[16]/C
  -------------------------------------------------------------------    -------------------
    SLICE_X155Y113       FDRE (Prop_fdre_C_Q)         0.456     2.208 f  datapath/Audio_Codec/initialize_audio/delaycnt_reg[16]/Q
                         net (fo=3, routed)           0.835     3.044    datapath/Audio_Codec/initialize_audio/delaycnt[16]
    SLICE_X154Y115       LUT4 (Prop_lut4_I3_O)        0.124     3.168 r  datapath/Audio_Codec/initialize_audio/state[3]_i_11/O
                         net (fo=1, routed)           0.803     3.971    datapath/Audio_Codec/initialize_audio/state[3]_i_11_n_0
    SLICE_X154Y116       LUT5 (Prop_lut5_I4_O)        0.124     4.095 r  datapath/Audio_Codec/initialize_audio/state[3]_i_7/O
                         net (fo=1, routed)           1.170     5.265    datapath/Audio_Codec/initialize_audio/state[3]_i_7_n_0
    SLICE_X154Y111       LUT6 (Prop_lut6_I5_O)        0.124     5.389 r  datapath/Audio_Codec/initialize_audio/state[3]_i_3/O
                         net (fo=3, routed)           0.956     6.345    datapath/Audio_Codec/initialize_audio/state[3]_i_3_n_0
    SLICE_X154Y108       LUT5 (Prop_lut5_I4_O)        0.124     6.469 r  datapath/Audio_Codec/initialize_audio/initA[6]_i_4/O
                         net (fo=2, routed)           0.449     6.918    datapath/Audio_Codec/initialize_audio/twi_controller/initEn_reg_0
    SLICE_X154Y109       LUT6 (Prop_lut6_I5_O)        0.124     7.042 r  datapath/Audio_Codec/initialize_audio/twi_controller/initA[6]_i_1/O
                         net (fo=7, routed)           0.688     7.731    datapath/Audio_Codec/initialize_audio/twi_controller_n_6
    SLICE_X153Y112       FDRE                                         r  datapath/Audio_Codec/initialize_audio/initA_reg[5]/CE
  -------------------------------------------------------------------    -------------------

                         (clock clk_out2_clk_wiz_1 rise edge)
                                                     20.000    20.000 r  
    BUFGCTRL_X0Y2        BUFG                         0.000    20.000 r  clk_IBUF_BUFG_inst/O
                         net (fo=319, routed)         1.643    21.643    datapath/Audio_Codec/audiocodec_master_clock/inst/clk_in1
    MMCME2_ADV_X0Y2      MMCME2_ADV (Prop_mmcme2_adv_CLKIN1_CLKOUT1)
                                                     -3.494    18.149 r  datapath/Audio_Codec/audiocodec_master_clock/inst/mmcm_adv_inst/CLKOUT1
                         net (fo=1, routed)           1.760    19.909    datapath/Audio_Codec/audiocodec_master_clock/inst/clk_out2_clk_wiz_1
    BUFGCTRL_X0Y3        BUFG (Prop_bufg_I_O)         0.091    20.000 r  datapath/Audio_Codec/audiocodec_master_clock/inst/clkout2_buf/O
                         net (fo=115, routed)         1.632    21.632    datapath/Audio_Codec/initialize_audio/CLK
    SLICE_X153Y112       FDRE                                         r  datapath/Audio_Codec/initialize_audio/initA_reg[5]/C
                         clock pessimism              0.080    21.712    
                         clock uncertainty           -0.084    21.629    
    SLICE_X153Y112       FDRE (Setup_fdre_C_CE)      -0.205    21.424    datapath/Audio_Codec/initialize_audio/initA_reg[5]
  -------------------------------------------------------------------
                         required time                         21.424    
                         arrival time                          -7.731    
  -------------------------------------------------------------------
                         slack                                 13.693    





Min Delay Paths
--------------------------------------------------------------------------------------
Slack (MET) :             0.146ns  (arrival time - required time)
  Source:                 datapath/Audio_Codec/initialize_audio/twi_controller/sclCnt_reg[4]/C
                            (rising edge-triggered cell FDSE clocked by clk_out2_clk_wiz_1  {rise@0.000ns fall@10.000ns period=20.000ns})
  Destination:            datapath/Audio_Codec/initialize_audio/twi_controller/sclCnt_reg[5]/D
                            (rising edge-triggered cell FDRE clocked by clk_out2_clk_wiz_1  {rise@0.000ns fall@10.000ns period=20.000ns})
  Path Group:             clk_out2_clk_wiz_1
  Path Type:              Hold (Min at Fast Process Corner)
  Requirement:            0.000ns  (clk_out2_clk_wiz_1 rise@0.000ns - clk_out2_clk_wiz_1 rise@0.000ns)
  Data Path Delay:        0.251ns  (logic 0.186ns (74.094%)  route 0.065ns (25.906%))
  Logic Levels:           1  (LUT6=1)
  Clock Path Skew:        0.013ns (DCD - SCD - CPR)
    Destination Clock Delay (DCD):    0.919ns
    Source Clock Delay      (SCD):    0.646ns
    Clock Pessimism Removal (CPR):    0.260ns

    Location             Delay type                Incr(ns)  Path(ns)    Netlist Resource(s)
  -------------------------------------------------------------------    -------------------
                         (clock clk_out2_clk_wiz_1 rise edge)
                                                      0.000     0.000 r  
    BUFGCTRL_X0Y2        BUFG                         0.000     0.000 r  clk_IBUF_BUFG_inst/O
                         net (fo=319, routed)         0.610     0.610    datapath/Audio_Codec/audiocodec_master_clock/inst/clk_in1
    MMCME2_ADV_X0Y2      MMCME2_ADV (Prop_mmcme2_adv_CLKIN1_CLKOUT1)
                                                     -1.180    -0.571 r  datapath/Audio_Codec/audiocodec_master_clock/inst/mmcm_adv_inst/CLKOUT1
                         net (fo=1, routed)           0.545    -0.026    datapath/Audio_Codec/audiocodec_master_clock/inst/clk_out2_clk_wiz_1
    BUFGCTRL_X0Y3        BUFG (Prop_bufg_I_O)         0.026     0.000 r  datapath/Audio_Codec/audiocodec_master_clock/inst/clkout2_buf/O
                         net (fo=115, routed)         0.646     0.646    datapath/Audio_Codec/initialize_audio/twi_controller/CLK
    SLICE_X160Y111       FDSE                                         r  datapath/Audio_Codec/initialize_audio/twi_controller/sclCnt_reg[4]/C
  -------------------------------------------------------------------    -------------------
    SLICE_X160Y111       FDSE (Prop_fdse_C_Q)         0.141     0.787 r  datapath/Audio_Codec/initialize_audio/twi_controller/sclCnt_reg[4]/Q
                         net (fo=3, routed)           0.065     0.852    datapath/Audio_Codec/initialize_audio/twi_controller/sclCnt_reg[4]
    SLICE_X161Y111       LUT6 (Prop_lut6_I4_O)        0.045     0.897 r  datapath/Audio_Codec/initialize_audio/twi_controller/sclCnt[5]_i_1/O
                         net (fo=1, routed)           0.000     0.897    datapath/Audio_Codec/initialize_audio/twi_controller/sclCnt0[5]
    SLICE_X161Y111       FDRE                                         r  datapath/Audio_Codec/initialize_audio/twi_controller/sclCnt_reg[5]/D
  -------------------------------------------------------------------    -------------------

                         (clock clk_out2_clk_wiz_1 rise edge)
                                                      0.000     0.000 r  
    BUFGCTRL_X0Y2        BUFG                         0.000     0.000 r  clk_IBUF_BUFG_inst/O
                         net (fo=319, routed)         0.879     0.879    datapath/Audio_Codec/audiocodec_master_clock/inst/clk_in1
    MMCME2_ADV_X0Y2      MMCME2_ADV (Prop_mmcme2_adv_CLKIN1_CLKOUT1)
                                                     -1.502    -0.624 r  datapath/Audio_Codec/audiocodec_master_clock/inst/mmcm_adv_inst/CLKOUT1
                         net (fo=1, routed)           0.595    -0.029    datapath/Audio_Codec/audiocodec_master_clock/inst/clk_out2_clk_wiz_1
    BUFGCTRL_X0Y3        BUFG (Prop_bufg_I_O)         0.029    -0.000 r  datapath/Audio_Codec/audiocodec_master_clock/inst/clkout2_buf/O
                         net (fo=115, routed)         0.919     0.919    datapath/Audio_Codec/initialize_audio/twi_controller/CLK
    SLICE_X161Y111       FDRE                                         r  datapath/Audio_Codec/initialize_audio/twi_controller/sclCnt_reg[5]/C
                         clock pessimism             -0.260     0.659    
    SLICE_X161Y111       FDRE (Hold_fdre_C_D)         0.092     0.751    datapath/Audio_Codec/initialize_audio/twi_controller/sclCnt_reg[5]
  -------------------------------------------------------------------
                         required time                         -0.751    
                         arrival time                           0.897    
  -------------------------------------------------------------------
                         slack                                  0.146    

Slack (MET) :             0.187ns  (arrival time - required time)
  Source:                 datapath/Audio_Codec/initialize_audio/initWord_reg[30]/C
                            (rising edge-triggered cell FDRE clocked by clk_out2_clk_wiz_1  {rise@0.000ns fall@10.000ns period=20.000ns})
  Destination:            datapath/Audio_Codec/initialize_audio/data_i_reg[6]/D
                            (rising edge-triggered cell FDRE clocked by clk_out2_clk_wiz_1  {rise@0.000ns fall@10.000ns period=20.000ns})
  Path Group:             clk_out2_clk_wiz_1
  Path Type:              Hold (Min at Fast Process Corner)
  Requirement:            0.000ns  (clk_out2_clk_wiz_1 rise@0.000ns - clk_out2_clk_wiz_1 rise@0.000ns)
  Data Path Delay:        0.292ns  (logic 0.209ns (71.550%)  route 0.083ns (28.450%))
  Logic Levels:           1  (LUT6=1)
  Clock Path Skew:        0.013ns (DCD - SCD - CPR)
    Destination Clock Delay (DCD):    0.892ns
    Source Clock Delay      (SCD):    0.620ns
    Clock Pessimism Removal (CPR):    0.259ns

    Location             Delay type                Incr(ns)  Path(ns)    Netlist Resource(s)
  -------------------------------------------------------------------    -------------------
                         (clock clk_out2_clk_wiz_1 rise edge)
                                                      0.000     0.000 r  
    BUFGCTRL_X0Y2        BUFG                         0.000     0.000 r  clk_IBUF_BUFG_inst/O
                         net (fo=319, routed)         0.610     0.610    datapath/Audio_Codec/audiocodec_master_clock/inst/clk_in1
    MMCME2_ADV_X0Y2      MMCME2_ADV (Prop_mmcme2_adv_CLKIN1_CLKOUT1)
                                                     -1.180    -0.571 r  datapath/Audio_Codec/audiocodec_master_clock/inst/mmcm_adv_inst/CLKOUT1
                         net (fo=1, routed)           0.545    -0.026    datapath/Audio_Codec/audiocodec_master_clock/inst/clk_out2_clk_wiz_1
    BUFGCTRL_X0Y3        BUFG (Prop_bufg_I_O)         0.026     0.000 r  datapath/Audio_Codec/audiocodec_master_clock/inst/clkout2_buf/O
                         net (fo=115, routed)         0.620     0.620    datapath/Audio_Codec/initialize_audio/CLK
    SLICE_X154Y109       FDRE                                         r  datapath/Audio_Codec/initialize_audio/initWord_reg[30]/C
  -------------------------------------------------------------------    -------------------
    SLICE_X154Y109       FDRE (Prop_fdre_C_Q)         0.164     0.784 r  datapath/Audio_Codec/initialize_audio/initWord_reg[30]/Q
                         net (fo=1, routed)           0.083     0.867    datapath/Audio_Codec/initialize_audio/data0[6]
    SLICE_X155Y109       LUT6 (Prop_lut6_I1_O)        0.045     0.912 r  datapath/Audio_Codec/initialize_audio/data_i[6]_i_1/O
                         net (fo=1, routed)           0.000     0.912    datapath/Audio_Codec/initialize_audio/data_i[6]_i_1_n_0
    SLICE_X155Y109       FDRE                                         r  datapath/Audio_Codec/initialize_audio/data_i_reg[6]/D
  -------------------------------------------------------------------    -------------------

                         (clock clk_out2_clk_wiz_1 rise edge)
                                                      0.000     0.000 r  
    BUFGCTRL_X0Y2        BUFG                         0.000     0.000 r  clk_IBUF_BUFG_inst/O
                         net (fo=319, routed)         0.879     0.879    datapath/Audio_Codec/audiocodec_master_clock/inst/clk_in1
    MMCME2_ADV_X0Y2      MMCME2_ADV (Prop_mmcme2_adv_CLKIN1_CLKOUT1)
                                                     -1.502    -0.624 r  datapath/Audio_Codec/audiocodec_master_clock/inst/mmcm_adv_inst/CLKOUT1
                         net (fo=1, routed)           0.595    -0.029    datapath/Audio_Codec/audiocodec_master_clock/inst/clk_out2_clk_wiz_1
    BUFGCTRL_X0Y3        BUFG (Prop_bufg_I_O)         0.029    -0.000 r  datapath/Audio_Codec/audiocodec_master_clock/inst/clkout2_buf/O
                         net (fo=115, routed)         0.892     0.892    datapath/Audio_Codec/initialize_audio/CLK
    SLICE_X155Y109       FDRE                                         r  datapath/Audio_Codec/initialize_audio/data_i_reg[6]/C
                         clock pessimism             -0.259     0.633    
    SLICE_X155Y109       FDRE (Hold_fdre_C_D)         0.092     0.725    datapath/Audio_Codec/initialize_audio/data_i_reg[6]
  -------------------------------------------------------------------
                         required time                         -0.725    
                         arrival time                           0.912    
  -------------------------------------------------------------------
                         slack                                  0.187    

Slack (MET) :             0.187ns  (arrival time - required time)
  Source:                 datapath/Audio_Codec/initialize_audio/initWord_reg[10]/C
                            (rising edge-triggered cell FDRE clocked by clk_out2_clk_wiz_1  {rise@0.000ns fall@10.000ns period=20.000ns})
  Destination:            datapath/Audio_Codec/initialize_audio/data_i_reg[2]/D
                            (rising edge-triggered cell FDRE clocked by clk_out2_clk_wiz_1  {rise@0.000ns fall@10.000ns period=20.000ns})
  Path Group:             clk_out2_clk_wiz_1
  Path Type:              Hold (Min at Fast Process Corner)
  Requirement:            0.000ns  (clk_out2_clk_wiz_1 rise@0.000ns - clk_out2_clk_wiz_1 rise@0.000ns)
  Data Path Delay:        0.294ns  (logic 0.186ns (63.228%)  route 0.108ns (36.772%))
  Logic Levels:           1  (LUT6=1)
  Clock Path Skew:        0.016ns (DCD - SCD - CPR)
    Destination Clock Delay (DCD):    0.891ns
    Source Clock Delay      (SCD):    0.619ns
    Clock Pessimism Removal (CPR):    0.256ns

    Location             Delay type                Incr(ns)  Path(ns)    Netlist Resource(s)
  -------------------------------------------------------------------    -------------------
                         (clock clk_out2_clk_wiz_1 rise edge)
                                                      0.000     0.000 r  
    BUFGCTRL_X0Y2        BUFG                         0.000     0.000 r  clk_IBUF_BUFG_inst/O
                         net (fo=319, routed)         0.610     0.610    datapath/Audio_Codec/audiocodec_master_clock/inst/clk_in1
    MMCME2_ADV_X0Y2      MMCME2_ADV (Prop_mmcme2_adv_CLKIN1_CLKOUT1)
                                                     -1.180    -0.571 r  datapath/Audio_Codec/audiocodec_master_clock/inst/mmcm_adv_inst/CLKOUT1
                         net (fo=1, routed)           0.545    -0.026    datapath/Audio_Codec/audiocodec_master_clock/inst/clk_out2_clk_wiz_1
    BUFGCTRL_X0Y3        BUFG (Prop_bufg_I_O)         0.026     0.000 r  datapath/Audio_Codec/audiocodec_master_clock/inst/clkout2_buf/O
                         net (fo=115, routed)         0.619     0.619    datapath/Audio_Codec/initialize_audio/CLK
    SLICE_X153Y111       FDRE                                         r  datapath/Audio_Codec/initialize_audio/initWord_reg[10]/C
  -------------------------------------------------------------------    -------------------
    SLICE_X153Y111       FDRE (Prop_fdre_C_Q)         0.141     0.760 r  datapath/Audio_Codec/initialize_audio/initWord_reg[10]/Q
                         net (fo=1, routed)           0.108     0.868    datapath/Audio_Codec/initialize_audio/data2[2]
    SLICE_X153Y110       LUT6 (Prop_lut6_I3_O)        0.045     0.913 r  datapath/Audio_Codec/initialize_audio/data_i[2]_i_1/O
                         net (fo=1, routed)           0.000     0.913    datapath/Audio_Codec/initialize_audio/data_i[2]_i_1_n_0
    SLICE_X153Y110       FDRE                                         r  datapath/Audio_Codec/initialize_audio/data_i_reg[2]/D
  -------------------------------------------------------------------    -------------------

                         (clock clk_out2_clk_wiz_1 rise edge)
                                                      0.000     0.000 r  
    BUFGCTRL_X0Y2        BUFG                         0.000     0.000 r  clk_IBUF_BUFG_inst/O
                         net (fo=319, routed)         0.879     0.879    datapath/Audio_Codec/audiocodec_master_clock/inst/clk_in1
    MMCME2_ADV_X0Y2      MMCME2_ADV (Prop_mmcme2_adv_CLKIN1_CLKOUT1)
                                                     -1.502    -0.624 r  datapath/Audio_Codec/audiocodec_master_clock/inst/mmcm_adv_inst/CLKOUT1
                         net (fo=1, routed)           0.595    -0.029    datapath/Audio_Codec/audiocodec_master_clock/inst/clk_out2_clk_wiz_1
    BUFGCTRL_X0Y3        BUFG (Prop_bufg_I_O)         0.029    -0.000 r  datapath/Audio_Codec/audiocodec_master_clock/inst/clkout2_buf/O
                         net (fo=115, routed)         0.891     0.891    datapath/Audio_Codec/initialize_audio/CLK
    SLICE_X153Y110       FDRE                                         r  datapath/Audio_Codec/initialize_audio/data_i_reg[2]/C
                         clock pessimism             -0.256     0.635    
    SLICE_X153Y110       FDRE (Hold_fdre_C_D)         0.091     0.726    datapath/Audio_Codec/initialize_audio/data_i_reg[2]
  -------------------------------------------------------------------
                         required time                         -0.726    
                         arrival time                           0.913    
  -------------------------------------------------------------------
                         slack                                  0.187    

Slack (MET) :             0.189ns  (arrival time - required time)
  Source:                 datapath/Audio_Codec/initialize_audio/twi_controller/sclCnt_reg[0]/C
                            (rising edge-triggered cell FDSE clocked by clk_out2_clk_wiz_1  {rise@0.000ns fall@10.000ns period=20.000ns})
  Destination:            datapath/Audio_Codec/initialize_audio/twi_controller/sclCnt_reg[3]/D
                            (rising edge-triggered cell FDSE clocked by clk_out2_clk_wiz_1  {rise@0.000ns fall@10.000ns period=20.000ns})
  Path Group:             clk_out2_clk_wiz_1
  Path Type:              Hold (Min at Fast Process Corner)
  Requirement:            0.000ns  (clk_out2_clk_wiz_1 rise@0.000ns - clk_out2_clk_wiz_1 rise@0.000ns)
  Data Path Delay:        0.309ns  (logic 0.189ns (61.148%)  route 0.120ns (38.852%))
  Logic Levels:           1  (LUT4=1)
  Clock Path Skew:        0.013ns (DCD - SCD - CPR)
    Destination Clock Delay (DCD):    0.919ns
    Source Clock Delay      (SCD):    0.646ns
    Clock Pessimism Removal (CPR):    0.260ns

    Location             Delay type                Incr(ns)  Path(ns)    Netlist Resource(s)
  -------------------------------------------------------------------    -------------------
                         (clock clk_out2_clk_wiz_1 rise edge)
                                                      0.000     0.000 r  
    BUFGCTRL_X0Y2        BUFG                         0.000     0.000 r  clk_IBUF_BUFG_inst/O
                         net (fo=319, routed)         0.610     0.610    datapath/Audio_Codec/audiocodec_master_clock/inst/clk_in1
    MMCME2_ADV_X0Y2      MMCME2_ADV (Prop_mmcme2_adv_CLKIN1_CLKOUT1)
                                                     -1.180    -0.571 r  datapath/Audio_Codec/audiocodec_master_clock/inst/mmcm_adv_inst/CLKOUT1
                         net (fo=1, routed)           0.545    -0.026    datapath/Audio_Codec/audiocodec_master_clock/inst/clk_out2_clk_wiz_1
    BUFGCTRL_X0Y3        BUFG (Prop_bufg_I_O)         0.026     0.000 r  datapath/Audio_Codec/audiocodec_master_clock/inst/clkout2_buf/O
                         net (fo=115, routed)         0.646     0.646    datapath/Audio_Codec/initialize_audio/twi_controller/CLK
    SLICE_X160Y111       FDSE                                         r  datapath/Audio_Codec/initialize_audio/twi_controller/sclCnt_reg[0]/C
  -------------------------------------------------------------------    -------------------
    SLICE_X160Y111       FDSE (Prop_fdse_C_Q)         0.141     0.787 r  datapath/Audio_Codec/initialize_audio/twi_controller/sclCnt_reg[0]/Q
                         net (fo=7, routed)           0.120     0.907    datapath/Audio_Codec/initialize_audio/twi_controller/sclCnt_reg[0]
    SLICE_X161Y111       LUT4 (Prop_lut4_I1_O)        0.048     0.955 r  datapath/Audio_Codec/initialize_audio/twi_controller/sclCnt[3]_i_1/O
                         net (fo=1, routed)           0.000     0.955    datapath/Audio_Codec/initialize_audio/twi_controller/sclCnt0[3]
    SLICE_X161Y111       FDSE                                         r  datapath/Audio_Codec/initialize_audio/twi_controller/sclCnt_reg[3]/D
  -------------------------------------------------------------------    -------------------

                         (clock clk_out2_clk_wiz_1 rise edge)
                                                      0.000     0.000 r  
    BUFGCTRL_X0Y2        BUFG                         0.000     0.000 r  clk_IBUF_BUFG_inst/O
                         net (fo=319, routed)         0.879     0.879    datapath/Audio_Codec/audiocodec_master_clock/inst/clk_in1
    MMCME2_ADV_X0Y2      MMCME2_ADV (Prop_mmcme2_adv_CLKIN1_CLKOUT1)
                                                     -1.502    -0.624 r  datapath/Audio_Codec/audiocodec_master_clock/inst/mmcm_adv_inst/CLKOUT1
                         net (fo=1, routed)           0.595    -0.029    datapath/Audio_Codec/audiocodec_master_clock/inst/clk_out2_clk_wiz_1
    BUFGCTRL_X0Y3        BUFG (Prop_bufg_I_O)         0.029    -0.000 r  datapath/Audio_Codec/audiocodec_master_clock/inst/clkout2_buf/O
                         net (fo=115, routed)         0.919     0.919    datapath/Audio_Codec/initialize_audio/twi_controller/CLK
    SLICE_X161Y111       FDSE                                         r  datapath/Audio_Codec/initialize_audio/twi_controller/sclCnt_reg[3]/C
                         clock pessimism             -0.260     0.659    
    SLICE_X161Y111       FDSE (Hold_fdse_C_D)         0.107     0.766    datapath/Audio_Codec/initialize_audio/twi_controller/sclCnt_reg[3]
  -------------------------------------------------------------------
                         required time                         -0.766    
                         arrival time                           0.955    
  -------------------------------------------------------------------
                         slack                                  0.189    

Slack (MET) :             0.197ns  (arrival time - required time)
  Source:                 datapath/Audio_Codec/initialize_audio/twi_controller/FSM_gray_state_reg[0]/C
                            (rising edge-triggered cell FDRE clocked by clk_out2_clk_wiz_1  {rise@0.000ns fall@10.000ns period=20.000ns})
  Destination:            datapath/Audio_Codec/initialize_audio/twi_controller/FSM_gray_state_reg[1]/D
                            (rising edge-triggered cell FDRE clocked by clk_out2_clk_wiz_1  {rise@0.000ns fall@10.000ns period=20.000ns})
  Path Group:             clk_out2_clk_wiz_1
  Path Type:              Hold (Min at Fast Process Corner)
  Requirement:            0.000ns  (clk_out2_clk_wiz_1 rise@0.000ns - clk_out2_clk_wiz_1 rise@0.000ns)
  Data Path Delay:        0.330ns  (logic 0.186ns (56.423%)  route 0.144ns (43.577%))
  Logic Levels:           1  (LUT6=1)
  Clock Path Skew:        0.013ns (DCD - SCD - CPR)
    Destination Clock Delay (DCD):    0.919ns
    Source Clock Delay      (SCD):    0.646ns
    Clock Pessimism Removal (CPR):    0.260ns

    Location             Delay type                Incr(ns)  Path(ns)    Netlist Resource(s)
  -------------------------------------------------------------------    -------------------
                         (clock clk_out2_clk_wiz_1 rise edge)
                                                      0.000     0.000 r  
    BUFGCTRL_X0Y2        BUFG                         0.000     0.000 r  clk_IBUF_BUFG_inst/O
                         net (fo=319, routed)         0.610     0.610    datapath/Audio_Codec/audiocodec_master_clock/inst/clk_in1
    MMCME2_ADV_X0Y2      MMCME2_ADV (Prop_mmcme2_adv_CLKIN1_CLKOUT1)
                                                     -1.180    -0.571 r  datapath/Audio_Codec/audiocodec_master_clock/inst/mmcm_adv_inst/CLKOUT1
                         net (fo=1, routed)           0.545    -0.026    datapath/Audio_Codec/audiocodec_master_clock/inst/clk_out2_clk_wiz_1
    BUFGCTRL_X0Y3        BUFG (Prop_bufg_I_O)         0.026     0.000 r  datapath/Audio_Codec/audiocodec_master_clock/inst/clkout2_buf/O
                         net (fo=115, routed)         0.646     0.646    datapath/Audio_Codec/initialize_audio/twi_controller/CLK
    SLICE_X159Y109       FDRE                                         r  datapath/Audio_Codec/initialize_audio/twi_controller/FSM_gray_state_reg[0]/C
  -------------------------------------------------------------------    -------------------
    SLICE_X159Y109       FDRE (Prop_fdre_C_Q)         0.141     0.787 r  datapath/Audio_Codec/initialize_audio/twi_controller/FSM_gray_state_reg[0]/Q
                         net (fo=23, routed)          0.144     0.930    datapath/Audio_Codec/initialize_audio/twi_controller/state[0]
    SLICE_X158Y109       LUT6 (Prop_lut6_I2_O)        0.045     0.975 r  datapath/Audio_Codec/initialize_audio/twi_controller/FSM_gray_state[1]_i_1/O
                         net (fo=1, routed)           0.000     0.975    datapath/Audio_Codec/initialize_audio/twi_controller/FSM_gray_state[1]_i_1_n_0
    SLICE_X158Y109       FDRE                                         r  datapath/Audio_Codec/initialize_audio/twi_controller/FSM_gray_state_reg[1]/D
  -------------------------------------------------------------------    -------------------

                         (clock clk_out2_clk_wiz_1 rise edge)
                                                      0.000     0.000 r  
    BUFGCTRL_X0Y2        BUFG                         0.000     0.000 r  clk_IBUF_BUFG_inst/O
                         net (fo=319, routed)         0.879     0.879    datapath/Audio_Codec/audiocodec_master_clock/inst/clk_in1
    MMCME2_ADV_X0Y2      MMCME2_ADV (Prop_mmcme2_adv_CLKIN1_CLKOUT1)
                                                     -1.502    -0.624 r  datapath/Audio_Codec/audiocodec_master_clock/inst/mmcm_adv_inst/CLKOUT1
                         net (fo=1, routed)           0.595    -0.029    datapath/Audio_Codec/audiocodec_master_clock/inst/clk_out2_clk_wiz_1
    BUFGCTRL_X0Y3        BUFG (Prop_bufg_I_O)         0.029    -0.000 r  datapath/Audio_Codec/audiocodec_master_clock/inst/clkout2_buf/O
                         net (fo=115, routed)         0.919     0.919    datapath/Audio_Codec/initialize_audio/twi_controller/CLK
    SLICE_X158Y109       FDRE                                         r  datapath/Audio_Codec/initialize_audio/twi_controller/FSM_gray_state_reg[1]/C
                         clock pessimism             -0.260     0.659    
    SLICE_X158Y109       FDRE (Hold_fdre_C_D)         0.120     0.779    datapath/Audio_Codec/initialize_audio/twi_controller/FSM_gray_state_reg[1]
  -------------------------------------------------------------------
                         required time                         -0.779    
                         arrival time                           0.975    
  -------------------------------------------------------------------
                         slack                                  0.197    

Slack (MET) :             0.202ns  (arrival time - required time)
  Source:                 datapath/Audio_Codec/initialize_audio/twi_controller/sclCnt_reg[0]/C
                            (rising edge-triggered cell FDSE clocked by clk_out2_clk_wiz_1  {rise@0.000ns fall@10.000ns period=20.000ns})
  Destination:            datapath/Audio_Codec/initialize_audio/twi_controller/sclCnt_reg[2]/D
                            (rising edge-triggered cell FDSE clocked by clk_out2_clk_wiz_1  {rise@0.000ns fall@10.000ns period=20.000ns})
  Path Group:             clk_out2_clk_wiz_1
  Path Type:              Hold (Min at Fast Process Corner)
  Requirement:            0.000ns  (clk_out2_clk_wiz_1 rise@0.000ns - clk_out2_clk_wiz_1 rise@0.000ns)
  Data Path Delay:        0.306ns  (logic 0.186ns (60.767%)  route 0.120ns (39.233%))
  Logic Levels:           1  (LUT3=1)
  Clock Path Skew:        0.013ns (DCD - SCD - CPR)
    Destination Clock Delay (DCD):    0.919ns
    Source Clock Delay      (SCD):    0.646ns
    Clock Pessimism Removal (CPR):    0.260ns

    Location             Delay type                Incr(ns)  Path(ns)    Netlist Resource(s)
  -------------------------------------------------------------------    -------------------
                         (clock clk_out2_clk_wiz_1 rise edge)
                                                      0.000     0.000 r  
    BUFGCTRL_X0Y2        BUFG                         0.000     0.000 r  clk_IBUF_BUFG_inst/O
                         net (fo=319, routed)         0.610     0.610    datapath/Audio_Codec/audiocodec_master_clock/inst/clk_in1
    MMCME2_ADV_X0Y2      MMCME2_ADV (Prop_mmcme2_adv_CLKIN1_CLKOUT1)
                                                     -1.180    -0.571 r  datapath/Audio_Codec/audiocodec_master_clock/inst/mmcm_adv_inst/CLKOUT1
                         net (fo=1, routed)           0.545    -0.026    datapath/Audio_Codec/audiocodec_master_clock/inst/clk_out2_clk_wiz_1
    BUFGCTRL_X0Y3        BUFG (Prop_bufg_I_O)         0.026     0.000 r  datapath/Audio_Codec/audiocodec_master_clock/inst/clkout2_buf/O
                         net (fo=115, routed)         0.646     0.646    datapath/Audio_Codec/initialize_audio/twi_controller/CLK
    SLICE_X160Y111       FDSE                                         r  datapath/Audio_Codec/initialize_audio/twi_controller/sclCnt_reg[0]/C
  -------------------------------------------------------------------    -------------------
    SLICE_X160Y111       FDSE (Prop_fdse_C_Q)         0.141     0.787 r  datapath/Audio_Codec/initialize_audio/twi_controller/sclCnt_reg[0]/Q
                         net (fo=7, routed)           0.120     0.907    datapath/Audio_Codec/initialize_audio/twi_controller/sclCnt_reg[0]
    SLICE_X161Y111       LUT3 (Prop_lut3_I1_O)        0.045     0.952 r  datapath/Audio_Codec/initialize_audio/twi_controller/sclCnt[2]_i_1/O
                         net (fo=1, routed)           0.000     0.952    datapath/Audio_Codec/initialize_audio/twi_controller/sclCnt0[2]
    SLICE_X161Y111       FDSE                                         r  datapath/Audio_Codec/initialize_audio/twi_controller/sclCnt_reg[2]/D
  -------------------------------------------------------------------    -------------------

                         (clock clk_out2_clk_wiz_1 rise edge)
                                                      0.000     0.000 r  
    BUFGCTRL_X0Y2        BUFG                         0.000     0.000 r  clk_IBUF_BUFG_inst/O
                         net (fo=319, routed)         0.879     0.879    datapath/Audio_Codec/audiocodec_master_clock/inst/clk_in1
    MMCME2_ADV_X0Y2      MMCME2_ADV (Prop_mmcme2_adv_CLKIN1_CLKOUT1)
                                                     -1.502    -0.624 r  datapath/Audio_Codec/audiocodec_master_clock/inst/mmcm_adv_inst/CLKOUT1
                         net (fo=1, routed)           0.595    -0.029    datapath/Audio_Codec/audiocodec_master_clock/inst/clk_out2_clk_wiz_1
    BUFGCTRL_X0Y3        BUFG (Prop_bufg_I_O)         0.029    -0.000 r  datapath/Audio_Codec/audiocodec_master_clock/inst/clkout2_buf/O
                         net (fo=115, routed)         0.919     0.919    datapath/Audio_Codec/initialize_audio/twi_controller/CLK
    SLICE_X161Y111       FDSE                                         r  datapath/Audio_Codec/initialize_audio/twi_controller/sclCnt_reg[2]/C
                         clock pessimism             -0.260     0.659    
    SLICE_X161Y111       FDSE (Hold_fdse_C_D)         0.091     0.750    datapath/Audio_Codec/initialize_audio/twi_controller/sclCnt_reg[2]
  -------------------------------------------------------------------
                         required time                         -0.750    
                         arrival time                           0.952    
  -------------------------------------------------------------------
                         slack                                  0.202    

Slack (MET) :             0.213ns  (arrival time - required time)
  Source:                 datapath/Audio_Codec/initialize_audio/twi_controller/subState_reg[0]/C
                            (rising edge-triggered cell FDRE clocked by clk_out2_clk_wiz_1  {rise@0.000ns fall@10.000ns period=20.000ns})
  Destination:            datapath/Audio_Codec/initialize_audio/twi_controller/subState_reg[1]/D
                            (rising edge-triggered cell FDRE clocked by clk_out2_clk_wiz_1  {rise@0.000ns fall@10.000ns period=20.000ns})
  Path Group:             clk_out2_clk_wiz_1
  Path Type:              Hold (Min at Fast Process Corner)
  Requirement:            0.000ns  (clk_out2_clk_wiz_1 rise@0.000ns - clk_out2_clk_wiz_1 rise@0.000ns)
  Data Path Delay:        0.318ns  (logic 0.186ns (58.452%)  route 0.132ns (41.548%))
  Logic Levels:           1  (LUT6=1)
  Clock Path Skew:        0.013ns (DCD - SCD - CPR)
    Destination Clock Delay (DCD):    0.919ns
    Source Clock Delay      (SCD):    0.646ns
    Clock Pessimism Removal (CPR):    0.260ns

    Location             Delay type                Incr(ns)  Path(ns)    Netlist Resource(s)
  -------------------------------------------------------------------    -------------------
                         (clock clk_out2_clk_wiz_1 rise edge)
                                                      0.000     0.000 r  
    BUFGCTRL_X0Y2        BUFG                         0.000     0.000 r  clk_IBUF_BUFG_inst/O
                         net (fo=319, routed)         0.610     0.610    datapath/Audio_Codec/audiocodec_master_clock/inst/clk_in1
    MMCME2_ADV_X0Y2      MMCME2_ADV (Prop_mmcme2_adv_CLKIN1_CLKOUT1)
                                                     -1.180    -0.571 r  datapath/Audio_Codec/audiocodec_master_clock/inst/mmcm_adv_inst/CLKOUT1
                         net (fo=1, routed)           0.545    -0.026    datapath/Audio_Codec/audiocodec_master_clock/inst/clk_out2_clk_wiz_1
    BUFGCTRL_X0Y3        BUFG (Prop_bufg_I_O)         0.026     0.000 r  datapath/Audio_Codec/audiocodec_master_clock/inst/clkout2_buf/O
                         net (fo=115, routed)         0.646     0.646    datapath/Audio_Codec/initialize_audio/twi_controller/CLK
    SLICE_X161Y110       FDRE                                         r  datapath/Audio_Codec/initialize_audio/twi_controller/subState_reg[0]/C
  -------------------------------------------------------------------    -------------------
    SLICE_X161Y110       FDRE (Prop_fdre_C_Q)         0.141     0.787 r  datapath/Audio_Codec/initialize_audio/twi_controller/subState_reg[0]/Q
                         net (fo=12, routed)          0.132     0.919    datapath/Audio_Codec/initialize_audio/twi_controller/subState_reg_n_0_[0]
    SLICE_X160Y110       LUT6 (Prop_lut6_I2_O)        0.045     0.964 r  datapath/Audio_Codec/initialize_audio/twi_controller/subState[1]_i_1/O
                         net (fo=1, routed)           0.000     0.964    datapath/Audio_Codec/initialize_audio/twi_controller/subState[1]_i_1_n_0
    SLICE_X160Y110       FDRE                                         r  datapath/Audio_Codec/initialize_audio/twi_controller/subState_reg[1]/D
  -------------------------------------------------------------------    -------------------

                         (clock clk_out2_clk_wiz_1 rise edge)
                                                      0.000     0.000 r  
    BUFGCTRL_X0Y2        BUFG                         0.000     0.000 r  clk_IBUF_BUFG_inst/O
                         net (fo=319, routed)         0.879     0.879    datapath/Audio_Codec/audiocodec_master_clock/inst/clk_in1
    MMCME2_ADV_X0Y2      MMCME2_ADV (Prop_mmcme2_adv_CLKIN1_CLKOUT1)
                                                     -1.502    -0.624 r  datapath/Audio_Codec/audiocodec_master_clock/inst/mmcm_adv_inst/CLKOUT1
                         net (fo=1, routed)           0.595    -0.029    datapath/Audio_Codec/audiocodec_master_clock/inst/clk_out2_clk_wiz_1
    BUFGCTRL_X0Y3        BUFG (Prop_bufg_I_O)         0.029    -0.000 r  datapath/Audio_Codec/audiocodec_master_clock/inst/clkout2_buf/O
                         net (fo=115, routed)         0.919     0.919    datapath/Audio_Codec/initialize_audio/twi_controller/CLK
    SLICE_X160Y110       FDRE                                         r  datapath/Audio_Codec/initialize_audio/twi_controller/subState_reg[1]/C
                         clock pessimism             -0.260     0.659    
    SLICE_X160Y110       FDRE (Hold_fdre_C_D)         0.092     0.751    datapath/Audio_Codec/initialize_audio/twi_controller/subState_reg[1]
  -------------------------------------------------------------------
                         required time                         -0.751    
                         arrival time                           0.964    
  -------------------------------------------------------------------
                         slack                                  0.213    

Slack (MET) :             0.214ns  (arrival time - required time)
  Source:                 datapath/Audio_Codec/initialize_audio/twi_controller/busFreeCnt_reg[1]/C
                            (rising edge-triggered cell FDRE clocked by clk_out2_clk_wiz_1  {rise@0.000ns fall@10.000ns period=20.000ns})
  Destination:            datapath/Audio_Codec/initialize_audio/twi_controller/busFreeCnt_reg[5]/D
                            (rising edge-triggered cell FDSE clocked by clk_out2_clk_wiz_1  {rise@0.000ns fall@10.000ns period=20.000ns})
  Path Group:             clk_out2_clk_wiz_1
  Path Type:              Hold (Min at Fast Process Corner)
  Requirement:            0.000ns  (clk_out2_clk_wiz_1 rise@0.000ns - clk_out2_clk_wiz_1 rise@0.000ns)
  Data Path Delay:        0.346ns  (logic 0.186ns (53.743%)  route 0.160ns (46.257%))
  Logic Levels:           1  (LUT6=1)
  Clock Path Skew:        0.040ns (DCD - SCD - CPR)
    Destination Clock Delay (DCD):    0.921ns
    Source Clock Delay      (SCD):    0.647ns
    Clock Pessimism Removal (CPR):    0.234ns

    Location             Delay type                Incr(ns)  Path(ns)    Netlist Resource(s)
  -------------------------------------------------------------------    -------------------
                         (clock clk_out2_clk_wiz_1 rise edge)
                                                      0.000     0.000 r  
    BUFGCTRL_X0Y2        BUFG                         0.000     0.000 r  clk_IBUF_BUFG_inst/O
                         net (fo=319, routed)         0.610     0.610    datapath/Audio_Codec/audiocodec_master_clock/inst/clk_in1
    MMCME2_ADV_X0Y2      MMCME2_ADV (Prop_mmcme2_adv_CLKIN1_CLKOUT1)
                                                     -1.180    -0.571 r  datapath/Audio_Codec/audiocodec_master_clock/inst/mmcm_adv_inst/CLKOUT1
                         net (fo=1, routed)           0.545    -0.026    datapath/Audio_Codec/audiocodec_master_clock/inst/clk_out2_clk_wiz_1
    BUFGCTRL_X0Y3        BUFG (Prop_bufg_I_O)         0.026     0.000 r  datapath/Audio_Codec/audiocodec_master_clock/inst/clkout2_buf/O
                         net (fo=115, routed)         0.647     0.647    datapath/Audio_Codec/initialize_audio/twi_controller/CLK
    SLICE_X159Y106       FDRE                                         r  datapath/Audio_Codec/initialize_audio/twi_controller/busFreeCnt_reg[1]/C
  -------------------------------------------------------------------    -------------------
    SLICE_X159Y106       FDRE (Prop_fdre_C_Q)         0.141     0.788 r  datapath/Audio_Codec/initialize_audio/twi_controller/busFreeCnt_reg[1]/Q
                         net (fo=6, routed)           0.160     0.948    datapath/Audio_Codec/initialize_audio/twi_controller/busFreeCnt_reg[1]
    SLICE_X160Y106       LUT6 (Prop_lut6_I1_O)        0.045     0.993 r  datapath/Audio_Codec/initialize_audio/twi_controller/busFreeCnt[5]_i_1/O
                         net (fo=1, routed)           0.000     0.993    datapath/Audio_Codec/initialize_audio/twi_controller/busFreeCnt0[5]
    SLICE_X160Y106       FDSE                                         r  datapath/Audio_Codec/initialize_audio/twi_controller/busFreeCnt_reg[5]/D
  -------------------------------------------------------------------    -------------------

                         (clock clk_out2_clk_wiz_1 rise edge)
                                                      0.000     0.000 r  
    BUFGCTRL_X0Y2        BUFG                         0.000     0.000 r  clk_IBUF_BUFG_inst/O
                         net (fo=319, routed)         0.879     0.879    datapath/Audio_Codec/audiocodec_master_clock/inst/clk_in1
    MMCME2_ADV_X0Y2      MMCME2_ADV (Prop_mmcme2_adv_CLKIN1_CLKOUT1)
                                                     -1.502    -0.624 r  datapath/Audio_Codec/audiocodec_master_clock/inst/mmcm_adv_inst/CLKOUT1
                         net (fo=1, routed)           0.595    -0.029    datapath/Audio_Codec/audiocodec_master_clock/inst/clk_out2_clk_wiz_1
    BUFGCTRL_X0Y3        BUFG (Prop_bufg_I_O)         0.029    -0.000 r  datapath/Audio_Codec/audiocodec_master_clock/inst/clkout2_buf/O
                         net (fo=115, routed)         0.921     0.921    datapath/Audio_Codec/initialize_audio/twi_controller/CLK
    SLICE_X160Y106       FDSE                                         r  datapath/Audio_Codec/initialize_audio/twi_controller/busFreeCnt_reg[5]/C
                         clock pessimism             -0.234     0.687    
    SLICE_X160Y106       FDSE (Hold_fdse_C_D)         0.092     0.779    datapath/Audio_Codec/initialize_audio/twi_controller/busFreeCnt_reg[5]
  -------------------------------------------------------------------
                         required time                         -0.779    
                         arrival time                           0.993    
  -------------------------------------------------------------------
                         slack                                  0.214    

Slack (MET) :             0.222ns  (arrival time - required time)
  Source:                 datapath/Audio_Codec/initialize_audio/initWord_reg[19]/C
                            (rising edge-triggered cell FDRE clocked by clk_out2_clk_wiz_1  {rise@0.000ns fall@10.000ns period=20.000ns})
  Destination:            datapath/Audio_Codec/initialize_audio/data_i_reg[3]/D
                            (rising edge-triggered cell FDRE clocked by clk_out2_clk_wiz_1  {rise@0.000ns fall@10.000ns period=20.000ns})
  Path Group:             clk_out2_clk_wiz_1
  Path Type:              Hold (Min at Fast Process Corner)
  Requirement:            0.000ns  (clk_out2_clk_wiz_1 rise@0.000ns - clk_out2_clk_wiz_1 rise@0.000ns)
  Data Path Delay:        0.329ns  (logic 0.209ns (63.597%)  route 0.120ns (36.403%))
  Logic Levels:           1  (LUT6=1)
  Clock Path Skew:        0.015ns (DCD - SCD - CPR)
    Destination Clock Delay (DCD):    0.891ns
    Source Clock Delay      (SCD):    0.620ns
    Clock Pessimism Removal (CPR):    0.256ns

    Location             Delay type                Incr(ns)  Path(ns)    Netlist Resource(s)
  -------------------------------------------------------------------    -------------------
                         (clock clk_out2_clk_wiz_1 rise edge)
                                                      0.000     0.000 r  
    BUFGCTRL_X0Y2        BUFG                         0.000     0.000 r  clk_IBUF_BUFG_inst/O
                         net (fo=319, routed)         0.610     0.610    datapath/Audio_Codec/audiocodec_master_clock/inst/clk_in1
    MMCME2_ADV_X0Y2      MMCME2_ADV (Prop_mmcme2_adv_CLKIN1_CLKOUT1)
                                                     -1.180    -0.571 r  datapath/Audio_Codec/audiocodec_master_clock/inst/mmcm_adv_inst/CLKOUT1
                         net (fo=1, routed)           0.545    -0.026    datapath/Audio_Codec/audiocodec_master_clock/inst/clk_out2_clk_wiz_1
    BUFGCTRL_X0Y3        BUFG (Prop_bufg_I_O)         0.026     0.000 r  datapath/Audio_Codec/audiocodec_master_clock/inst/clkout2_buf/O
                         net (fo=115, routed)         0.620     0.620    datapath/Audio_Codec/initialize_audio/CLK
    SLICE_X152Y108       FDRE                                         r  datapath/Audio_Codec/initialize_audio/initWord_reg[19]/C
  -------------------------------------------------------------------    -------------------
    SLICE_X152Y108       FDRE (Prop_fdre_C_Q)         0.164     0.784 r  datapath/Audio_Codec/initialize_audio/initWord_reg[19]/Q
                         net (fo=2, routed)           0.120     0.903    datapath/Audio_Codec/initialize_audio/data1[3]
    SLICE_X153Y110       LUT6 (Prop_lut6_I1_O)        0.045     0.948 r  datapath/Audio_Codec/initialize_audio/data_i[3]_i_1/O
                         net (fo=1, routed)           0.000     0.948    datapath/Audio_Codec/initialize_audio/data_i[3]_i_1_n_0
    SLICE_X153Y110       FDRE                                         r  datapath/Audio_Codec/initialize_audio/data_i_reg[3]/D
  -------------------------------------------------------------------    -------------------

                         (clock clk_out2_clk_wiz_1 rise edge)
                                                      0.000     0.000 r  
    BUFGCTRL_X0Y2        BUFG                         0.000     0.000 r  clk_IBUF_BUFG_inst/O
                         net (fo=319, routed)         0.879     0.879    datapath/Audio_Codec/audiocodec_master_clock/inst/clk_in1
    MMCME2_ADV_X0Y2      MMCME2_ADV (Prop_mmcme2_adv_CLKIN1_CLKOUT1)
                                                     -1.502    -0.624 r  datapath/Audio_Codec/audiocodec_master_clock/inst/mmcm_adv_inst/CLKOUT1
                         net (fo=1, routed)           0.595    -0.029    datapath/Audio_Codec/audiocodec_master_clock/inst/clk_out2_clk_wiz_1
    BUFGCTRL_X0Y3        BUFG (Prop_bufg_I_O)         0.029    -0.000 r  datapath/Audio_Codec/audiocodec_master_clock/inst/clkout2_buf/O
                         net (fo=115, routed)         0.891     0.891    datapath/Audio_Codec/initialize_audio/CLK
    SLICE_X153Y110       FDRE                                         r  datapath/Audio_Codec/initialize_audio/data_i_reg[3]/C
                         clock pessimism             -0.256     0.635    
    SLICE_X153Y110       FDRE (Hold_fdre_C_D)         0.092     0.727    datapath/Audio_Codec/initialize_audio/data_i_reg[3]
  -------------------------------------------------------------------
                         required time                         -0.727    
                         arrival time                           0.948    
  -------------------------------------------------------------------
                         slack                                  0.222    

Slack (MET) :             0.225ns  (arrival time - required time)
  Source:                 datapath/Audio_Codec/initialize_audio/twi_controller/ddSda_reg/C
                            (rising edge-triggered cell FDRE clocked by clk_out2_clk_wiz_1  {rise@0.000ns fall@10.000ns period=20.000ns})
  Destination:            datapath/Audio_Codec/initialize_audio/twi_controller/busState_reg[1]/D
                            (rising edge-triggered cell FDRE clocked by clk_out2_clk_wiz_1  {rise@0.000ns fall@10.000ns period=20.000ns})
  Path Group:             clk_out2_clk_wiz_1
  Path Type:              Hold (Min at Fast Process Corner)
  Requirement:            0.000ns  (clk_out2_clk_wiz_1 rise@0.000ns - clk_out2_clk_wiz_1 rise@0.000ns)
  Data Path Delay:        0.317ns  (logic 0.227ns (71.697%)  route 0.090ns (28.303%))
  Logic Levels:           1  (LUT6=1)
  Clock Path Skew:        0.000ns (DCD - SCD - CPR)
    Destination Clock Delay (DCD):    0.920ns
    Source Clock Delay      (SCD):    0.647ns
    Clock Pessimism Removal (CPR):    0.273ns

    Location             Delay type                Incr(ns)  Path(ns)    Netlist Resource(s)
  -------------------------------------------------------------------    -------------------
                         (clock clk_out2_clk_wiz_1 rise edge)
                                                      0.000     0.000 r  
    BUFGCTRL_X0Y2        BUFG                         0.000     0.000 r  clk_IBUF_BUFG_inst/O
                         net (fo=319, routed)         0.610     0.610    datapath/Audio_Codec/audiocodec_master_clock/inst/clk_in1
    MMCME2_ADV_X0Y2      MMCME2_ADV (Prop_mmcme2_adv_CLKIN1_CLKOUT1)
                                                     -1.180    -0.571 r  datapath/Audio_Codec/audiocodec_master_clock/inst/mmcm_adv_inst/CLKOUT1
                         net (fo=1, routed)           0.545    -0.026    datapath/Audio_Codec/audiocodec_master_clock/inst/clk_out2_clk_wiz_1
    BUFGCTRL_X0Y3        BUFG (Prop_bufg_I_O)         0.026     0.000 r  datapath/Audio_Codec/audiocodec_master_clock/inst/clkout2_buf/O
                         net (fo=115, routed)         0.647     0.647    datapath/Audio_Codec/initialize_audio/twi_controller/CLK
    SLICE_X160Y109       FDRE                                         r  datapath/Audio_Codec/initialize_audio/twi_controller/ddSda_reg/C
  -------------------------------------------------------------------    -------------------
    SLICE_X160Y109       FDRE (Prop_fdre_C_Q)         0.128     0.775 r  datapath/Audio_Codec/initialize_audio/twi_controller/ddSda_reg/Q
                         net (fo=3, routed)           0.090     0.864    datapath/Audio_Codec/initialize_audio/twi_controller/ddSda
    SLICE_X160Y109       LUT6 (Prop_lut6_I0_O)        0.099     0.963 r  datapath/Audio_Codec/initialize_audio/twi_controller/busState[1]_i_1/O
                         net (fo=1, routed)           0.000     0.963    datapath/Audio_Codec/initialize_audio/twi_controller/busState[1]_i_1_n_0
    SLICE_X160Y109       FDRE                                         r  datapath/Audio_Codec/initialize_audio/twi_controller/busState_reg[1]/D
  -------------------------------------------------------------------    -------------------

                         (clock clk_out2_clk_wiz_1 rise edge)
                                                      0.000     0.000 r  
    BUFGCTRL_X0Y2        BUFG                         0.000     0.000 r  clk_IBUF_BUFG_inst/O
                         net (fo=319, routed)         0.879     0.879    datapath/Audio_Codec/audiocodec_master_clock/inst/clk_in1
    MMCME2_ADV_X0Y2      MMCME2_ADV (Prop_mmcme2_adv_CLKIN1_CLKOUT1)
                                                     -1.502    -0.624 r  datapath/Audio_Codec/audiocodec_master_clock/inst/mmcm_adv_inst/CLKOUT1
                         net (fo=1, routed)           0.595    -0.029    datapath/Audio_Codec/audiocodec_master_clock/inst/clk_out2_clk_wiz_1
    BUFGCTRL_X0Y3        BUFG (Prop_bufg_I_O)         0.029    -0.000 r  datapath/Audio_Codec/audiocodec_master_clock/inst/clkout2_buf/O
                         net (fo=115, routed)         0.920     0.920    datapath/Audio_Codec/initialize_audio/twi_controller/CLK
    SLICE_X160Y109       FDRE                                         r  datapath/Audio_Codec/initialize_audio/twi_controller/busState_reg[1]/C
                         clock pessimism             -0.273     0.647    
    SLICE_X160Y109       FDRE (Hold_fdre_C_D)         0.092     0.739    datapath/Audio_Codec/initialize_audio/twi_controller/busState_reg[1]
  -------------------------------------------------------------------
                         required time                         -0.739    
                         arrival time                           0.963    
  -------------------------------------------------------------------
                         slack                                  0.225    





Pulse Width Checks
--------------------------------------------------------------------------------------
Clock Name:         clk_out2_clk_wiz_1
Waveform(ns):       { 0.000 10.000 }
Period(ns):         20.000
Sources:            { datapath/Audio_Codec/audiocodec_master_clock/inst/mmcm_adv_inst/CLKOUT1 }

Check Type        Corner  Lib Pin             Reference Pin  Required(ns)  Actual(ns)  Slack(ns)  Location         Pin
Min Period        n/a     BUFG/I              n/a            2.155         20.000      17.845     BUFGCTRL_X0Y3    datapath/Audio_Codec/audiocodec_master_clock/inst/clkout2_buf/I
Min Period        n/a     MMCME2_ADV/CLKOUT1  n/a            1.249         20.000      18.751     MMCME2_ADV_X0Y2  datapath/Audio_Codec/audiocodec_master_clock/inst/mmcm_adv_inst/CLKOUT1
Min Period        n/a     FDRE/C              n/a            1.000         20.000      19.000     SLICE_X155Y109   datapath/Audio_Codec/initialize_audio/data_i_reg[0]/C
Min Period        n/a     FDRE/C              n/a            1.000         20.000      19.000     SLICE_X152Y110   datapath/Audio_Codec/initialize_audio/data_i_reg[1]/C
Min Period        n/a     FDRE/C              n/a            1.000         20.000      19.000     SLICE_X153Y110   datapath/Audio_Codec/initialize_audio/data_i_reg[2]/C
Min Period        n/a     FDRE/C              n/a            1.000         20.000      19.000     SLICE_X153Y110   datapath/Audio_Codec/initialize_audio/data_i_reg[3]/C
Min Period        n/a     FDRE/C              n/a            1.000         20.000      19.000     SLICE_X152Y110   datapath/Audio_Codec/initialize_audio/data_i_reg[4]/C
Min Period        n/a     FDRE/C              n/a            1.000         20.000      19.000     SLICE_X153Y110   datapath/Audio_Codec/initialize_audio/data_i_reg[5]/C
Min Period        n/a     FDRE/C              n/a            1.000         20.000      19.000     SLICE_X155Y109   datapath/Audio_Codec/initialize_audio/data_i_reg[6]/C
Min Period        n/a     FDRE/C              n/a            1.000         20.000      19.000     SLICE_X153Y110   datapath/Audio_Codec/initialize_audio/data_i_reg[7]/C
Max Period        n/a     MMCME2_ADV/CLKOUT1  n/a            213.360       20.000      193.360    MMCME2_ADV_X0Y2  datapath/Audio_Codec/audiocodec_master_clock/inst/mmcm_adv_inst/CLKOUT1
Low Pulse Width   Slow    FDRE/C              n/a            0.500         10.000      9.500      SLICE_X155Y109   datapath/Audio_Codec/initialize_audio/data_i_reg[0]/C
Low Pulse Width   Fast    FDRE/C              n/a            0.500         10.000      9.500      SLICE_X155Y109   datapath/Audio_Codec/initialize_audio/data_i_reg[0]/C
Low Pulse Width   Slow    FDRE/C              n/a            0.500         10.000      9.500      SLICE_X152Y110   datapath/Audio_Codec/initialize_audio/data_i_reg[1]/C
Low Pulse Width   Fast    FDRE/C              n/a            0.500         10.000      9.500      SLICE_X152Y110   datapath/Audio_Codec/initialize_audio/data_i_reg[1]/C
Low Pulse Width   Slow    FDRE/C              n/a            0.500         10.000      9.500      SLICE_X153Y110   datapath/Audio_Codec/initialize_audio/data_i_reg[2]/C
Low Pulse Width   Fast    FDRE/C              n/a            0.500         10.000      9.500      SLICE_X153Y110   datapath/Audio_Codec/initialize_audio/data_i_reg[2]/C
Low Pulse Width   Slow    FDRE/C              n/a            0.500         10.000      9.500      SLICE_X153Y110   datapath/Audio_Codec/initialize_audio/data_i_reg[3]/C
Low Pulse Width   Fast    FDRE/C              n/a            0.500         10.000      9.500      SLICE_X153Y110   datapath/Audio_Codec/initialize_audio/data_i_reg[3]/C
Low Pulse Width   Slow    FDRE/C              n/a            0.500         10.000      9.500      SLICE_X152Y110   datapath/Audio_Codec/initialize_audio/data_i_reg[4]/C
Low Pulse Width   Fast    FDRE/C              n/a            0.500         10.000      9.500      SLICE_X152Y110   datapath/Audio_Codec/initialize_audio/data_i_reg[4]/C
High Pulse Width  Slow    FDRE/C              n/a            0.500         10.000      9.500      SLICE_X155Y109   datapath/Audio_Codec/initialize_audio/data_i_reg[0]/C
High Pulse Width  Fast    FDRE/C              n/a            0.500         10.000      9.500      SLICE_X155Y109   datapath/Audio_Codec/initialize_audio/data_i_reg[0]/C
High Pulse Width  Slow    FDRE/C              n/a            0.500         10.000      9.500      SLICE_X152Y110   datapath/Audio_Codec/initialize_audio/data_i_reg[1]/C
High Pulse Width  Fast    FDRE/C              n/a            0.500         10.000      9.500      SLICE_X152Y110   datapath/Audio_Codec/initialize_audio/data_i_reg[1]/C
High Pulse Width  Slow    FDRE/C              n/a            0.500         10.000      9.500      SLICE_X153Y110   datapath/Audio_Codec/initialize_audio/data_i_reg[2]/C
High Pulse Width  Fast    FDRE/C              n/a            0.500         10.000      9.500      SLICE_X153Y110   datapath/Audio_Codec/initialize_audio/data_i_reg[2]/C
High Pulse Width  Slow    FDRE/C              n/a            0.500         10.000      9.500      SLICE_X153Y110   datapath/Audio_Codec/initialize_audio/data_i_reg[3]/C
High Pulse Width  Fast    FDRE/C              n/a            0.500         10.000      9.500      SLICE_X153Y110   datapath/Audio_Codec/initialize_audio/data_i_reg[3]/C
High Pulse Width  Slow    FDRE/C              n/a            0.500         10.000      9.500      SLICE_X152Y110   datapath/Audio_Codec/initialize_audio/data_i_reg[4]/C
High Pulse Width  Fast    FDRE/C              n/a            0.500         10.000      9.500      SLICE_X152Y110   datapath/Audio_Codec/initialize_audio/data_i_reg[4]/C



---------------------------------------------------------------------------------------------------
From Clock:  clkfbout_clk_wiz_1
  To Clock:  clkfbout_clk_wiz_1

Setup :           NA  Failing Endpoints,  Worst Slack           NA  ,  Total Violation           NA
Hold  :           NA  Failing Endpoints,  Worst Slack           NA  ,  Total Violation           NA
PW    :            0  Failing Endpoints,  Worst Slack        7.845ns,  Total Violation        0.000ns
---------------------------------------------------------------------------------------------------


Pulse Width Checks
--------------------------------------------------------------------------------------
Clock Name:         clkfbout_clk_wiz_1
Waveform(ns):       { 0.000 5.000 }
Period(ns):         10.000
Sources:            { datapath/Audio_Codec/audiocodec_master_clock/inst/mmcm_adv_inst/CLKFBOUT }

Check Type  Corner  Lib Pin              Reference Pin  Required(ns)  Actual(ns)  Slack(ns)  Location         Pin
Min Period  n/a     BUFG/I               n/a            2.155         10.000      7.845      BUFGCTRL_X0Y5    datapath/Audio_Codec/audiocodec_master_clock/inst/clkf_buf/I
Min Period  n/a     MMCME2_ADV/CLKFBOUT  n/a            1.249         10.000      8.751      MMCME2_ADV_X0Y2  datapath/Audio_Codec/audiocodec_master_clock/inst/mmcm_adv_inst/CLKFBOUT
Min Period  n/a     MMCME2_ADV/CLKFBIN   n/a            1.249         10.000      8.751      MMCME2_ADV_X0Y2  datapath/Audio_Codec/audiocodec_master_clock/inst/mmcm_adv_inst/CLKFBIN
Max Period  n/a     MMCME2_ADV/CLKFBIN   n/a            100.000       10.000      90.000     MMCME2_ADV_X0Y2  datapath/Audio_Codec/audiocodec_master_clock/inst/mmcm_adv_inst/CLKFBIN
Max Period  n/a     MMCME2_ADV/CLKFBOUT  n/a            213.360       10.000      203.360    MMCME2_ADV_X0Y2  datapath/Audio_Codec/audiocodec_master_clock/inst/mmcm_adv_inst/CLKFBOUT



---------------------------------------------------------------------------------------------------
From Clock:  datapath/video_inst/mmcm_adv_inst_display_clocks/inst/clk_in1
  To Clock:  datapath/video_inst/mmcm_adv_inst_display_clocks/inst/clk_in1

Setup :           NA  Failing Endpoints,  Worst Slack           NA  ,  Total Violation           NA
Hold  :           NA  Failing Endpoints,  Worst Slack           NA  ,  Total Violation           NA
PW    :            0  Failing Endpoints,  Worst Slack        3.000ns,  Total Violation        0.000ns
---------------------------------------------------------------------------------------------------


Pulse Width Checks
--------------------------------------------------------------------------------------
Clock Name:         datapath/video_inst/mmcm_adv_inst_display_clocks/inst/clk_in1
Waveform(ns):       { 0.000 5.000 }
Period(ns):         10.000
Sources:            { datapath/video_inst/mmcm_adv_inst_display_clocks/inst/clk_in1 }

Check Type        Corner  Lib Pin            Reference Pin  Required(ns)  Actual(ns)  Slack(ns)  Location         Pin
Min Period        n/a     MMCME2_ADV/CLKIN1  n/a            1.249         10.000      8.751      MMCME2_ADV_X1Y0  datapath/video_inst/mmcm_adv_inst_display_clocks/inst/mmcm_adv_inst/CLKIN1
Max Period        n/a     MMCME2_ADV/CLKIN1  n/a            100.000       10.000      90.000     MMCME2_ADV_X1Y0  datapath/video_inst/mmcm_adv_inst_display_clocks/inst/mmcm_adv_inst/CLKIN1
Low Pulse Width   Slow    MMCME2_ADV/CLKIN1  n/a            2.000         5.000       3.000      MMCME2_ADV_X1Y0  datapath/video_inst/mmcm_adv_inst_display_clocks/inst/mmcm_adv_inst/CLKIN1
Low Pulse Width   Fast    MMCME2_ADV/CLKIN1  n/a            2.000         5.000       3.000      MMCME2_ADV_X1Y0  datapath/video_inst/mmcm_adv_inst_display_clocks/inst/mmcm_adv_inst/CLKIN1
High Pulse Width  Slow    MMCME2_ADV/CLKIN1  n/a            2.000         5.000       3.000      MMCME2_ADV_X1Y0  datapath/video_inst/mmcm_adv_inst_display_clocks/inst/mmcm_adv_inst/CLKIN1
High Pulse Width  Fast    MMCME2_ADV/CLKIN1  n/a            2.000         5.000       3.000      MMCME2_ADV_X1Y0  datapath/video_inst/mmcm_adv_inst_display_clocks/inst/mmcm_adv_inst/CLKIN1



---------------------------------------------------------------------------------------------------
From Clock:  clk_out1_clk_wiz_0
  To Clock:  clk_out1_clk_wiz_0

Setup :            0  Failing Endpoints,  Worst Slack       18.320ns,  Total Violation        0.000ns
Hold  :            0  Failing Endpoints,  Worst Slack        0.121ns,  Total Violation        0.000ns
PW    :            0  Failing Endpoints,  Worst Slack       19.500ns,  Total Violation        0.000ns
---------------------------------------------------------------------------------------------------


Max Delay Paths
--------------------------------------------------------------------------------------
Slack (MET) :             18.320ns  (required time - arrival time)
  Source:                 datapath/video_inst/Inst_vga/vga_signal_generator_Final/position_reg[row][8]/C
                            (rising edge-triggered cell FDRE clocked by clk_out1_clk_wiz_0  {rise@0.000ns fall@20.000ns period=40.000ns})
  Destination:            datapath/video_inst/inst_dvid/TDMS_encoder_green/encoded_reg[2]/D
                            (rising edge-triggered cell FDSE clocked by clk_out1_clk_wiz_0  {rise@0.000ns fall@20.000ns period=40.000ns})
  Path Group:             clk_out1_clk_wiz_0
  Path Type:              Setup (Max at Slow Process Corner)
  Requirement:            40.000ns  (clk_out1_clk_wiz_0 rise@40.000ns - clk_out1_clk_wiz_0 rise@0.000ns)
  Data Path Delay:        21.482ns  (logic 6.308ns (29.364%)  route 15.174ns (70.636%))
  Logic Levels:           24  (CARRY4=8 LUT2=2 LUT3=3 LUT4=3 LUT5=3 LUT6=5)
  Clock Path Skew:        -0.041ns (DCD - SCD + CPR)
    Destination Clock Delay (DCD):    1.703ns = ( 41.703 - 40.000 ) 
    Source Clock Delay      (SCD):    1.819ns
    Clock Pessimism Removal (CPR):    0.075ns
  Clock Uncertainty:      0.095ns  ((TSJ^2 + DJ^2)^1/2) / 2 + PE
    Total System Jitter     (TSJ):    0.071ns
    Discrete Jitter          (DJ):    0.175ns
    Phase Error              (PE):    0.000ns

    Location             Delay type                Incr(ns)  Path(ns)    Netlist Resource(s)
  -------------------------------------------------------------------    -------------------
                         (clock clk_out1_clk_wiz_0 rise edge)
                                                      0.000     0.000 r  
    BUFGCTRL_X0Y2        BUFG                         0.000     0.000 r  clk_IBUF_BUFG_inst/O
                         net (fo=319, routed)         2.106     2.106    datapath/video_inst/mmcm_adv_inst_display_clocks/inst/clk_in1
    MMCME2_ADV_X1Y0      MMCME2_ADV (Prop_mmcme2_adv_CLKIN1_CLKOUT0)
                                                     -4.900    -2.793 r  datapath/video_inst/mmcm_adv_inst_display_clocks/inst/mmcm_adv_inst/CLKOUT0
                         net (fo=1, routed)           2.697    -0.096    datapath/video_inst/mmcm_adv_inst_display_clocks/inst/clk_out1_clk_wiz_0
    BUFGCTRL_X0Y4        BUFG (Prop_bufg_I_O)         0.096    -0.000 r  datapath/video_inst/mmcm_adv_inst_display_clocks/inst/clkout1_buf/O
                         net (fo=83, routed)          1.819     1.819    datapath/video_inst/Inst_vga/vga_signal_generator_Final/clk_out1
    SLICE_X161Y129       FDRE                                         r  datapath/video_inst/Inst_vga/vga_signal_generator_Final/position_reg[row][8]/C
  -------------------------------------------------------------------    -------------------
    SLICE_X161Y129       FDRE (Prop_fdre_C_Q)         0.456     2.275 f  datapath/video_inst/Inst_vga/vga_signal_generator_Final/position_reg[row][8]/Q
                         net (fo=15, routed)          1.769     4.044    datapath/video_inst/Inst_vga/vga_signal_generator_Final/Q[8]
    SLICE_X150Y128       LUT5 (Prop_lut5_I1_O)        0.124     4.168 f  datapath/video_inst/Inst_vga/vga_signal_generator_Final/dc_bias[3]_i_17/O
                         net (fo=4, routed)           0.782     4.950    datapath/video_inst/Inst_vga/vga_signal_generator_Final/dc_bias[3]_i_17_n_0
    SLICE_X154Y128       LUT4 (Prop_lut4_I3_O)        0.124     5.074 r  datapath/video_inst/Inst_vga/vga_signal_generator_Final/dc_bias[3]_i_13/O
                         net (fo=18, routed)          1.002     6.075    datapath/video_inst/Inst_vga/vga_signal_generator_Final/position_reg[row][4]_0
    SLICE_X157Y124       LUT5 (Prop_lut5_I0_O)        0.124     6.199 f  datapath/video_inst/Inst_vga/vga_signal_generator_Final/dc_bias[3]_i_152/O
                         net (fo=65, routed)          1.378     7.577    datapath/video_inst/Inst_vga/vga_signal_generator_Final/position_reg[row][2]_0
    SLICE_X163Y126       LUT3 (Prop_lut3_I0_O)        0.124     7.701 r  datapath/video_inst/Inst_vga/vga_signal_generator_Final/dc_bias[3]_i_632/O
                         net (fo=2, routed)           0.900     8.601    datapath/video_inst/Inst_vga/color_mapper_Final/dc_bias[3]_i_692_0[2]
    SLICE_X160Y118       CARRY4 (Prop_carry4_DI[2]_CO[3])
                                                      0.398     8.999 r  datapath/video_inst/Inst_vga/color_mapper_Final/dc_bias_reg[3]_i_639/CO[3]
                         net (fo=1, routed)           0.000     8.999    datapath/video_inst/Inst_vga/color_mapper_Final/dc_bias_reg[3]_i_639_n_0
    SLICE_X160Y119       CARRY4 (Prop_carry4_CI_CO[3])
                                                      0.114     9.113 r  datapath/video_inst/Inst_vga/color_mapper_Final/dc_bias_reg[3]_i_533/CO[3]
                         net (fo=1, routed)           0.000     9.113    datapath/video_inst/Inst_vga/color_mapper_Final/dc_bias_reg[3]_i_533_n_0
    SLICE_X160Y120       CARRY4 (Prop_carry4_CI_CO[3])
                                                      0.114     9.227 f  datapath/video_inst/Inst_vga/color_mapper_Final/dc_bias_reg[3]_i_411/CO[3]
                         net (fo=43, routed)          1.554    10.781    datapath/video_inst/Inst_vga/color_mapper_Final/position_reg[row][9]_2[0]
    SLICE_X163Y125       LUT3 (Prop_lut3_I2_O)        0.150    10.931 r  datapath/video_inst/Inst_vga/color_mapper_Final/dc_bias[3]_i_438/O
                         net (fo=2, routed)           0.544    11.475    datapath/video_inst/Inst_vga/color_mapper_Final/dc_bias[3]_i_438_n_0
    SLICE_X162Y125       LUT4 (Prop_lut4_I3_O)        0.332    11.807 r  datapath/video_inst/Inst_vga/color_mapper_Final/dc_bias[3]_i_441/O
                         net (fo=1, routed)           0.000    11.807    datapath/video_inst/Inst_vga/color_mapper_Final/dc_bias[3]_i_441_n_0
    SLICE_X162Y125       CARRY4 (Prop_carry4_S[3]_O[3])
                                                      0.255    12.062 r  datapath/video_inst/Inst_vga/color_mapper_Final/dc_bias_reg[3]_i_328/O[3]
                         net (fo=3, routed)           0.656    12.718    datapath/video_inst/Inst_vga/color_mapper_Final/dc_bias_reg[3]_i_328_n_4
    SLICE_X162Y124       LUT3 (Prop_lut3_I2_O)        0.307    13.025 r  datapath/video_inst/Inst_vga/color_mapper_Final/dc_bias[3]_i_330/O
                         net (fo=2, routed)           0.855    13.880    datapath/video_inst/Inst_vga/color_mapper_Final/dc_bias[3]_i_330_n_0
    SLICE_X162Y124       LUT5 (Prop_lut5_I0_O)        0.152    14.032 r  datapath/video_inst/Inst_vga/color_mapper_Final/dc_bias[3]_i_269/O
                         net (fo=2, routed)           0.577    14.609    datapath/video_inst/Inst_vga/color_mapper_Final/dc_bias[3]_i_269_n_0
    SLICE_X161Y124       LUT6 (Prop_lut6_I0_O)        0.348    14.957 r  datapath/video_inst/Inst_vga/color_mapper_Final/dc_bias[3]_i_273/O
                         net (fo=1, routed)           0.000    14.957    datapath/video_inst/Inst_vga/color_mapper_Final/dc_bias[3]_i_273_n_0
    SLICE_X161Y124       CARRY4 (Prop_carry4_S[2]_CO[3])
                                                      0.398    15.355 r  datapath/video_inst/Inst_vga/color_mapper_Final/dc_bias_reg[3]_i_208/CO[3]
                         net (fo=1, routed)           0.009    15.364    datapath/video_inst/Inst_vga/color_mapper_Final/dc_bias_reg[3]_i_208_n_0
    SLICE_X161Y125       CARRY4 (Prop_carry4_CI_O[1])
                                                      0.334    15.698 r  datapath/video_inst/Inst_vga/color_mapper_Final/dc_bias_reg[3]_i_264/O[1]
                         net (fo=2, routed)           0.593    16.291    datapath/video_inst/Inst_vga/color_mapper_Final/dc_bias_reg[3]_i_264_n_6
    SLICE_X162Y128       LUT2 (Prop_lut2_I0_O)        0.303    16.594 r  datapath/video_inst/Inst_vga/color_mapper_Final/dc_bias[3]_i_266/O
                         net (fo=1, routed)           0.000    16.594    datapath/video_inst/Inst_vga/color_mapper_Final/dc_bias[3]_i_266_n_0
    SLICE_X162Y128       CARRY4 (Prop_carry4_S[1]_O[2])
                                                      0.578    17.172 r  datapath/video_inst/Inst_vga/color_mapper_Final/dc_bias_reg[3]_i_207/O[2]
                         net (fo=1, routed)           0.644    17.816    datapath/video_inst/Inst_vga/color_mapper_Final/dc_bias_reg[3]_i_207_n_5
    SLICE_X161Y129       LUT2 (Prop_lut2_I0_O)        0.301    18.117 r  datapath/video_inst/Inst_vga/color_mapper_Final/dc_bias[3]_i_163/O
                         net (fo=1, routed)           0.000    18.117    datapath/video_inst/Inst_vga/color_mapper_Final/dc_bias[3]_i_163_n_0
    SLICE_X161Y129       CARRY4 (Prop_carry4_S[0]_O[0])
                                                      0.247    18.364 f  datapath/video_inst/Inst_vga/color_mapper_Final/dc_bias_reg[3]_i_118/O[0]
                         net (fo=2, routed)           1.000    19.364    datapath/video_inst/Inst_vga/color_mapper_Final/dc_bias_reg[3]_i_118_n_7
    SLICE_X154Y129       LUT4 (Prop_lut4_I0_O)        0.325    19.689 f  datapath/video_inst/Inst_vga/color_mapper_Final/dc_bias[3]_i_74/O
                         net (fo=1, routed)           0.165    19.855    datapath/video_inst/Inst_vga/color_mapper_Final/dc_bias[3]_i_74_n_0
    SLICE_X154Y129       LUT6 (Prop_lut6_I4_O)        0.328    20.183 r  datapath/video_inst/Inst_vga/color_mapper_Final/dc_bias[3]_i_30/O
                         net (fo=2, routed)           0.581    20.764    datapath/video_inst/Inst_vga/vga_signal_generator_Final/dc_bias[3]_i_2_2
    SLICE_X151Y129       LUT6 (Prop_lut6_I2_O)        0.124    20.888 f  datapath/video_inst/Inst_vga/vga_signal_generator_Final/dc_bias[3]_i_4__0/O
                         net (fo=2, routed)           0.534    21.422    datapath/video_inst/Inst_vga/vga_signal_generator_Final/dc_bias[3]_i_4__0_n_0
    SLICE_X152Y129       LUT6 (Prop_lut6_I5_O)        0.124    21.546 r  datapath/video_inst/Inst_vga/vga_signal_generator_Final/dc_bias[3]_i_3/O
                         net (fo=7, routed)           1.044    22.590    datapath/video_inst/inst_dvid/TDMS_encoder_green/pixel[color][1]
    SLICE_X158Y132       LUT6 (Prop_lut6_I5_O)        0.124    22.714 r  datapath/video_inst/inst_dvid/TDMS_encoder_green/encoded[1]_i_1__0/O
                         net (fo=2, routed)           0.587    23.301    datapath/video_inst/inst_dvid/TDMS_encoder_green/encoded[1]_i_1__0_n_0
    SLICE_X159Y132       FDSE                                         r  datapath/video_inst/inst_dvid/TDMS_encoder_green/encoded_reg[2]/D
  -------------------------------------------------------------------    -------------------

                         (clock clk_out1_clk_wiz_0 rise edge)
                                                     40.000    40.000 r  
    BUFGCTRL_X0Y2        BUFG                         0.000    40.000 r  clk_IBUF_BUFG_inst/O
                         net (fo=319, routed)         1.972    41.972    datapath/video_inst/mmcm_adv_inst_display_clocks/inst/clk_in1
    MMCME2_ADV_X1Y0      MMCME2_ADV (Prop_mmcme2_adv_CLKIN1_CLKOUT0)
                                                     -4.637    37.335 r  datapath/video_inst/mmcm_adv_inst_display_clocks/inst/mmcm_adv_inst/CLKOUT0
                         net (fo=1, routed)           2.574    39.909    datapath/video_inst/mmcm_adv_inst_display_clocks/inst/clk_out1_clk_wiz_0
    BUFGCTRL_X0Y4        BUFG (Prop_bufg_I_O)         0.091    40.000 r  datapath/video_inst/mmcm_adv_inst_display_clocks/inst/clkout1_buf/O
                         net (fo=83, routed)          1.703    41.703    datapath/video_inst/inst_dvid/TDMS_encoder_green/clk_out1
    SLICE_X159Y132       FDSE                                         r  datapath/video_inst/inst_dvid/TDMS_encoder_green/encoded_reg[2]/C
                         clock pessimism              0.075    41.778    
                         clock uncertainty           -0.095    41.684    
    SLICE_X159Y132       FDSE (Setup_fdse_C_D)       -0.062    41.622    datapath/video_inst/inst_dvid/TDMS_encoder_green/encoded_reg[2]
  -------------------------------------------------------------------
                         required time                         41.622    
                         arrival time                         -23.301    
  -------------------------------------------------------------------
                         slack                                 18.320    

Slack (MET) :             18.525ns  (required time - arrival time)
  Source:                 datapath/video_inst/Inst_vga/vga_signal_generator_Final/position_reg[row][8]/C
                            (rising edge-triggered cell FDRE clocked by clk_out1_clk_wiz_0  {rise@0.000ns fall@20.000ns period=40.000ns})
  Destination:            datapath/video_inst/inst_dvid/TDMS_encoder_green/encoded_reg[1]/D
                            (rising edge-triggered cell FDRE clocked by clk_out1_clk_wiz_0  {rise@0.000ns fall@20.000ns period=40.000ns})
  Path Group:             clk_out1_clk_wiz_0
  Path Type:              Setup (Max at Slow Process Corner)
  Requirement:            40.000ns  (clk_out1_clk_wiz_0 rise@40.000ns - clk_out1_clk_wiz_0 rise@0.000ns)
  Data Path Delay:        21.293ns  (logic 6.308ns (29.625%)  route 14.985ns (70.375%))
  Logic Levels:           24  (CARRY4=8 LUT2=2 LUT3=3 LUT4=3 LUT5=3 LUT6=5)
  Clock Path Skew:        -0.041ns (DCD - SCD + CPR)
    Destination Clock Delay (DCD):    1.703ns = ( 41.703 - 40.000 ) 
    Source Clock Delay      (SCD):    1.819ns
    Clock Pessimism Removal (CPR):    0.075ns
  Clock Uncertainty:      0.095ns  ((TSJ^2 + DJ^2)^1/2) / 2 + PE
    Total System Jitter     (TSJ):    0.071ns
    Discrete Jitter          (DJ):    0.175ns
    Phase Error              (PE):    0.000ns

    Location             Delay type                Incr(ns)  Path(ns)    Netlist Resource(s)
  -------------------------------------------------------------------    -------------------
                         (clock clk_out1_clk_wiz_0 rise edge)
                                                      0.000     0.000 r  
    BUFGCTRL_X0Y2        BUFG                         0.000     0.000 r  clk_IBUF_BUFG_inst/O
                         net (fo=319, routed)         2.106     2.106    datapath/video_inst/mmcm_adv_inst_display_clocks/inst/clk_in1
    MMCME2_ADV_X1Y0      MMCME2_ADV (Prop_mmcme2_adv_CLKIN1_CLKOUT0)
                                                     -4.900    -2.793 r  datapath/video_inst/mmcm_adv_inst_display_clocks/inst/mmcm_adv_inst/CLKOUT0
                         net (fo=1, routed)           2.697    -0.096    datapath/video_inst/mmcm_adv_inst_display_clocks/inst/clk_out1_clk_wiz_0
    BUFGCTRL_X0Y4        BUFG (Prop_bufg_I_O)         0.096    -0.000 r  datapath/video_inst/mmcm_adv_inst_display_clocks/inst/clkout1_buf/O
                         net (fo=83, routed)          1.819     1.819    datapath/video_inst/Inst_vga/vga_signal_generator_Final/clk_out1
    SLICE_X161Y129       FDRE                                         r  datapath/video_inst/Inst_vga/vga_signal_generator_Final/position_reg[row][8]/C
  -------------------------------------------------------------------    -------------------
    SLICE_X161Y129       FDRE (Prop_fdre_C_Q)         0.456     2.275 f  datapath/video_inst/Inst_vga/vga_signal_generator_Final/position_reg[row][8]/Q
                         net (fo=15, routed)          1.769     4.044    datapath/video_inst/Inst_vga/vga_signal_generator_Final/Q[8]
    SLICE_X150Y128       LUT5 (Prop_lut5_I1_O)        0.124     4.168 f  datapath/video_inst/Inst_vga/vga_signal_generator_Final/dc_bias[3]_i_17/O
                         net (fo=4, routed)           0.782     4.950    datapath/video_inst/Inst_vga/vga_signal_generator_Final/dc_bias[3]_i_17_n_0
    SLICE_X154Y128       LUT4 (Prop_lut4_I3_O)        0.124     5.074 r  datapath/video_inst/Inst_vga/vga_signal_generator_Final/dc_bias[3]_i_13/O
                         net (fo=18, routed)          1.002     6.075    datapath/video_inst/Inst_vga/vga_signal_generator_Final/position_reg[row][4]_0
    SLICE_X157Y124       LUT5 (Prop_lut5_I0_O)        0.124     6.199 f  datapath/video_inst/Inst_vga/vga_signal_generator_Final/dc_bias[3]_i_152/O
                         net (fo=65, routed)          1.378     7.577    datapath/video_inst/Inst_vga/vga_signal_generator_Final/position_reg[row][2]_0
    SLICE_X163Y126       LUT3 (Prop_lut3_I0_O)        0.124     7.701 r  datapath/video_inst/Inst_vga/vga_signal_generator_Final/dc_bias[3]_i_632/O
                         net (fo=2, routed)           0.900     8.601    datapath/video_inst/Inst_vga/color_mapper_Final/dc_bias[3]_i_692_0[2]
    SLICE_X160Y118       CARRY4 (Prop_carry4_DI[2]_CO[3])
                                                      0.398     8.999 r  datapath/video_inst/Inst_vga/color_mapper_Final/dc_bias_reg[3]_i_639/CO[3]
                         net (fo=1, routed)           0.000     8.999    datapath/video_inst/Inst_vga/color_mapper_Final/dc_bias_reg[3]_i_639_n_0
    SLICE_X160Y119       CARRY4 (Prop_carry4_CI_CO[3])
                                                      0.114     9.113 r  datapath/video_inst/Inst_vga/color_mapper_Final/dc_bias_reg[3]_i_533/CO[3]
                         net (fo=1, routed)           0.000     9.113    datapath/video_inst/Inst_vga/color_mapper_Final/dc_bias_reg[3]_i_533_n_0
    SLICE_X160Y120       CARRY4 (Prop_carry4_CI_CO[3])
                                                      0.114     9.227 f  datapath/video_inst/Inst_vga/color_mapper_Final/dc_bias_reg[3]_i_411/CO[3]
                         net (fo=43, routed)          1.554    10.781    datapath/video_inst/Inst_vga/color_mapper_Final/position_reg[row][9]_2[0]
    SLICE_X163Y125       LUT3 (Prop_lut3_I2_O)        0.150    10.931 r  datapath/video_inst/Inst_vga/color_mapper_Final/dc_bias[3]_i_438/O
                         net (fo=2, routed)           0.544    11.475    datapath/video_inst/Inst_vga/color_mapper_Final/dc_bias[3]_i_438_n_0
    SLICE_X162Y125       LUT4 (Prop_lut4_I3_O)        0.332    11.807 r  datapath/video_inst/Inst_vga/color_mapper_Final/dc_bias[3]_i_441/O
                         net (fo=1, routed)           0.000    11.807    datapath/video_inst/Inst_vga/color_mapper_Final/dc_bias[3]_i_441_n_0
    SLICE_X162Y125       CARRY4 (Prop_carry4_S[3]_O[3])
                                                      0.255    12.062 r  datapath/video_inst/Inst_vga/color_mapper_Final/dc_bias_reg[3]_i_328/O[3]
                         net (fo=3, routed)           0.656    12.718    datapath/video_inst/Inst_vga/color_mapper_Final/dc_bias_reg[3]_i_328_n_4
    SLICE_X162Y124       LUT3 (Prop_lut3_I2_O)        0.307    13.025 r  datapath/video_inst/Inst_vga/color_mapper_Final/dc_bias[3]_i_330/O
                         net (fo=2, routed)           0.855    13.880    datapath/video_inst/Inst_vga/color_mapper_Final/dc_bias[3]_i_330_n_0
    SLICE_X162Y124       LUT5 (Prop_lut5_I0_O)        0.152    14.032 r  datapath/video_inst/Inst_vga/color_mapper_Final/dc_bias[3]_i_269/O
                         net (fo=2, routed)           0.577    14.609    datapath/video_inst/Inst_vga/color_mapper_Final/dc_bias[3]_i_269_n_0
    SLICE_X161Y124       LUT6 (Prop_lut6_I0_O)        0.348    14.957 r  datapath/video_inst/Inst_vga/color_mapper_Final/dc_bias[3]_i_273/O
                         net (fo=1, routed)           0.000    14.957    datapath/video_inst/Inst_vga/color_mapper_Final/dc_bias[3]_i_273_n_0
    SLICE_X161Y124       CARRY4 (Prop_carry4_S[2]_CO[3])
                                                      0.398    15.355 r  datapath/video_inst/Inst_vga/color_mapper_Final/dc_bias_reg[3]_i_208/CO[3]
                         net (fo=1, routed)           0.009    15.364    datapath/video_inst/Inst_vga/color_mapper_Final/dc_bias_reg[3]_i_208_n_0
    SLICE_X161Y125       CARRY4 (Prop_carry4_CI_O[1])
                                                      0.334    15.698 r  datapath/video_inst/Inst_vga/color_mapper_Final/dc_bias_reg[3]_i_264/O[1]
                         net (fo=2, routed)           0.593    16.291    datapath/video_inst/Inst_vga/color_mapper_Final/dc_bias_reg[3]_i_264_n_6
    SLICE_X162Y128       LUT2 (Prop_lut2_I0_O)        0.303    16.594 r  datapath/video_inst/Inst_vga/color_mapper_Final/dc_bias[3]_i_266/O
                         net (fo=1, routed)           0.000    16.594    datapath/video_inst/Inst_vga/color_mapper_Final/dc_bias[3]_i_266_n_0
    SLICE_X162Y128       CARRY4 (Prop_carry4_S[1]_O[2])
                                                      0.578    17.172 r  datapath/video_inst/Inst_vga/color_mapper_Final/dc_bias_reg[3]_i_207/O[2]
                         net (fo=1, routed)           0.644    17.816    datapath/video_inst/Inst_vga/color_mapper_Final/dc_bias_reg[3]_i_207_n_5
    SLICE_X161Y129       LUT2 (Prop_lut2_I0_O)        0.301    18.117 r  datapath/video_inst/Inst_vga/color_mapper_Final/dc_bias[3]_i_163/O
                         net (fo=1, routed)           0.000    18.117    datapath/video_inst/Inst_vga/color_mapper_Final/dc_bias[3]_i_163_n_0
    SLICE_X161Y129       CARRY4 (Prop_carry4_S[0]_O[0])
                                                      0.247    18.364 f  datapath/video_inst/Inst_vga/color_mapper_Final/dc_bias_reg[3]_i_118/O[0]
                         net (fo=2, routed)           1.000    19.364    datapath/video_inst/Inst_vga/color_mapper_Final/dc_bias_reg[3]_i_118_n_7
    SLICE_X154Y129       LUT4 (Prop_lut4_I0_O)        0.325    19.689 f  datapath/video_inst/Inst_vga/color_mapper_Final/dc_bias[3]_i_74/O
                         net (fo=1, routed)           0.165    19.855    datapath/video_inst/Inst_vga/color_mapper_Final/dc_bias[3]_i_74_n_0
    SLICE_X154Y129       LUT6 (Prop_lut6_I4_O)        0.328    20.183 r  datapath/video_inst/Inst_vga/color_mapper_Final/dc_bias[3]_i_30/O
                         net (fo=2, routed)           0.581    20.764    datapath/video_inst/Inst_vga/vga_signal_generator_Final/dc_bias[3]_i_2_2
    SLICE_X151Y129       LUT6 (Prop_lut6_I2_O)        0.124    20.888 f  datapath/video_inst/Inst_vga/vga_signal_generator_Final/dc_bias[3]_i_4__0/O
                         net (fo=2, routed)           0.534    21.422    datapath/video_inst/Inst_vga/vga_signal_generator_Final/dc_bias[3]_i_4__0_n_0
    SLICE_X152Y129       LUT6 (Prop_lut6_I5_O)        0.124    21.546 r  datapath/video_inst/Inst_vga/vga_signal_generator_Final/dc_bias[3]_i_3/O
                         net (fo=7, routed)           1.044    22.590    datapath/video_inst/inst_dvid/TDMS_encoder_green/pixel[color][1]
    SLICE_X158Y132       LUT6 (Prop_lut6_I5_O)        0.124    22.714 r  datapath/video_inst/inst_dvid/TDMS_encoder_green/encoded[1]_i_1__0/O
                         net (fo=2, routed)           0.398    23.112    datapath/video_inst/inst_dvid/TDMS_encoder_green/encoded[1]_i_1__0_n_0
    SLICE_X159Y132       FDRE                                         r  datapath/video_inst/inst_dvid/TDMS_encoder_green/encoded_reg[1]/D
  -------------------------------------------------------------------    -------------------

                         (clock clk_out1_clk_wiz_0 rise edge)
                                                     40.000    40.000 r  
    BUFGCTRL_X0Y2        BUFG                         0.000    40.000 r  clk_IBUF_BUFG_inst/O
                         net (fo=319, routed)         1.972    41.972    datapath/video_inst/mmcm_adv_inst_display_clocks/inst/clk_in1
    MMCME2_ADV_X1Y0      MMCME2_ADV (Prop_mmcme2_adv_CLKIN1_CLKOUT0)
                                                     -4.637    37.335 r  datapath/video_inst/mmcm_adv_inst_display_clocks/inst/mmcm_adv_inst/CLKOUT0
                         net (fo=1, routed)           2.574    39.909    datapath/video_inst/mmcm_adv_inst_display_clocks/inst/clk_out1_clk_wiz_0
    BUFGCTRL_X0Y4        BUFG (Prop_bufg_I_O)         0.091    40.000 r  datapath/video_inst/mmcm_adv_inst_display_clocks/inst/clkout1_buf/O
                         net (fo=83, routed)          1.703    41.703    datapath/video_inst/inst_dvid/TDMS_encoder_green/clk_out1
    SLICE_X159Y132       FDRE                                         r  datapath/video_inst/inst_dvid/TDMS_encoder_green/encoded_reg[1]/C
                         clock pessimism              0.075    41.778    
                         clock uncertainty           -0.095    41.684    
    SLICE_X159Y132       FDRE (Setup_fdre_C_D)       -0.047    41.637    datapath/video_inst/inst_dvid/TDMS_encoder_green/encoded_reg[1]
  -------------------------------------------------------------------
                         required time                         41.637    
                         arrival time                         -23.112    
  -------------------------------------------------------------------
                         slack                                 18.525    

Slack (MET) :             18.672ns  (required time - arrival time)
  Source:                 datapath/video_inst/Inst_vga/vga_signal_generator_Final/position_reg[row][8]/C
                            (rising edge-triggered cell FDRE clocked by clk_out1_clk_wiz_0  {rise@0.000ns fall@20.000ns period=40.000ns})
  Destination:            datapath/video_inst/inst_dvid/TDMS_encoder_blue/encoded_reg[2]/D
                            (rising edge-triggered cell FDRE clocked by clk_out1_clk_wiz_0  {rise@0.000ns fall@20.000ns period=40.000ns})
  Path Group:             clk_out1_clk_wiz_0
  Path Type:              Setup (Max at Slow Process Corner)
  Requirement:            40.000ns  (clk_out1_clk_wiz_0 rise@40.000ns - clk_out1_clk_wiz_0 rise@0.000ns)
  Data Path Delay:        21.239ns  (logic 6.308ns (29.701%)  route 14.931ns (70.299%))
  Logic Levels:           24  (CARRY4=8 LUT2=2 LUT3=3 LUT4=3 LUT5=3 LUT6=5)
  Clock Path Skew:        -0.024ns (DCD - SCD + CPR)
    Destination Clock Delay (DCD):    1.706ns = ( 41.706 - 40.000 ) 
    Source Clock Delay      (SCD):    1.819ns
    Clock Pessimism Removal (CPR):    0.089ns
  Clock Uncertainty:      0.095ns  ((TSJ^2 + DJ^2)^1/2) / 2 + PE
    Total System Jitter     (TSJ):    0.071ns
    Discrete Jitter          (DJ):    0.175ns
    Phase Error              (PE):    0.000ns

    Location             Delay type                Incr(ns)  Path(ns)    Netlist Resource(s)
  -------------------------------------------------------------------    -------------------
                         (clock clk_out1_clk_wiz_0 rise edge)
                                                      0.000     0.000 r  
    BUFGCTRL_X0Y2        BUFG                         0.000     0.000 r  clk_IBUF_BUFG_inst/O
                         net (fo=319, routed)         2.106     2.106    datapath/video_inst/mmcm_adv_inst_display_clocks/inst/clk_in1
    MMCME2_ADV_X1Y0      MMCME2_ADV (Prop_mmcme2_adv_CLKIN1_CLKOUT0)
                                                     -4.900    -2.793 r  datapath/video_inst/mmcm_adv_inst_display_clocks/inst/mmcm_adv_inst/CLKOUT0
                         net (fo=1, routed)           2.697    -0.096    datapath/video_inst/mmcm_adv_inst_display_clocks/inst/clk_out1_clk_wiz_0
    BUFGCTRL_X0Y4        BUFG (Prop_bufg_I_O)         0.096    -0.000 r  datapath/video_inst/mmcm_adv_inst_display_clocks/inst/clkout1_buf/O
                         net (fo=83, routed)          1.819     1.819    datapath/video_inst/Inst_vga/vga_signal_generator_Final/clk_out1
    SLICE_X161Y129       FDRE                                         r  datapath/video_inst/Inst_vga/vga_signal_generator_Final/position_reg[row][8]/C
  -------------------------------------------------------------------    -------------------
    SLICE_X161Y129       FDRE (Prop_fdre_C_Q)         0.456     2.275 f  datapath/video_inst/Inst_vga/vga_signal_generator_Final/position_reg[row][8]/Q
                         net (fo=15, routed)          1.769     4.044    datapath/video_inst/Inst_vga/vga_signal_generator_Final/Q[8]
    SLICE_X150Y128       LUT5 (Prop_lut5_I1_O)        0.124     4.168 f  datapath/video_inst/Inst_vga/vga_signal_generator_Final/dc_bias[3]_i_17/O
                         net (fo=4, routed)           0.782     4.950    datapath/video_inst/Inst_vga/vga_signal_generator_Final/dc_bias[3]_i_17_n_0
    SLICE_X154Y128       LUT4 (Prop_lut4_I3_O)        0.124     5.074 r  datapath/video_inst/Inst_vga/vga_signal_generator_Final/dc_bias[3]_i_13/O
                         net (fo=18, routed)          1.002     6.075    datapath/video_inst/Inst_vga/vga_signal_generator_Final/position_reg[row][4]_0
    SLICE_X157Y124       LUT5 (Prop_lut5_I0_O)        0.124     6.199 f  datapath/video_inst/Inst_vga/vga_signal_generator_Final/dc_bias[3]_i_152/O
                         net (fo=65, routed)          1.378     7.577    datapath/video_inst/Inst_vga/vga_signal_generator_Final/position_reg[row][2]_0
    SLICE_X163Y126       LUT3 (Prop_lut3_I0_O)        0.124     7.701 r  datapath/video_inst/Inst_vga/vga_signal_generator_Final/dc_bias[3]_i_632/O
                         net (fo=2, routed)           0.900     8.601    datapath/video_inst/Inst_vga/color_mapper_Final/dc_bias[3]_i_692_0[2]
    SLICE_X160Y118       CARRY4 (Prop_carry4_DI[2]_CO[3])
                                                      0.398     8.999 r  datapath/video_inst/Inst_vga/color_mapper_Final/dc_bias_reg[3]_i_639/CO[3]
                         net (fo=1, routed)           0.000     8.999    datapath/video_inst/Inst_vga/color_mapper_Final/dc_bias_reg[3]_i_639_n_0
    SLICE_X160Y119       CARRY4 (Prop_carry4_CI_CO[3])
                                                      0.114     9.113 r  datapath/video_inst/Inst_vga/color_mapper_Final/dc_bias_reg[3]_i_533/CO[3]
                         net (fo=1, routed)           0.000     9.113    datapath/video_inst/Inst_vga/color_mapper_Final/dc_bias_reg[3]_i_533_n_0
    SLICE_X160Y120       CARRY4 (Prop_carry4_CI_CO[3])
                                                      0.114     9.227 f  datapath/video_inst/Inst_vga/color_mapper_Final/dc_bias_reg[3]_i_411/CO[3]
                         net (fo=43, routed)          1.554    10.781    datapath/video_inst/Inst_vga/color_mapper_Final/position_reg[row][9]_2[0]
    SLICE_X163Y125       LUT3 (Prop_lut3_I2_O)        0.150    10.931 r  datapath/video_inst/Inst_vga/color_mapper_Final/dc_bias[3]_i_438/O
                         net (fo=2, routed)           0.544    11.475    datapath/video_inst/Inst_vga/color_mapper_Final/dc_bias[3]_i_438_n_0
    SLICE_X162Y125       LUT4 (Prop_lut4_I3_O)        0.332    11.807 r  datapath/video_inst/Inst_vga/color_mapper_Final/dc_bias[3]_i_441/O
                         net (fo=1, routed)           0.000    11.807    datapath/video_inst/Inst_vga/color_mapper_Final/dc_bias[3]_i_441_n_0
    SLICE_X162Y125       CARRY4 (Prop_carry4_S[3]_O[3])
                                                      0.255    12.062 r  datapath/video_inst/Inst_vga/color_mapper_Final/dc_bias_reg[3]_i_328/O[3]
                         net (fo=3, routed)           0.656    12.718    datapath/video_inst/Inst_vga/color_mapper_Final/dc_bias_reg[3]_i_328_n_4
    SLICE_X162Y124       LUT3 (Prop_lut3_I2_O)        0.307    13.025 r  datapath/video_inst/Inst_vga/color_mapper_Final/dc_bias[3]_i_330/O
                         net (fo=2, routed)           0.855    13.880    datapath/video_inst/Inst_vga/color_mapper_Final/dc_bias[3]_i_330_n_0
    SLICE_X162Y124       LUT5 (Prop_lut5_I0_O)        0.152    14.032 r  datapath/video_inst/Inst_vga/color_mapper_Final/dc_bias[3]_i_269/O
                         net (fo=2, routed)           0.577    14.609    datapath/video_inst/Inst_vga/color_mapper_Final/dc_bias[3]_i_269_n_0
    SLICE_X161Y124       LUT6 (Prop_lut6_I0_O)        0.348    14.957 r  datapath/video_inst/Inst_vga/color_mapper_Final/dc_bias[3]_i_273/O
                         net (fo=1, routed)           0.000    14.957    datapath/video_inst/Inst_vga/color_mapper_Final/dc_bias[3]_i_273_n_0
    SLICE_X161Y124       CARRY4 (Prop_carry4_S[2]_CO[3])
                                                      0.398    15.355 r  datapath/video_inst/Inst_vga/color_mapper_Final/dc_bias_reg[3]_i_208/CO[3]
                         net (fo=1, routed)           0.009    15.364    datapath/video_inst/Inst_vga/color_mapper_Final/dc_bias_reg[3]_i_208_n_0
    SLICE_X161Y125       CARRY4 (Prop_carry4_CI_O[1])
                                                      0.334    15.698 r  datapath/video_inst/Inst_vga/color_mapper_Final/dc_bias_reg[3]_i_264/O[1]
                         net (fo=2, routed)           0.593    16.291    datapath/video_inst/Inst_vga/color_mapper_Final/dc_bias_reg[3]_i_264_n_6
    SLICE_X162Y128       LUT2 (Prop_lut2_I0_O)        0.303    16.594 r  datapath/video_inst/Inst_vga/color_mapper_Final/dc_bias[3]_i_266/O
                         net (fo=1, routed)           0.000    16.594    datapath/video_inst/Inst_vga/color_mapper_Final/dc_bias[3]_i_266_n_0
    SLICE_X162Y128       CARRY4 (Prop_carry4_S[1]_O[2])
                                                      0.578    17.172 r  datapath/video_inst/Inst_vga/color_mapper_Final/dc_bias_reg[3]_i_207/O[2]
                         net (fo=1, routed)           0.644    17.816    datapath/video_inst/Inst_vga/color_mapper_Final/dc_bias_reg[3]_i_207_n_5
    SLICE_X161Y129       LUT2 (Prop_lut2_I0_O)        0.301    18.117 r  datapath/video_inst/Inst_vga/color_mapper_Final/dc_bias[3]_i_163/O
                         net (fo=1, routed)           0.000    18.117    datapath/video_inst/Inst_vga/color_mapper_Final/dc_bias[3]_i_163_n_0
    SLICE_X161Y129       CARRY4 (Prop_carry4_S[0]_O[0])
                                                      0.247    18.364 f  datapath/video_inst/Inst_vga/color_mapper_Final/dc_bias_reg[3]_i_118/O[0]
                         net (fo=2, routed)           1.000    19.364    datapath/video_inst/Inst_vga/color_mapper_Final/dc_bias_reg[3]_i_118_n_7
    SLICE_X154Y129       LUT4 (Prop_lut4_I0_O)        0.325    19.689 f  datapath/video_inst/Inst_vga/color_mapper_Final/dc_bias[3]_i_74/O
                         net (fo=1, routed)           0.165    19.855    datapath/video_inst/Inst_vga/color_mapper_Final/dc_bias[3]_i_74_n_0
    SLICE_X154Y129       LUT6 (Prop_lut6_I4_O)        0.328    20.183 r  datapath/video_inst/Inst_vga/color_mapper_Final/dc_bias[3]_i_30/O
                         net (fo=2, routed)           0.585    20.768    datapath/video_inst/Inst_vga/vga_signal_generator_Final/dc_bias[3]_i_2_2
    SLICE_X151Y129       LUT6 (Prop_lut6_I4_O)        0.124    20.892 f  datapath/video_inst/Inst_vga/vga_signal_generator_Final/dc_bias[3]_i_8/O
                         net (fo=2, routed)           0.626    21.518    datapath/video_inst/Inst_vga/vga_signal_generator_Final/dc_bias[3]_i_8_n_0
    SLICE_X152Y129       LUT6 (Prop_lut6_I5_O)        0.124    21.642 r  datapath/video_inst/Inst_vga/vga_signal_generator_Final/dc_bias[3]_i_2/O
                         net (fo=10, routed)          1.292    22.934    datapath/video_inst/Inst_vga/vga_signal_generator_Final/position_reg[row][9]_22
    SLICE_X161Y133       LUT6 (Prop_lut6_I3_O)        0.124    23.058 r  datapath/video_inst/Inst_vga/vga_signal_generator_Final/encoded[2]_i_1/O
                         net (fo=1, routed)           0.000    23.058    datapath/video_inst/inst_dvid/TDMS_encoder_blue/encoded_reg[4]_0[2]
    SLICE_X161Y133       FDRE                                         r  datapath/video_inst/inst_dvid/TDMS_encoder_blue/encoded_reg[2]/D
  -------------------------------------------------------------------    -------------------

                         (clock clk_out1_clk_wiz_0 rise edge)
                                                     40.000    40.000 r  
    BUFGCTRL_X0Y2        BUFG                         0.000    40.000 r  clk_IBUF_BUFG_inst/O
                         net (fo=319, routed)         1.972    41.972    datapath/video_inst/mmcm_adv_inst_display_clocks/inst/clk_in1
    MMCME2_ADV_X1Y0      MMCME2_ADV (Prop_mmcme2_adv_CLKIN1_CLKOUT0)
                                                     -4.637    37.335 r  datapath/video_inst/mmcm_adv_inst_display_clocks/inst/mmcm_adv_inst/CLKOUT0
                         net (fo=1, routed)           2.574    39.909    datapath/video_inst/mmcm_adv_inst_display_clocks/inst/clk_out1_clk_wiz_0
    BUFGCTRL_X0Y4        BUFG (Prop_bufg_I_O)         0.091    40.000 r  datapath/video_inst/mmcm_adv_inst_display_clocks/inst/clkout1_buf/O
                         net (fo=83, routed)          1.706    41.706    datapath/video_inst/inst_dvid/TDMS_encoder_blue/clk_out1
    SLICE_X161Y133       FDRE                                         r  datapath/video_inst/inst_dvid/TDMS_encoder_blue/encoded_reg[2]/C
                         clock pessimism              0.089    41.795    
                         clock uncertainty           -0.095    41.701    
    SLICE_X161Y133       FDRE (Setup_fdre_C_D)        0.029    41.730    datapath/video_inst/inst_dvid/TDMS_encoder_blue/encoded_reg[2]
  -------------------------------------------------------------------
                         required time                         41.730    
                         arrival time                         -23.058    
  -------------------------------------------------------------------
                         slack                                 18.672    

Slack (MET) :             18.675ns  (required time - arrival time)
  Source:                 datapath/video_inst/Inst_vga/vga_signal_generator_Final/position_reg[row][8]/C
                            (rising edge-triggered cell FDRE clocked by clk_out1_clk_wiz_0  {rise@0.000ns fall@20.000ns period=40.000ns})
  Destination:            datapath/video_inst/inst_dvid/TDMS_encoder_blue/encoded_reg[4]/D
                            (rising edge-triggered cell FDRE clocked by clk_out1_clk_wiz_0  {rise@0.000ns fall@20.000ns period=40.000ns})
  Path Group:             clk_out1_clk_wiz_0
  Path Type:              Setup (Max at Slow Process Corner)
  Requirement:            40.000ns  (clk_out1_clk_wiz_0 rise@40.000ns - clk_out1_clk_wiz_0 rise@0.000ns)
  Data Path Delay:        21.238ns  (logic 6.308ns (29.702%)  route 14.930ns (70.298%))
  Logic Levels:           24  (CARRY4=8 LUT2=2 LUT3=3 LUT4=3 LUT5=3 LUT6=5)
  Clock Path Skew:        -0.024ns (DCD - SCD + CPR)
    Destination Clock Delay (DCD):    1.706ns = ( 41.706 - 40.000 ) 
    Source Clock Delay      (SCD):    1.819ns
    Clock Pessimism Removal (CPR):    0.089ns
  Clock Uncertainty:      0.095ns  ((TSJ^2 + DJ^2)^1/2) / 2 + PE
    Total System Jitter     (TSJ):    0.071ns
    Discrete Jitter          (DJ):    0.175ns
    Phase Error              (PE):    0.000ns

    Location             Delay type                Incr(ns)  Path(ns)    Netlist Resource(s)
  -------------------------------------------------------------------    -------------------
                         (clock clk_out1_clk_wiz_0 rise edge)
                                                      0.000     0.000 r  
    BUFGCTRL_X0Y2        BUFG                         0.000     0.000 r  clk_IBUF_BUFG_inst/O
                         net (fo=319, routed)         2.106     2.106    datapath/video_inst/mmcm_adv_inst_display_clocks/inst/clk_in1
    MMCME2_ADV_X1Y0      MMCME2_ADV (Prop_mmcme2_adv_CLKIN1_CLKOUT0)
                                                     -4.900    -2.793 r  datapath/video_inst/mmcm_adv_inst_display_clocks/inst/mmcm_adv_inst/CLKOUT0
                         net (fo=1, routed)           2.697    -0.096    datapath/video_inst/mmcm_adv_inst_display_clocks/inst/clk_out1_clk_wiz_0
    BUFGCTRL_X0Y4        BUFG (Prop_bufg_I_O)         0.096    -0.000 r  datapath/video_inst/mmcm_adv_inst_display_clocks/inst/clkout1_buf/O
                         net (fo=83, routed)          1.819     1.819    datapath/video_inst/Inst_vga/vga_signal_generator_Final/clk_out1
    SLICE_X161Y129       FDRE                                         r  datapath/video_inst/Inst_vga/vga_signal_generator_Final/position_reg[row][8]/C
  -------------------------------------------------------------------    -------------------
    SLICE_X161Y129       FDRE (Prop_fdre_C_Q)         0.456     2.275 f  datapath/video_inst/Inst_vga/vga_signal_generator_Final/position_reg[row][8]/Q
                         net (fo=15, routed)          1.769     4.044    datapath/video_inst/Inst_vga/vga_signal_generator_Final/Q[8]
    SLICE_X150Y128       LUT5 (Prop_lut5_I1_O)        0.124     4.168 f  datapath/video_inst/Inst_vga/vga_signal_generator_Final/dc_bias[3]_i_17/O
                         net (fo=4, routed)           0.782     4.950    datapath/video_inst/Inst_vga/vga_signal_generator_Final/dc_bias[3]_i_17_n_0
    SLICE_X154Y128       LUT4 (Prop_lut4_I3_O)        0.124     5.074 r  datapath/video_inst/Inst_vga/vga_signal_generator_Final/dc_bias[3]_i_13/O
                         net (fo=18, routed)          1.002     6.075    datapath/video_inst/Inst_vga/vga_signal_generator_Final/position_reg[row][4]_0
    SLICE_X157Y124       LUT5 (Prop_lut5_I0_O)        0.124     6.199 f  datapath/video_inst/Inst_vga/vga_signal_generator_Final/dc_bias[3]_i_152/O
                         net (fo=65, routed)          1.378     7.577    datapath/video_inst/Inst_vga/vga_signal_generator_Final/position_reg[row][2]_0
    SLICE_X163Y126       LUT3 (Prop_lut3_I0_O)        0.124     7.701 r  datapath/video_inst/Inst_vga/vga_signal_generator_Final/dc_bias[3]_i_632/O
                         net (fo=2, routed)           0.900     8.601    datapath/video_inst/Inst_vga/color_mapper_Final/dc_bias[3]_i_692_0[2]
    SLICE_X160Y118       CARRY4 (Prop_carry4_DI[2]_CO[3])
                                                      0.398     8.999 r  datapath/video_inst/Inst_vga/color_mapper_Final/dc_bias_reg[3]_i_639/CO[3]
                         net (fo=1, routed)           0.000     8.999    datapath/video_inst/Inst_vga/color_mapper_Final/dc_bias_reg[3]_i_639_n_0
    SLICE_X160Y119       CARRY4 (Prop_carry4_CI_CO[3])
                                                      0.114     9.113 r  datapath/video_inst/Inst_vga/color_mapper_Final/dc_bias_reg[3]_i_533/CO[3]
                         net (fo=1, routed)           0.000     9.113    datapath/video_inst/Inst_vga/color_mapper_Final/dc_bias_reg[3]_i_533_n_0
    SLICE_X160Y120       CARRY4 (Prop_carry4_CI_CO[3])
                                                      0.114     9.227 f  datapath/video_inst/Inst_vga/color_mapper_Final/dc_bias_reg[3]_i_411/CO[3]
                         net (fo=43, routed)          1.554    10.781    datapath/video_inst/Inst_vga/color_mapper_Final/position_reg[row][9]_2[0]
    SLICE_X163Y125       LUT3 (Prop_lut3_I2_O)        0.150    10.931 r  datapath/video_inst/Inst_vga/color_mapper_Final/dc_bias[3]_i_438/O
                         net (fo=2, routed)           0.544    11.475    datapath/video_inst/Inst_vga/color_mapper_Final/dc_bias[3]_i_438_n_0
    SLICE_X162Y125       LUT4 (Prop_lut4_I3_O)        0.332    11.807 r  datapath/video_inst/Inst_vga/color_mapper_Final/dc_bias[3]_i_441/O
                         net (fo=1, routed)           0.000    11.807    datapath/video_inst/Inst_vga/color_mapper_Final/dc_bias[3]_i_441_n_0
    SLICE_X162Y125       CARRY4 (Prop_carry4_S[3]_O[3])
                                                      0.255    12.062 r  datapath/video_inst/Inst_vga/color_mapper_Final/dc_bias_reg[3]_i_328/O[3]
                         net (fo=3, routed)           0.656    12.718    datapath/video_inst/Inst_vga/color_mapper_Final/dc_bias_reg[3]_i_328_n_4
    SLICE_X162Y124       LUT3 (Prop_lut3_I2_O)        0.307    13.025 r  datapath/video_inst/Inst_vga/color_mapper_Final/dc_bias[3]_i_330/O
                         net (fo=2, routed)           0.855    13.880    datapath/video_inst/Inst_vga/color_mapper_Final/dc_bias[3]_i_330_n_0
    SLICE_X162Y124       LUT5 (Prop_lut5_I0_O)        0.152    14.032 r  datapath/video_inst/Inst_vga/color_mapper_Final/dc_bias[3]_i_269/O
                         net (fo=2, routed)           0.577    14.609    datapath/video_inst/Inst_vga/color_mapper_Final/dc_bias[3]_i_269_n_0
    SLICE_X161Y124       LUT6 (Prop_lut6_I0_O)        0.348    14.957 r  datapath/video_inst/Inst_vga/color_mapper_Final/dc_bias[3]_i_273/O
                         net (fo=1, routed)           0.000    14.957    datapath/video_inst/Inst_vga/color_mapper_Final/dc_bias[3]_i_273_n_0
    SLICE_X161Y124       CARRY4 (Prop_carry4_S[2]_CO[3])
                                                      0.398    15.355 r  datapath/video_inst/Inst_vga/color_mapper_Final/dc_bias_reg[3]_i_208/CO[3]
                         net (fo=1, routed)           0.009    15.364    datapath/video_inst/Inst_vga/color_mapper_Final/dc_bias_reg[3]_i_208_n_0
    SLICE_X161Y125       CARRY4 (Prop_carry4_CI_O[1])
                                                      0.334    15.698 r  datapath/video_inst/Inst_vga/color_mapper_Final/dc_bias_reg[3]_i_264/O[1]
                         net (fo=2, routed)           0.593    16.291    datapath/video_inst/Inst_vga/color_mapper_Final/dc_bias_reg[3]_i_264_n_6
    SLICE_X162Y128       LUT2 (Prop_lut2_I0_O)        0.303    16.594 r  datapath/video_inst/Inst_vga/color_mapper_Final/dc_bias[3]_i_266/O
                         net (fo=1, routed)           0.000    16.594    datapath/video_inst/Inst_vga/color_mapper_Final/dc_bias[3]_i_266_n_0
    SLICE_X162Y128       CARRY4 (Prop_carry4_S[1]_O[2])
                                                      0.578    17.172 r  datapath/video_inst/Inst_vga/color_mapper_Final/dc_bias_reg[3]_i_207/O[2]
                         net (fo=1, routed)           0.644    17.816    datapath/video_inst/Inst_vga/color_mapper_Final/dc_bias_reg[3]_i_207_n_5
    SLICE_X161Y129       LUT2 (Prop_lut2_I0_O)        0.301    18.117 r  datapath/video_inst/Inst_vga/color_mapper_Final/dc_bias[3]_i_163/O
                         net (fo=1, routed)           0.000    18.117    datapath/video_inst/Inst_vga/color_mapper_Final/dc_bias[3]_i_163_n_0
    SLICE_X161Y129       CARRY4 (Prop_carry4_S[0]_O[0])
                                                      0.247    18.364 f  datapath/video_inst/Inst_vga/color_mapper_Final/dc_bias_reg[3]_i_118/O[0]
                         net (fo=2, routed)           1.000    19.364    datapath/video_inst/Inst_vga/color_mapper_Final/dc_bias_reg[3]_i_118_n_7
    SLICE_X154Y129       LUT4 (Prop_lut4_I0_O)        0.325    19.689 f  datapath/video_inst/Inst_vga/color_mapper_Final/dc_bias[3]_i_74/O
                         net (fo=1, routed)           0.165    19.855    datapath/video_inst/Inst_vga/color_mapper_Final/dc_bias[3]_i_74_n_0
    SLICE_X154Y129       LUT6 (Prop_lut6_I4_O)        0.328    20.183 r  datapath/video_inst/Inst_vga/color_mapper_Final/dc_bias[3]_i_30/O
                         net (fo=2, routed)           0.585    20.768    datapath/video_inst/Inst_vga/vga_signal_generator_Final/dc_bias[3]_i_2_2
    SLICE_X151Y129       LUT6 (Prop_lut6_I4_O)        0.124    20.892 f  datapath/video_inst/Inst_vga/vga_signal_generator_Final/dc_bias[3]_i_8/O
                         net (fo=2, routed)           0.626    21.518    datapath/video_inst/Inst_vga/vga_signal_generator_Final/dc_bias[3]_i_8_n_0
    SLICE_X152Y129       LUT6 (Prop_lut6_I5_O)        0.124    21.642 r  datapath/video_inst/Inst_vga/vga_signal_generator_Final/dc_bias[3]_i_2/O
                         net (fo=10, routed)          1.291    22.933    datapath/video_inst/Inst_vga/vga_signal_generator_Final/position_reg[row][9]_22
    SLICE_X161Y133       LUT6 (Prop_lut6_I3_O)        0.124    23.057 r  datapath/video_inst/Inst_vga/vga_signal_generator_Final/encoded[4]_i_1/O
                         net (fo=1, routed)           0.000    23.057    datapath/video_inst/inst_dvid/TDMS_encoder_blue/encoded_reg[4]_0[3]
    SLICE_X161Y133       FDRE                                         r  datapath/video_inst/inst_dvid/TDMS_encoder_blue/encoded_reg[4]/D
  -------------------------------------------------------------------    -------------------

                         (clock clk_out1_clk_wiz_0 rise edge)
                                                     40.000    40.000 r  
    BUFGCTRL_X0Y2        BUFG                         0.000    40.000 r  clk_IBUF_BUFG_inst/O
                         net (fo=319, routed)         1.972    41.972    datapath/video_inst/mmcm_adv_inst_display_clocks/inst/clk_in1
    MMCME2_ADV_X1Y0      MMCME2_ADV (Prop_mmcme2_adv_CLKIN1_CLKOUT0)
                                                     -4.637    37.335 r  datapath/video_inst/mmcm_adv_inst_display_clocks/inst/mmcm_adv_inst/CLKOUT0
                         net (fo=1, routed)           2.574    39.909    datapath/video_inst/mmcm_adv_inst_display_clocks/inst/clk_out1_clk_wiz_0
    BUFGCTRL_X0Y4        BUFG (Prop_bufg_I_O)         0.091    40.000 r  datapath/video_inst/mmcm_adv_inst_display_clocks/inst/clkout1_buf/O
                         net (fo=83, routed)          1.706    41.706    datapath/video_inst/inst_dvid/TDMS_encoder_blue/clk_out1
    SLICE_X161Y133       FDRE                                         r  datapath/video_inst/inst_dvid/TDMS_encoder_blue/encoded_reg[4]/C
                         clock pessimism              0.089    41.795    
                         clock uncertainty           -0.095    41.701    
    SLICE_X161Y133       FDRE (Setup_fdre_C_D)        0.031    41.732    datapath/video_inst/inst_dvid/TDMS_encoder_blue/encoded_reg[4]
  -------------------------------------------------------------------
                         required time                         41.732    
                         arrival time                         -23.057    
  -------------------------------------------------------------------
                         slack                                 18.675    

Slack (MET) :             18.725ns  (required time - arrival time)
  Source:                 datapath/video_inst/Inst_vga/vga_signal_generator_Final/position_reg[row][8]/C
                            (rising edge-triggered cell FDRE clocked by clk_out1_clk_wiz_0  {rise@0.000ns fall@20.000ns period=40.000ns})
  Destination:            datapath/video_inst/inst_dvid/TDMS_encoder_blue/encoded_reg[0]/D
                            (rising edge-triggered cell FDRE clocked by clk_out1_clk_wiz_0  {rise@0.000ns fall@20.000ns period=40.000ns})
  Path Group:             clk_out1_clk_wiz_0
  Path Type:              Setup (Max at Slow Process Corner)
  Requirement:            40.000ns  (clk_out1_clk_wiz_0 rise@40.000ns - clk_out1_clk_wiz_0 rise@0.000ns)
  Data Path Delay:        21.185ns  (logic 6.308ns (29.776%)  route 14.877ns (70.224%))
  Logic Levels:           24  (CARRY4=8 LUT2=2 LUT3=3 LUT4=3 LUT5=3 LUT6=5)
  Clock Path Skew:        -0.025ns (DCD - SCD + CPR)
    Destination Clock Delay (DCD):    1.705ns = ( 41.705 - 40.000 ) 
    Source Clock Delay      (SCD):    1.819ns
    Clock Pessimism Removal (CPR):    0.089ns
  Clock Uncertainty:      0.095ns  ((TSJ^2 + DJ^2)^1/2) / 2 + PE
    Total System Jitter     (TSJ):    0.071ns
    Discrete Jitter          (DJ):    0.175ns
    Phase Error              (PE):    0.000ns

    Location             Delay type                Incr(ns)  Path(ns)    Netlist Resource(s)
  -------------------------------------------------------------------    -------------------
                         (clock clk_out1_clk_wiz_0 rise edge)
                                                      0.000     0.000 r  
    BUFGCTRL_X0Y2        BUFG                         0.000     0.000 r  clk_IBUF_BUFG_inst/O
                         net (fo=319, routed)         2.106     2.106    datapath/video_inst/mmcm_adv_inst_display_clocks/inst/clk_in1
    MMCME2_ADV_X1Y0      MMCME2_ADV (Prop_mmcme2_adv_CLKIN1_CLKOUT0)
                                                     -4.900    -2.793 r  datapath/video_inst/mmcm_adv_inst_display_clocks/inst/mmcm_adv_inst/CLKOUT0
                         net (fo=1, routed)           2.697    -0.096    datapath/video_inst/mmcm_adv_inst_display_clocks/inst/clk_out1_clk_wiz_0
    BUFGCTRL_X0Y4        BUFG (Prop_bufg_I_O)         0.096    -0.000 r  datapath/video_inst/mmcm_adv_inst_display_clocks/inst/clkout1_buf/O
                         net (fo=83, routed)          1.819     1.819    datapath/video_inst/Inst_vga/vga_signal_generator_Final/clk_out1
    SLICE_X161Y129       FDRE                                         r  datapath/video_inst/Inst_vga/vga_signal_generator_Final/position_reg[row][8]/C
  -------------------------------------------------------------------    -------------------
    SLICE_X161Y129       FDRE (Prop_fdre_C_Q)         0.456     2.275 f  datapath/video_inst/Inst_vga/vga_signal_generator_Final/position_reg[row][8]/Q
                         net (fo=15, routed)          1.769     4.044    datapath/video_inst/Inst_vga/vga_signal_generator_Final/Q[8]
    SLICE_X150Y128       LUT5 (Prop_lut5_I1_O)        0.124     4.168 f  datapath/video_inst/Inst_vga/vga_signal_generator_Final/dc_bias[3]_i_17/O
                         net (fo=4, routed)           0.782     4.950    datapath/video_inst/Inst_vga/vga_signal_generator_Final/dc_bias[3]_i_17_n_0
    SLICE_X154Y128       LUT4 (Prop_lut4_I3_O)        0.124     5.074 r  datapath/video_inst/Inst_vga/vga_signal_generator_Final/dc_bias[3]_i_13/O
                         net (fo=18, routed)          1.002     6.075    datapath/video_inst/Inst_vga/vga_signal_generator_Final/position_reg[row][4]_0
    SLICE_X157Y124       LUT5 (Prop_lut5_I0_O)        0.124     6.199 f  datapath/video_inst/Inst_vga/vga_signal_generator_Final/dc_bias[3]_i_152/O
                         net (fo=65, routed)          1.378     7.577    datapath/video_inst/Inst_vga/vga_signal_generator_Final/position_reg[row][2]_0
    SLICE_X163Y126       LUT3 (Prop_lut3_I0_O)        0.124     7.701 r  datapath/video_inst/Inst_vga/vga_signal_generator_Final/dc_bias[3]_i_632/O
                         net (fo=2, routed)           0.900     8.601    datapath/video_inst/Inst_vga/color_mapper_Final/dc_bias[3]_i_692_0[2]
    SLICE_X160Y118       CARRY4 (Prop_carry4_DI[2]_CO[3])
                                                      0.398     8.999 r  datapath/video_inst/Inst_vga/color_mapper_Final/dc_bias_reg[3]_i_639/CO[3]
                         net (fo=1, routed)           0.000     8.999    datapath/video_inst/Inst_vga/color_mapper_Final/dc_bias_reg[3]_i_639_n_0
    SLICE_X160Y119       CARRY4 (Prop_carry4_CI_CO[3])
                                                      0.114     9.113 r  datapath/video_inst/Inst_vga/color_mapper_Final/dc_bias_reg[3]_i_533/CO[3]
                         net (fo=1, routed)           0.000     9.113    datapath/video_inst/Inst_vga/color_mapper_Final/dc_bias_reg[3]_i_533_n_0
    SLICE_X160Y120       CARRY4 (Prop_carry4_CI_CO[3])
                                                      0.114     9.227 f  datapath/video_inst/Inst_vga/color_mapper_Final/dc_bias_reg[3]_i_411/CO[3]
                         net (fo=43, routed)          1.554    10.781    datapath/video_inst/Inst_vga/color_mapper_Final/position_reg[row][9]_2[0]
    SLICE_X163Y125       LUT3 (Prop_lut3_I2_O)        0.150    10.931 r  datapath/video_inst/Inst_vga/color_mapper_Final/dc_bias[3]_i_438/O
                         net (fo=2, routed)           0.544    11.475    datapath/video_inst/Inst_vga/color_mapper_Final/dc_bias[3]_i_438_n_0
    SLICE_X162Y125       LUT4 (Prop_lut4_I3_O)        0.332    11.807 r  datapath/video_inst/Inst_vga/color_mapper_Final/dc_bias[3]_i_441/O
                         net (fo=1, routed)           0.000    11.807    datapath/video_inst/Inst_vga/color_mapper_Final/dc_bias[3]_i_441_n_0
    SLICE_X162Y125       CARRY4 (Prop_carry4_S[3]_O[3])
                                                      0.255    12.062 r  datapath/video_inst/Inst_vga/color_mapper_Final/dc_bias_reg[3]_i_328/O[3]
                         net (fo=3, routed)           0.656    12.718    datapath/video_inst/Inst_vga/color_mapper_Final/dc_bias_reg[3]_i_328_n_4
    SLICE_X162Y124       LUT3 (Prop_lut3_I2_O)        0.307    13.025 r  datapath/video_inst/Inst_vga/color_mapper_Final/dc_bias[3]_i_330/O
                         net (fo=2, routed)           0.855    13.880    datapath/video_inst/Inst_vga/color_mapper_Final/dc_bias[3]_i_330_n_0
    SLICE_X162Y124       LUT5 (Prop_lut5_I0_O)        0.152    14.032 r  datapath/video_inst/Inst_vga/color_mapper_Final/dc_bias[3]_i_269/O
                         net (fo=2, routed)           0.577    14.609    datapath/video_inst/Inst_vga/color_mapper_Final/dc_bias[3]_i_269_n_0
    SLICE_X161Y124       LUT6 (Prop_lut6_I0_O)        0.348    14.957 r  datapath/video_inst/Inst_vga/color_mapper_Final/dc_bias[3]_i_273/O
                         net (fo=1, routed)           0.000    14.957    datapath/video_inst/Inst_vga/color_mapper_Final/dc_bias[3]_i_273_n_0
    SLICE_X161Y124       CARRY4 (Prop_carry4_S[2]_CO[3])
                                                      0.398    15.355 r  datapath/video_inst/Inst_vga/color_mapper_Final/dc_bias_reg[3]_i_208/CO[3]
                         net (fo=1, routed)           0.009    15.364    datapath/video_inst/Inst_vga/color_mapper_Final/dc_bias_reg[3]_i_208_n_0
    SLICE_X161Y125       CARRY4 (Prop_carry4_CI_O[1])
                                                      0.334    15.698 r  datapath/video_inst/Inst_vga/color_mapper_Final/dc_bias_reg[3]_i_264/O[1]
                         net (fo=2, routed)           0.593    16.291    datapath/video_inst/Inst_vga/color_mapper_Final/dc_bias_reg[3]_i_264_n_6
    SLICE_X162Y128       LUT2 (Prop_lut2_I0_O)        0.303    16.594 r  datapath/video_inst/Inst_vga/color_mapper_Final/dc_bias[3]_i_266/O
                         net (fo=1, routed)           0.000    16.594    datapath/video_inst/Inst_vga/color_mapper_Final/dc_bias[3]_i_266_n_0
    SLICE_X162Y128       CARRY4 (Prop_carry4_S[1]_O[2])
                                                      0.578    17.172 r  datapath/video_inst/Inst_vga/color_mapper_Final/dc_bias_reg[3]_i_207/O[2]
                         net (fo=1, routed)           0.644    17.816    datapath/video_inst/Inst_vga/color_mapper_Final/dc_bias_reg[3]_i_207_n_5
    SLICE_X161Y129       LUT2 (Prop_lut2_I0_O)        0.301    18.117 r  datapath/video_inst/Inst_vga/color_mapper_Final/dc_bias[3]_i_163/O
                         net (fo=1, routed)           0.000    18.117    datapath/video_inst/Inst_vga/color_mapper_Final/dc_bias[3]_i_163_n_0
    SLICE_X161Y129       CARRY4 (Prop_carry4_S[0]_O[0])
                                                      0.247    18.364 f  datapath/video_inst/Inst_vga/color_mapper_Final/dc_bias_reg[3]_i_118/O[0]
                         net (fo=2, routed)           1.000    19.364    datapath/video_inst/Inst_vga/color_mapper_Final/dc_bias_reg[3]_i_118_n_7
    SLICE_X154Y129       LUT4 (Prop_lut4_I0_O)        0.325    19.689 f  datapath/video_inst/Inst_vga/color_mapper_Final/dc_bias[3]_i_74/O
                         net (fo=1, routed)           0.165    19.855    datapath/video_inst/Inst_vga/color_mapper_Final/dc_bias[3]_i_74_n_0
    SLICE_X154Y129       LUT6 (Prop_lut6_I4_O)        0.328    20.183 r  datapath/video_inst/Inst_vga/color_mapper_Final/dc_bias[3]_i_30/O
                         net (fo=2, routed)           0.585    20.768    datapath/video_inst/Inst_vga/vga_signal_generator_Final/dc_bias[3]_i_2_2
    SLICE_X151Y129       LUT6 (Prop_lut6_I4_O)        0.124    20.892 f  datapath/video_inst/Inst_vga/vga_signal_generator_Final/dc_bias[3]_i_8/O
                         net (fo=2, routed)           0.626    21.518    datapath/video_inst/Inst_vga/vga_signal_generator_Final/dc_bias[3]_i_8_n_0
    SLICE_X152Y129       LUT6 (Prop_lut6_I5_O)        0.124    21.642 r  datapath/video_inst/Inst_vga/vga_signal_generator_Final/dc_bias[3]_i_2/O
                         net (fo=10, routed)          1.238    22.880    datapath/video_inst/Inst_vga/vga_signal_generator_Final/position_reg[row][9]_22
    SLICE_X160Y132       LUT6 (Prop_lut6_I3_O)        0.124    23.004 r  datapath/video_inst/Inst_vga/vga_signal_generator_Final/encoded[0]_i_1/O
                         net (fo=1, routed)           0.000    23.004    datapath/video_inst/inst_dvid/TDMS_encoder_blue/encoded_reg[4]_0[0]
    SLICE_X160Y132       FDRE                                         r  datapath/video_inst/inst_dvid/TDMS_encoder_blue/encoded_reg[0]/D
  -------------------------------------------------------------------    -------------------

                         (clock clk_out1_clk_wiz_0 rise edge)
                                                     40.000    40.000 r  
    BUFGCTRL_X0Y2        BUFG                         0.000    40.000 r  clk_IBUF_BUFG_inst/O
                         net (fo=319, routed)         1.972    41.972    datapath/video_inst/mmcm_adv_inst_display_clocks/inst/clk_in1
    MMCME2_ADV_X1Y0      MMCME2_ADV (Prop_mmcme2_adv_CLKIN1_CLKOUT0)
                                                     -4.637    37.335 r  datapath/video_inst/mmcm_adv_inst_display_clocks/inst/mmcm_adv_inst/CLKOUT0
                         net (fo=1, routed)           2.574    39.909    datapath/video_inst/mmcm_adv_inst_display_clocks/inst/clk_out1_clk_wiz_0
    BUFGCTRL_X0Y4        BUFG (Prop_bufg_I_O)         0.091    40.000 r  datapath/video_inst/mmcm_adv_inst_display_clocks/inst/clkout1_buf/O
                         net (fo=83, routed)          1.705    41.705    datapath/video_inst/inst_dvid/TDMS_encoder_blue/clk_out1
    SLICE_X160Y132       FDRE                                         r  datapath/video_inst/inst_dvid/TDMS_encoder_blue/encoded_reg[0]/C
                         clock pessimism              0.089    41.794    
                         clock uncertainty           -0.095    41.700    
    SLICE_X160Y132       FDRE (Setup_fdre_C_D)        0.029    41.729    datapath/video_inst/inst_dvid/TDMS_encoder_blue/encoded_reg[0]
  -------------------------------------------------------------------
                         required time                         41.729    
                         arrival time                         -23.004    
  -------------------------------------------------------------------
                         slack                                 18.725    

Slack (MET) :             18.738ns  (required time - arrival time)
  Source:                 datapath/video_inst/Inst_vga/vga_signal_generator_Final/position_reg[row][8]/C
                            (rising edge-triggered cell FDRE clocked by clk_out1_clk_wiz_0  {rise@0.000ns fall@20.000ns period=40.000ns})
  Destination:            datapath/video_inst/inst_dvid/TDMS_encoder_blue/encoded_reg[1]/D
                            (rising edge-triggered cell FDRE clocked by clk_out1_clk_wiz_0  {rise@0.000ns fall@20.000ns period=40.000ns})
  Path Group:             clk_out1_clk_wiz_0
  Path Type:              Setup (Max at Slow Process Corner)
  Requirement:            40.000ns  (clk_out1_clk_wiz_0 rise@40.000ns - clk_out1_clk_wiz_0 rise@0.000ns)
  Data Path Delay:        21.174ns  (logic 6.308ns (29.792%)  route 14.866ns (70.208%))
  Logic Levels:           24  (CARRY4=8 LUT2=2 LUT3=3 LUT4=3 LUT5=3 LUT6=5)
  Clock Path Skew:        -0.025ns (DCD - SCD + CPR)
    Destination Clock Delay (DCD):    1.705ns = ( 41.705 - 40.000 ) 
    Source Clock Delay      (SCD):    1.819ns
    Clock Pessimism Removal (CPR):    0.089ns
  Clock Uncertainty:      0.095ns  ((TSJ^2 + DJ^2)^1/2) / 2 + PE
    Total System Jitter     (TSJ):    0.071ns
    Discrete Jitter          (DJ):    0.175ns
    Phase Error              (PE):    0.000ns

    Location             Delay type                Incr(ns)  Path(ns)    Netlist Resource(s)
  -------------------------------------------------------------------    -------------------
                         (clock clk_out1_clk_wiz_0 rise edge)
                                                      0.000     0.000 r  
    BUFGCTRL_X0Y2        BUFG                         0.000     0.000 r  clk_IBUF_BUFG_inst/O
                         net (fo=319, routed)         2.106     2.106    datapath/video_inst/mmcm_adv_inst_display_clocks/inst/clk_in1
    MMCME2_ADV_X1Y0      MMCME2_ADV (Prop_mmcme2_adv_CLKIN1_CLKOUT0)
                                                     -4.900    -2.793 r  datapath/video_inst/mmcm_adv_inst_display_clocks/inst/mmcm_adv_inst/CLKOUT0
                         net (fo=1, routed)           2.697    -0.096    datapath/video_inst/mmcm_adv_inst_display_clocks/inst/clk_out1_clk_wiz_0
    BUFGCTRL_X0Y4        BUFG (Prop_bufg_I_O)         0.096    -0.000 r  datapath/video_inst/mmcm_adv_inst_display_clocks/inst/clkout1_buf/O
                         net (fo=83, routed)          1.819     1.819    datapath/video_inst/Inst_vga/vga_signal_generator_Final/clk_out1
    SLICE_X161Y129       FDRE                                         r  datapath/video_inst/Inst_vga/vga_signal_generator_Final/position_reg[row][8]/C
  -------------------------------------------------------------------    -------------------
    SLICE_X161Y129       FDRE (Prop_fdre_C_Q)         0.456     2.275 f  datapath/video_inst/Inst_vga/vga_signal_generator_Final/position_reg[row][8]/Q
                         net (fo=15, routed)          1.769     4.044    datapath/video_inst/Inst_vga/vga_signal_generator_Final/Q[8]
    SLICE_X150Y128       LUT5 (Prop_lut5_I1_O)        0.124     4.168 f  datapath/video_inst/Inst_vga/vga_signal_generator_Final/dc_bias[3]_i_17/O
                         net (fo=4, routed)           0.782     4.950    datapath/video_inst/Inst_vga/vga_signal_generator_Final/dc_bias[3]_i_17_n_0
    SLICE_X154Y128       LUT4 (Prop_lut4_I3_O)        0.124     5.074 r  datapath/video_inst/Inst_vga/vga_signal_generator_Final/dc_bias[3]_i_13/O
                         net (fo=18, routed)          1.002     6.075    datapath/video_inst/Inst_vga/vga_signal_generator_Final/position_reg[row][4]_0
    SLICE_X157Y124       LUT5 (Prop_lut5_I0_O)        0.124     6.199 f  datapath/video_inst/Inst_vga/vga_signal_generator_Final/dc_bias[3]_i_152/O
                         net (fo=65, routed)          1.378     7.577    datapath/video_inst/Inst_vga/vga_signal_generator_Final/position_reg[row][2]_0
    SLICE_X163Y126       LUT3 (Prop_lut3_I0_O)        0.124     7.701 r  datapath/video_inst/Inst_vga/vga_signal_generator_Final/dc_bias[3]_i_632/O
                         net (fo=2, routed)           0.900     8.601    datapath/video_inst/Inst_vga/color_mapper_Final/dc_bias[3]_i_692_0[2]
    SLICE_X160Y118       CARRY4 (Prop_carry4_DI[2]_CO[3])
                                                      0.398     8.999 r  datapath/video_inst/Inst_vga/color_mapper_Final/dc_bias_reg[3]_i_639/CO[3]
                         net (fo=1, routed)           0.000     8.999    datapath/video_inst/Inst_vga/color_mapper_Final/dc_bias_reg[3]_i_639_n_0
    SLICE_X160Y119       CARRY4 (Prop_carry4_CI_CO[3])
                                                      0.114     9.113 r  datapath/video_inst/Inst_vga/color_mapper_Final/dc_bias_reg[3]_i_533/CO[3]
                         net (fo=1, routed)           0.000     9.113    datapath/video_inst/Inst_vga/color_mapper_Final/dc_bias_reg[3]_i_533_n_0
    SLICE_X160Y120       CARRY4 (Prop_carry4_CI_CO[3])
                                                      0.114     9.227 f  datapath/video_inst/Inst_vga/color_mapper_Final/dc_bias_reg[3]_i_411/CO[3]
                         net (fo=43, routed)          1.554    10.781    datapath/video_inst/Inst_vga/color_mapper_Final/position_reg[row][9]_2[0]
    SLICE_X163Y125       LUT3 (Prop_lut3_I2_O)        0.150    10.931 r  datapath/video_inst/Inst_vga/color_mapper_Final/dc_bias[3]_i_438/O
                         net (fo=2, routed)           0.544    11.475    datapath/video_inst/Inst_vga/color_mapper_Final/dc_bias[3]_i_438_n_0
    SLICE_X162Y125       LUT4 (Prop_lut4_I3_O)        0.332    11.807 r  datapath/video_inst/Inst_vga/color_mapper_Final/dc_bias[3]_i_441/O
                         net (fo=1, routed)           0.000    11.807    datapath/video_inst/Inst_vga/color_mapper_Final/dc_bias[3]_i_441_n_0
    SLICE_X162Y125       CARRY4 (Prop_carry4_S[3]_O[3])
                                                      0.255    12.062 r  datapath/video_inst/Inst_vga/color_mapper_Final/dc_bias_reg[3]_i_328/O[3]
                         net (fo=3, routed)           0.656    12.718    datapath/video_inst/Inst_vga/color_mapper_Final/dc_bias_reg[3]_i_328_n_4
    SLICE_X162Y124       LUT3 (Prop_lut3_I2_O)        0.307    13.025 r  datapath/video_inst/Inst_vga/color_mapper_Final/dc_bias[3]_i_330/O
                         net (fo=2, routed)           0.855    13.880    datapath/video_inst/Inst_vga/color_mapper_Final/dc_bias[3]_i_330_n_0
    SLICE_X162Y124       LUT5 (Prop_lut5_I0_O)        0.152    14.032 r  datapath/video_inst/Inst_vga/color_mapper_Final/dc_bias[3]_i_269/O
                         net (fo=2, routed)           0.577    14.609    datapath/video_inst/Inst_vga/color_mapper_Final/dc_bias[3]_i_269_n_0
    SLICE_X161Y124       LUT6 (Prop_lut6_I0_O)        0.348    14.957 r  datapath/video_inst/Inst_vga/color_mapper_Final/dc_bias[3]_i_273/O
                         net (fo=1, routed)           0.000    14.957    datapath/video_inst/Inst_vga/color_mapper_Final/dc_bias[3]_i_273_n_0
    SLICE_X161Y124       CARRY4 (Prop_carry4_S[2]_CO[3])
                                                      0.398    15.355 r  datapath/video_inst/Inst_vga/color_mapper_Final/dc_bias_reg[3]_i_208/CO[3]
                         net (fo=1, routed)           0.009    15.364    datapath/video_inst/Inst_vga/color_mapper_Final/dc_bias_reg[3]_i_208_n_0
    SLICE_X161Y125       CARRY4 (Prop_carry4_CI_O[1])
                                                      0.334    15.698 r  datapath/video_inst/Inst_vga/color_mapper_Final/dc_bias_reg[3]_i_264/O[1]
                         net (fo=2, routed)           0.593    16.291    datapath/video_inst/Inst_vga/color_mapper_Final/dc_bias_reg[3]_i_264_n_6
    SLICE_X162Y128       LUT2 (Prop_lut2_I0_O)        0.303    16.594 r  datapath/video_inst/Inst_vga/color_mapper_Final/dc_bias[3]_i_266/O
                         net (fo=1, routed)           0.000    16.594    datapath/video_inst/Inst_vga/color_mapper_Final/dc_bias[3]_i_266_n_0
    SLICE_X162Y128       CARRY4 (Prop_carry4_S[1]_O[2])
                                                      0.578    17.172 r  datapath/video_inst/Inst_vga/color_mapper_Final/dc_bias_reg[3]_i_207/O[2]
                         net (fo=1, routed)           0.644    17.816    datapath/video_inst/Inst_vga/color_mapper_Final/dc_bias_reg[3]_i_207_n_5
    SLICE_X161Y129       LUT2 (Prop_lut2_I0_O)        0.301    18.117 r  datapath/video_inst/Inst_vga/color_mapper_Final/dc_bias[3]_i_163/O
                         net (fo=1, routed)           0.000    18.117    datapath/video_inst/Inst_vga/color_mapper_Final/dc_bias[3]_i_163_n_0
    SLICE_X161Y129       CARRY4 (Prop_carry4_S[0]_O[0])
                                                      0.247    18.364 f  datapath/video_inst/Inst_vga/color_mapper_Final/dc_bias_reg[3]_i_118/O[0]
                         net (fo=2, routed)           1.000    19.364    datapath/video_inst/Inst_vga/color_mapper_Final/dc_bias_reg[3]_i_118_n_7
    SLICE_X154Y129       LUT4 (Prop_lut4_I0_O)        0.325    19.689 f  datapath/video_inst/Inst_vga/color_mapper_Final/dc_bias[3]_i_74/O
                         net (fo=1, routed)           0.165    19.855    datapath/video_inst/Inst_vga/color_mapper_Final/dc_bias[3]_i_74_n_0
    SLICE_X154Y129       LUT6 (Prop_lut6_I4_O)        0.328    20.183 r  datapath/video_inst/Inst_vga/color_mapper_Final/dc_bias[3]_i_30/O
                         net (fo=2, routed)           0.585    20.768    datapath/video_inst/Inst_vga/vga_signal_generator_Final/dc_bias[3]_i_2_2
    SLICE_X151Y129       LUT6 (Prop_lut6_I4_O)        0.124    20.892 f  datapath/video_inst/Inst_vga/vga_signal_generator_Final/dc_bias[3]_i_8/O
                         net (fo=2, routed)           0.626    21.518    datapath/video_inst/Inst_vga/vga_signal_generator_Final/dc_bias[3]_i_8_n_0
    SLICE_X152Y129       LUT6 (Prop_lut6_I5_O)        0.124    21.642 r  datapath/video_inst/Inst_vga/vga_signal_generator_Final/dc_bias[3]_i_2/O
                         net (fo=10, routed)          1.226    22.869    datapath/video_inst/Inst_vga/vga_signal_generator_Final/position_reg[row][9]_22
    SLICE_X160Y132       LUT6 (Prop_lut6_I3_O)        0.124    22.993 r  datapath/video_inst/Inst_vga/vga_signal_generator_Final/encoded[1]_i_1/O
                         net (fo=1, routed)           0.000    22.993    datapath/video_inst/inst_dvid/TDMS_encoder_blue/encoded_reg[4]_0[1]
    SLICE_X160Y132       FDRE                                         r  datapath/video_inst/inst_dvid/TDMS_encoder_blue/encoded_reg[1]/D
  -------------------------------------------------------------------    -------------------

                         (clock clk_out1_clk_wiz_0 rise edge)
                                                     40.000    40.000 r  
    BUFGCTRL_X0Y2        BUFG                         0.000    40.000 r  clk_IBUF_BUFG_inst/O
                         net (fo=319, routed)         1.972    41.972    datapath/video_inst/mmcm_adv_inst_display_clocks/inst/clk_in1
    MMCME2_ADV_X1Y0      MMCME2_ADV (Prop_mmcme2_adv_CLKIN1_CLKOUT0)
                                                     -4.637    37.335 r  datapath/video_inst/mmcm_adv_inst_display_clocks/inst/mmcm_adv_inst/CLKOUT0
                         net (fo=1, routed)           2.574    39.909    datapath/video_inst/mmcm_adv_inst_display_clocks/inst/clk_out1_clk_wiz_0
    BUFGCTRL_X0Y4        BUFG (Prop_bufg_I_O)         0.091    40.000 r  datapath/video_inst/mmcm_adv_inst_display_clocks/inst/clkout1_buf/O
                         net (fo=83, routed)          1.705    41.705    datapath/video_inst/inst_dvid/TDMS_encoder_blue/clk_out1
    SLICE_X160Y132       FDRE                                         r  datapath/video_inst/inst_dvid/TDMS_encoder_blue/encoded_reg[1]/C
                         clock pessimism              0.089    41.794    
                         clock uncertainty           -0.095    41.700    
    SLICE_X160Y132       FDRE (Setup_fdre_C_D)        0.031    41.731    datapath/video_inst/inst_dvid/TDMS_encoder_blue/encoded_reg[1]
  -------------------------------------------------------------------
                         required time                         41.731    
                         arrival time                         -22.993    
  -------------------------------------------------------------------
                         slack                                 18.738    

Slack (MET) :             18.839ns  (required time - arrival time)
  Source:                 datapath/video_inst/Inst_vga/vga_signal_generator_Final/position_reg[row][8]/C
                            (rising edge-triggered cell FDRE clocked by clk_out1_clk_wiz_0  {rise@0.000ns fall@20.000ns period=40.000ns})
  Destination:            datapath/video_inst/inst_dvid/TDMS_encoder_red/encoded_reg[8]/D
                            (rising edge-triggered cell FDRE clocked by clk_out1_clk_wiz_0  {rise@0.000ns fall@20.000ns period=40.000ns})
  Path Group:             clk_out1_clk_wiz_0
  Path Type:              Setup (Max at Slow Process Corner)
  Requirement:            40.000ns  (clk_out1_clk_wiz_0 rise@40.000ns - clk_out1_clk_wiz_0 rise@0.000ns)
  Data Path Delay:        21.072ns  (logic 6.308ns (29.936%)  route 14.764ns (70.064%))
  Logic Levels:           24  (CARRY4=8 LUT2=3 LUT3=3 LUT4=3 LUT5=3 LUT6=4)
  Clock Path Skew:        -0.023ns (DCD - SCD + CPR)
    Destination Clock Delay (DCD):    1.707ns = ( 41.707 - 40.000 ) 
    Source Clock Delay      (SCD):    1.819ns
    Clock Pessimism Removal (CPR):    0.089ns
  Clock Uncertainty:      0.095ns  ((TSJ^2 + DJ^2)^1/2) / 2 + PE
    Total System Jitter     (TSJ):    0.071ns
    Discrete Jitter          (DJ):    0.175ns
    Phase Error              (PE):    0.000ns

    Location             Delay type                Incr(ns)  Path(ns)    Netlist Resource(s)
  -------------------------------------------------------------------    -------------------
                         (clock clk_out1_clk_wiz_0 rise edge)
                                                      0.000     0.000 r  
    BUFGCTRL_X0Y2        BUFG                         0.000     0.000 r  clk_IBUF_BUFG_inst/O
                         net (fo=319, routed)         2.106     2.106    datapath/video_inst/mmcm_adv_inst_display_clocks/inst/clk_in1
    MMCME2_ADV_X1Y0      MMCME2_ADV (Prop_mmcme2_adv_CLKIN1_CLKOUT0)
                                                     -4.900    -2.793 r  datapath/video_inst/mmcm_adv_inst_display_clocks/inst/mmcm_adv_inst/CLKOUT0
                         net (fo=1, routed)           2.697    -0.096    datapath/video_inst/mmcm_adv_inst_display_clocks/inst/clk_out1_clk_wiz_0
    BUFGCTRL_X0Y4        BUFG (Prop_bufg_I_O)         0.096    -0.000 r  datapath/video_inst/mmcm_adv_inst_display_clocks/inst/clkout1_buf/O
                         net (fo=83, routed)          1.819     1.819    datapath/video_inst/Inst_vga/vga_signal_generator_Final/clk_out1
    SLICE_X161Y129       FDRE                                         r  datapath/video_inst/Inst_vga/vga_signal_generator_Final/position_reg[row][8]/C
  -------------------------------------------------------------------    -------------------
    SLICE_X161Y129       FDRE (Prop_fdre_C_Q)         0.456     2.275 f  datapath/video_inst/Inst_vga/vga_signal_generator_Final/position_reg[row][8]/Q
                         net (fo=15, routed)          1.769     4.044    datapath/video_inst/Inst_vga/vga_signal_generator_Final/Q[8]
    SLICE_X150Y128       LUT5 (Prop_lut5_I1_O)        0.124     4.168 f  datapath/video_inst/Inst_vga/vga_signal_generator_Final/dc_bias[3]_i_17/O
                         net (fo=4, routed)           0.782     4.950    datapath/video_inst/Inst_vga/vga_signal_generator_Final/dc_bias[3]_i_17_n_0
    SLICE_X154Y128       LUT4 (Prop_lut4_I3_O)        0.124     5.074 r  datapath/video_inst/Inst_vga/vga_signal_generator_Final/dc_bias[3]_i_13/O
                         net (fo=18, routed)          1.002     6.075    datapath/video_inst/Inst_vga/vga_signal_generator_Final/position_reg[row][4]_0
    SLICE_X157Y124       LUT5 (Prop_lut5_I0_O)        0.124     6.199 f  datapath/video_inst/Inst_vga/vga_signal_generator_Final/dc_bias[3]_i_152/O
                         net (fo=65, routed)          1.378     7.577    datapath/video_inst/Inst_vga/vga_signal_generator_Final/position_reg[row][2]_0
    SLICE_X163Y126       LUT3 (Prop_lut3_I0_O)        0.124     7.701 r  datapath/video_inst/Inst_vga/vga_signal_generator_Final/dc_bias[3]_i_632/O
                         net (fo=2, routed)           0.900     8.601    datapath/video_inst/Inst_vga/color_mapper_Final/dc_bias[3]_i_692_0[2]
    SLICE_X160Y118       CARRY4 (Prop_carry4_DI[2]_CO[3])
                                                      0.398     8.999 r  datapath/video_inst/Inst_vga/color_mapper_Final/dc_bias_reg[3]_i_639/CO[3]
                         net (fo=1, routed)           0.000     8.999    datapath/video_inst/Inst_vga/color_mapper_Final/dc_bias_reg[3]_i_639_n_0
    SLICE_X160Y119       CARRY4 (Prop_carry4_CI_CO[3])
                                                      0.114     9.113 r  datapath/video_inst/Inst_vga/color_mapper_Final/dc_bias_reg[3]_i_533/CO[3]
                         net (fo=1, routed)           0.000     9.113    datapath/video_inst/Inst_vga/color_mapper_Final/dc_bias_reg[3]_i_533_n_0
    SLICE_X160Y120       CARRY4 (Prop_carry4_CI_CO[3])
                                                      0.114     9.227 f  datapath/video_inst/Inst_vga/color_mapper_Final/dc_bias_reg[3]_i_411/CO[3]
                         net (fo=43, routed)          1.554    10.781    datapath/video_inst/Inst_vga/color_mapper_Final/position_reg[row][9]_2[0]
    SLICE_X163Y125       LUT3 (Prop_lut3_I2_O)        0.150    10.931 r  datapath/video_inst/Inst_vga/color_mapper_Final/dc_bias[3]_i_438/O
                         net (fo=2, routed)           0.544    11.475    datapath/video_inst/Inst_vga/color_mapper_Final/dc_bias[3]_i_438_n_0
    SLICE_X162Y125       LUT4 (Prop_lut4_I3_O)        0.332    11.807 r  datapath/video_inst/Inst_vga/color_mapper_Final/dc_bias[3]_i_441/O
                         net (fo=1, routed)           0.000    11.807    datapath/video_inst/Inst_vga/color_mapper_Final/dc_bias[3]_i_441_n_0
    SLICE_X162Y125       CARRY4 (Prop_carry4_S[3]_O[3])
                                                      0.255    12.062 r  datapath/video_inst/Inst_vga/color_mapper_Final/dc_bias_reg[3]_i_328/O[3]
                         net (fo=3, routed)           0.656    12.718    datapath/video_inst/Inst_vga/color_mapper_Final/dc_bias_reg[3]_i_328_n_4
    SLICE_X162Y124       LUT3 (Prop_lut3_I2_O)        0.307    13.025 r  datapath/video_inst/Inst_vga/color_mapper_Final/dc_bias[3]_i_330/O
                         net (fo=2, routed)           0.855    13.880    datapath/video_inst/Inst_vga/color_mapper_Final/dc_bias[3]_i_330_n_0
    SLICE_X162Y124       LUT5 (Prop_lut5_I0_O)        0.152    14.032 r  datapath/video_inst/Inst_vga/color_mapper_Final/dc_bias[3]_i_269/O
                         net (fo=2, routed)           0.577    14.609    datapath/video_inst/Inst_vga/color_mapper_Final/dc_bias[3]_i_269_n_0
    SLICE_X161Y124       LUT6 (Prop_lut6_I0_O)        0.348    14.957 r  datapath/video_inst/Inst_vga/color_mapper_Final/dc_bias[3]_i_273/O
                         net (fo=1, routed)           0.000    14.957    datapath/video_inst/Inst_vga/color_mapper_Final/dc_bias[3]_i_273_n_0
    SLICE_X161Y124       CARRY4 (Prop_carry4_S[2]_CO[3])
                                                      0.398    15.355 r  datapath/video_inst/Inst_vga/color_mapper_Final/dc_bias_reg[3]_i_208/CO[3]
                         net (fo=1, routed)           0.009    15.364    datapath/video_inst/Inst_vga/color_mapper_Final/dc_bias_reg[3]_i_208_n_0
    SLICE_X161Y125       CARRY4 (Prop_carry4_CI_O[1])
                                                      0.334    15.698 r  datapath/video_inst/Inst_vga/color_mapper_Final/dc_bias_reg[3]_i_264/O[1]
                         net (fo=2, routed)           0.593    16.291    datapath/video_inst/Inst_vga/color_mapper_Final/dc_bias_reg[3]_i_264_n_6
    SLICE_X162Y128       LUT2 (Prop_lut2_I0_O)        0.303    16.594 r  datapath/video_inst/Inst_vga/color_mapper_Final/dc_bias[3]_i_266/O
                         net (fo=1, routed)           0.000    16.594    datapath/video_inst/Inst_vga/color_mapper_Final/dc_bias[3]_i_266_n_0
    SLICE_X162Y128       CARRY4 (Prop_carry4_S[1]_O[2])
                                                      0.578    17.172 r  datapath/video_inst/Inst_vga/color_mapper_Final/dc_bias_reg[3]_i_207/O[2]
                         net (fo=1, routed)           0.644    17.816    datapath/video_inst/Inst_vga/color_mapper_Final/dc_bias_reg[3]_i_207_n_5
    SLICE_X161Y129       LUT2 (Prop_lut2_I0_O)        0.301    18.117 r  datapath/video_inst/Inst_vga/color_mapper_Final/dc_bias[3]_i_163/O
                         net (fo=1, routed)           0.000    18.117    datapath/video_inst/Inst_vga/color_mapper_Final/dc_bias[3]_i_163_n_0
    SLICE_X161Y129       CARRY4 (Prop_carry4_S[0]_O[0])
                                                      0.247    18.364 r  datapath/video_inst/Inst_vga/color_mapper_Final/dc_bias_reg[3]_i_118/O[0]
                         net (fo=2, routed)           1.000    19.364    datapath/video_inst/Inst_vga/color_mapper_Final/dc_bias_reg[3]_i_118_n_7
    SLICE_X154Y129       LUT4 (Prop_lut4_I0_O)        0.325    19.689 r  datapath/video_inst/Inst_vga/color_mapper_Final/dc_bias[3]_i_74/O
                         net (fo=1, routed)           0.165    19.855    datapath/video_inst/Inst_vga/color_mapper_Final/dc_bias[3]_i_74_n_0
    SLICE_X154Y129       LUT6 (Prop_lut6_I4_O)        0.328    20.183 f  datapath/video_inst/Inst_vga/color_mapper_Final/dc_bias[3]_i_30/O
                         net (fo=2, routed)           0.585    20.768    datapath/video_inst/Inst_vga/vga_signal_generator_Final/dc_bias[3]_i_2_2
    SLICE_X151Y129       LUT6 (Prop_lut6_I4_O)        0.124    20.892 r  datapath/video_inst/Inst_vga/vga_signal_generator_Final/dc_bias[3]_i_8/O
                         net (fo=2, routed)           0.335    21.227    datapath/video_inst/Inst_vga/vga_signal_generator_Final/dc_bias[3]_i_8_n_0
    SLICE_X152Y129       LUT6 (Prop_lut6_I5_O)        0.124    21.351 f  datapath/video_inst/Inst_vga/vga_signal_generator_Final/dc_bias[3]_i_2__1/O
                         net (fo=14, routed)          1.416    22.767    datapath/video_inst/inst_dvid/TDMS_encoder_red/pixel[color][0]
    SLICE_X161Y134       LUT2 (Prop_lut2_I0_O)        0.124    22.891 r  datapath/video_inst/inst_dvid/TDMS_encoder_red/encoded[8]_i_1/O
                         net (fo=1, routed)           0.000    22.891    datapath/video_inst/inst_dvid/TDMS_encoder_red/encoded[8]_i_1_n_0
    SLICE_X161Y134       FDRE                                         r  datapath/video_inst/inst_dvid/TDMS_encoder_red/encoded_reg[8]/D
  -------------------------------------------------------------------    -------------------

                         (clock clk_out1_clk_wiz_0 rise edge)
                                                     40.000    40.000 r  
    BUFGCTRL_X0Y2        BUFG                         0.000    40.000 r  clk_IBUF_BUFG_inst/O
                         net (fo=319, routed)         1.972    41.972    datapath/video_inst/mmcm_adv_inst_display_clocks/inst/clk_in1
    MMCME2_ADV_X1Y0      MMCME2_ADV (Prop_mmcme2_adv_CLKIN1_CLKOUT0)
                                                     -4.637    37.335 r  datapath/video_inst/mmcm_adv_inst_display_clocks/inst/mmcm_adv_inst/CLKOUT0
                         net (fo=1, routed)           2.574    39.909    datapath/video_inst/mmcm_adv_inst_display_clocks/inst/clk_out1_clk_wiz_0
    BUFGCTRL_X0Y4        BUFG (Prop_bufg_I_O)         0.091    40.000 r  datapath/video_inst/mmcm_adv_inst_display_clocks/inst/clkout1_buf/O
                         net (fo=83, routed)          1.707    41.707    datapath/video_inst/inst_dvid/TDMS_encoder_red/clk_out1
    SLICE_X161Y134       FDRE                                         r  datapath/video_inst/inst_dvid/TDMS_encoder_red/encoded_reg[8]/C
                         clock pessimism              0.089    41.796    
                         clock uncertainty           -0.095    41.702    
    SLICE_X161Y134       FDRE (Setup_fdre_C_D)        0.029    41.731    datapath/video_inst/inst_dvid/TDMS_encoder_red/encoded_reg[8]
  -------------------------------------------------------------------
                         required time                         41.731    
                         arrival time                         -22.891    
  -------------------------------------------------------------------
                         slack                                 18.839    

Slack (MET) :             18.857ns  (required time - arrival time)
  Source:                 datapath/video_inst/Inst_vga/vga_signal_generator_Final/position_reg[row][8]/C
                            (rising edge-triggered cell FDRE clocked by clk_out1_clk_wiz_0  {rise@0.000ns fall@20.000ns period=40.000ns})
  Destination:            datapath/video_inst/inst_dvid/TDMS_encoder_red/encoded_reg[9]/D
                            (rising edge-triggered cell FDRE clocked by clk_out1_clk_wiz_0  {rise@0.000ns fall@20.000ns period=40.000ns})
  Path Group:             clk_out1_clk_wiz_0
  Path Type:              Setup (Max at Slow Process Corner)
  Requirement:            40.000ns  (clk_out1_clk_wiz_0 rise@40.000ns - clk_out1_clk_wiz_0 rise@0.000ns)
  Data Path Delay:        21.100ns  (logic 6.336ns (30.029%)  route 14.764ns (69.971%))
  Logic Levels:           24  (CARRY4=8 LUT2=2 LUT3=4 LUT4=3 LUT5=3 LUT6=4)
  Clock Path Skew:        -0.023ns (DCD - SCD + CPR)
    Destination Clock Delay (DCD):    1.707ns = ( 41.707 - 40.000 ) 
    Source Clock Delay      (SCD):    1.819ns
    Clock Pessimism Removal (CPR):    0.089ns
  Clock Uncertainty:      0.095ns  ((TSJ^2 + DJ^2)^1/2) / 2 + PE
    Total System Jitter     (TSJ):    0.071ns
    Discrete Jitter          (DJ):    0.175ns
    Phase Error              (PE):    0.000ns

    Location             Delay type                Incr(ns)  Path(ns)    Netlist Resource(s)
  -------------------------------------------------------------------    -------------------
                         (clock clk_out1_clk_wiz_0 rise edge)
                                                      0.000     0.000 r  
    BUFGCTRL_X0Y2        BUFG                         0.000     0.000 r  clk_IBUF_BUFG_inst/O
                         net (fo=319, routed)         2.106     2.106    datapath/video_inst/mmcm_adv_inst_display_clocks/inst/clk_in1
    MMCME2_ADV_X1Y0      MMCME2_ADV (Prop_mmcme2_adv_CLKIN1_CLKOUT0)
                                                     -4.900    -2.793 r  datapath/video_inst/mmcm_adv_inst_display_clocks/inst/mmcm_adv_inst/CLKOUT0
                         net (fo=1, routed)           2.697    -0.096    datapath/video_inst/mmcm_adv_inst_display_clocks/inst/clk_out1_clk_wiz_0
    BUFGCTRL_X0Y4        BUFG (Prop_bufg_I_O)         0.096    -0.000 r  datapath/video_inst/mmcm_adv_inst_display_clocks/inst/clkout1_buf/O
                         net (fo=83, routed)          1.819     1.819    datapath/video_inst/Inst_vga/vga_signal_generator_Final/clk_out1
    SLICE_X161Y129       FDRE                                         r  datapath/video_inst/Inst_vga/vga_signal_generator_Final/position_reg[row][8]/C
  -------------------------------------------------------------------    -------------------
    SLICE_X161Y129       FDRE (Prop_fdre_C_Q)         0.456     2.275 f  datapath/video_inst/Inst_vga/vga_signal_generator_Final/position_reg[row][8]/Q
                         net (fo=15, routed)          1.769     4.044    datapath/video_inst/Inst_vga/vga_signal_generator_Final/Q[8]
    SLICE_X150Y128       LUT5 (Prop_lut5_I1_O)        0.124     4.168 f  datapath/video_inst/Inst_vga/vga_signal_generator_Final/dc_bias[3]_i_17/O
                         net (fo=4, routed)           0.782     4.950    datapath/video_inst/Inst_vga/vga_signal_generator_Final/dc_bias[3]_i_17_n_0
    SLICE_X154Y128       LUT4 (Prop_lut4_I3_O)        0.124     5.074 r  datapath/video_inst/Inst_vga/vga_signal_generator_Final/dc_bias[3]_i_13/O
                         net (fo=18, routed)          1.002     6.075    datapath/video_inst/Inst_vga/vga_signal_generator_Final/position_reg[row][4]_0
    SLICE_X157Y124       LUT5 (Prop_lut5_I0_O)        0.124     6.199 f  datapath/video_inst/Inst_vga/vga_signal_generator_Final/dc_bias[3]_i_152/O
                         net (fo=65, routed)          1.378     7.577    datapath/video_inst/Inst_vga/vga_signal_generator_Final/position_reg[row][2]_0
    SLICE_X163Y126       LUT3 (Prop_lut3_I0_O)        0.124     7.701 r  datapath/video_inst/Inst_vga/vga_signal_generator_Final/dc_bias[3]_i_632/O
                         net (fo=2, routed)           0.900     8.601    datapath/video_inst/Inst_vga/color_mapper_Final/dc_bias[3]_i_692_0[2]
    SLICE_X160Y118       CARRY4 (Prop_carry4_DI[2]_CO[3])
                                                      0.398     8.999 r  datapath/video_inst/Inst_vga/color_mapper_Final/dc_bias_reg[3]_i_639/CO[3]
                         net (fo=1, routed)           0.000     8.999    datapath/video_inst/Inst_vga/color_mapper_Final/dc_bias_reg[3]_i_639_n_0
    SLICE_X160Y119       CARRY4 (Prop_carry4_CI_CO[3])
                                                      0.114     9.113 r  datapath/video_inst/Inst_vga/color_mapper_Final/dc_bias_reg[3]_i_533/CO[3]
                         net (fo=1, routed)           0.000     9.113    datapath/video_inst/Inst_vga/color_mapper_Final/dc_bias_reg[3]_i_533_n_0
    SLICE_X160Y120       CARRY4 (Prop_carry4_CI_CO[3])
                                                      0.114     9.227 f  datapath/video_inst/Inst_vga/color_mapper_Final/dc_bias_reg[3]_i_411/CO[3]
                         net (fo=43, routed)          1.554    10.781    datapath/video_inst/Inst_vga/color_mapper_Final/position_reg[row][9]_2[0]
    SLICE_X163Y125       LUT3 (Prop_lut3_I2_O)        0.150    10.931 r  datapath/video_inst/Inst_vga/color_mapper_Final/dc_bias[3]_i_438/O
                         net (fo=2, routed)           0.544    11.475    datapath/video_inst/Inst_vga/color_mapper_Final/dc_bias[3]_i_438_n_0
    SLICE_X162Y125       LUT4 (Prop_lut4_I3_O)        0.332    11.807 r  datapath/video_inst/Inst_vga/color_mapper_Final/dc_bias[3]_i_441/O
                         net (fo=1, routed)           0.000    11.807    datapath/video_inst/Inst_vga/color_mapper_Final/dc_bias[3]_i_441_n_0
    SLICE_X162Y125       CARRY4 (Prop_carry4_S[3]_O[3])
                                                      0.255    12.062 r  datapath/video_inst/Inst_vga/color_mapper_Final/dc_bias_reg[3]_i_328/O[3]
                         net (fo=3, routed)           0.656    12.718    datapath/video_inst/Inst_vga/color_mapper_Final/dc_bias_reg[3]_i_328_n_4
    SLICE_X162Y124       LUT3 (Prop_lut3_I2_O)        0.307    13.025 r  datapath/video_inst/Inst_vga/color_mapper_Final/dc_bias[3]_i_330/O
                         net (fo=2, routed)           0.855    13.880    datapath/video_inst/Inst_vga/color_mapper_Final/dc_bias[3]_i_330_n_0
    SLICE_X162Y124       LUT5 (Prop_lut5_I0_O)        0.152    14.032 r  datapath/video_inst/Inst_vga/color_mapper_Final/dc_bias[3]_i_269/O
                         net (fo=2, routed)           0.577    14.609    datapath/video_inst/Inst_vga/color_mapper_Final/dc_bias[3]_i_269_n_0
    SLICE_X161Y124       LUT6 (Prop_lut6_I0_O)        0.348    14.957 r  datapath/video_inst/Inst_vga/color_mapper_Final/dc_bias[3]_i_273/O
                         net (fo=1, routed)           0.000    14.957    datapath/video_inst/Inst_vga/color_mapper_Final/dc_bias[3]_i_273_n_0
    SLICE_X161Y124       CARRY4 (Prop_carry4_S[2]_CO[3])
                                                      0.398    15.355 r  datapath/video_inst/Inst_vga/color_mapper_Final/dc_bias_reg[3]_i_208/CO[3]
                         net (fo=1, routed)           0.009    15.364    datapath/video_inst/Inst_vga/color_mapper_Final/dc_bias_reg[3]_i_208_n_0
    SLICE_X161Y125       CARRY4 (Prop_carry4_CI_O[1])
                                                      0.334    15.698 r  datapath/video_inst/Inst_vga/color_mapper_Final/dc_bias_reg[3]_i_264/O[1]
                         net (fo=2, routed)           0.593    16.291    datapath/video_inst/Inst_vga/color_mapper_Final/dc_bias_reg[3]_i_264_n_6
    SLICE_X162Y128       LUT2 (Prop_lut2_I0_O)        0.303    16.594 r  datapath/video_inst/Inst_vga/color_mapper_Final/dc_bias[3]_i_266/O
                         net (fo=1, routed)           0.000    16.594    datapath/video_inst/Inst_vga/color_mapper_Final/dc_bias[3]_i_266_n_0
    SLICE_X162Y128       CARRY4 (Prop_carry4_S[1]_O[2])
                                                      0.578    17.172 r  datapath/video_inst/Inst_vga/color_mapper_Final/dc_bias_reg[3]_i_207/O[2]
                         net (fo=1, routed)           0.644    17.816    datapath/video_inst/Inst_vga/color_mapper_Final/dc_bias_reg[3]_i_207_n_5
    SLICE_X161Y129       LUT2 (Prop_lut2_I0_O)        0.301    18.117 r  datapath/video_inst/Inst_vga/color_mapper_Final/dc_bias[3]_i_163/O
                         net (fo=1, routed)           0.000    18.117    datapath/video_inst/Inst_vga/color_mapper_Final/dc_bias[3]_i_163_n_0
    SLICE_X161Y129       CARRY4 (Prop_carry4_S[0]_O[0])
                                                      0.247    18.364 f  datapath/video_inst/Inst_vga/color_mapper_Final/dc_bias_reg[3]_i_118/O[0]
                         net (fo=2, routed)           1.000    19.364    datapath/video_inst/Inst_vga/color_mapper_Final/dc_bias_reg[3]_i_118_n_7
    SLICE_X154Y129       LUT4 (Prop_lut4_I0_O)        0.325    19.689 f  datapath/video_inst/Inst_vga/color_mapper_Final/dc_bias[3]_i_74/O
                         net (fo=1, routed)           0.165    19.855    datapath/video_inst/Inst_vga/color_mapper_Final/dc_bias[3]_i_74_n_0
    SLICE_X154Y129       LUT6 (Prop_lut6_I4_O)        0.328    20.183 r  datapath/video_inst/Inst_vga/color_mapper_Final/dc_bias[3]_i_30/O
                         net (fo=2, routed)           0.585    20.768    datapath/video_inst/Inst_vga/vga_signal_generator_Final/dc_bias[3]_i_2_2
    SLICE_X151Y129       LUT6 (Prop_lut6_I4_O)        0.124    20.892 f  datapath/video_inst/Inst_vga/vga_signal_generator_Final/dc_bias[3]_i_8/O
                         net (fo=2, routed)           0.335    21.227    datapath/video_inst/Inst_vga/vga_signal_generator_Final/dc_bias[3]_i_8_n_0
    SLICE_X152Y129       LUT6 (Prop_lut6_I5_O)        0.124    21.351 r  datapath/video_inst/Inst_vga/vga_signal_generator_Final/dc_bias[3]_i_2__1/O
                         net (fo=14, routed)          1.416    22.767    datapath/video_inst/inst_dvid/TDMS_encoder_red/pixel[color][0]
    SLICE_X161Y134       LUT3 (Prop_lut3_I0_O)        0.152    22.919 r  datapath/video_inst/inst_dvid/TDMS_encoder_red/encoded[9]_i_1/O
                         net (fo=1, routed)           0.000    22.919    datapath/video_inst/inst_dvid/TDMS_encoder_red/encoded[9]_i_1_n_0
    SLICE_X161Y134       FDRE                                         r  datapath/video_inst/inst_dvid/TDMS_encoder_red/encoded_reg[9]/D
  -------------------------------------------------------------------    -------------------

                         (clock clk_out1_clk_wiz_0 rise edge)
                                                     40.000    40.000 r  
    BUFGCTRL_X0Y2        BUFG                         0.000    40.000 r  clk_IBUF_BUFG_inst/O
                         net (fo=319, routed)         1.972    41.972    datapath/video_inst/mmcm_adv_inst_display_clocks/inst/clk_in1
    MMCME2_ADV_X1Y0      MMCME2_ADV (Prop_mmcme2_adv_CLKIN1_CLKOUT0)
                                                     -4.637    37.335 r  datapath/video_inst/mmcm_adv_inst_display_clocks/inst/mmcm_adv_inst/CLKOUT0
                         net (fo=1, routed)           2.574    39.909    datapath/video_inst/mmcm_adv_inst_display_clocks/inst/clk_out1_clk_wiz_0
    BUFGCTRL_X0Y4        BUFG (Prop_bufg_I_O)         0.091    40.000 r  datapath/video_inst/mmcm_adv_inst_display_clocks/inst/clkout1_buf/O
                         net (fo=83, routed)          1.707    41.707    datapath/video_inst/inst_dvid/TDMS_encoder_red/clk_out1
    SLICE_X161Y134       FDRE                                         r  datapath/video_inst/inst_dvid/TDMS_encoder_red/encoded_reg[9]/C
                         clock pessimism              0.089    41.796    
                         clock uncertainty           -0.095    41.702    
    SLICE_X161Y134       FDRE (Setup_fdre_C_D)        0.075    41.777    datapath/video_inst/inst_dvid/TDMS_encoder_red/encoded_reg[9]
  -------------------------------------------------------------------
                         required time                         41.777    
                         arrival time                         -22.919    
  -------------------------------------------------------------------
                         slack                                 18.857    

Slack (MET) :             18.909ns  (required time - arrival time)
  Source:                 datapath/video_inst/Inst_vga/vga_signal_generator_Final/position_reg[row][8]/C
                            (rising edge-triggered cell FDRE clocked by clk_out1_clk_wiz_0  {rise@0.000ns fall@20.000ns period=40.000ns})
  Destination:            datapath/video_inst/inst_dvid/TDMS_encoder_green/encoded_reg[9]/D
                            (rising edge-triggered cell FDRE clocked by clk_out1_clk_wiz_0  {rise@0.000ns fall@20.000ns period=40.000ns})
  Path Group:             clk_out1_clk_wiz_0
  Path Type:              Setup (Max at Slow Process Corner)
  Requirement:            40.000ns  (clk_out1_clk_wiz_0 rise@40.000ns - clk_out1_clk_wiz_0 rise@0.000ns)
  Data Path Delay:        21.073ns  (logic 6.334ns (30.057%)  route 14.739ns (69.943%))
  Logic Levels:           24  (CARRY4=8 LUT2=2 LUT3=3 LUT4=3 LUT5=4 LUT6=4)
  Clock Path Skew:        -0.041ns (DCD - SCD + CPR)
    Destination Clock Delay (DCD):    1.703ns = ( 41.703 - 40.000 ) 
    Source Clock Delay      (SCD):    1.819ns
    Clock Pessimism Removal (CPR):    0.075ns
  Clock Uncertainty:      0.095ns  ((TSJ^2 + DJ^2)^1/2) / 2 + PE
    Total System Jitter     (TSJ):    0.071ns
    Discrete Jitter          (DJ):    0.175ns
    Phase Error              (PE):    0.000ns

    Location             Delay type                Incr(ns)  Path(ns)    Netlist Resource(s)
  -------------------------------------------------------------------    -------------------
                         (clock clk_out1_clk_wiz_0 rise edge)
                                                      0.000     0.000 r  
    BUFGCTRL_X0Y2        BUFG                         0.000     0.000 r  clk_IBUF_BUFG_inst/O
                         net (fo=319, routed)         2.106     2.106    datapath/video_inst/mmcm_adv_inst_display_clocks/inst/clk_in1
    MMCME2_ADV_X1Y0      MMCME2_ADV (Prop_mmcme2_adv_CLKIN1_CLKOUT0)
                                                     -4.900    -2.793 r  datapath/video_inst/mmcm_adv_inst_display_clocks/inst/mmcm_adv_inst/CLKOUT0
                         net (fo=1, routed)           2.697    -0.096    datapath/video_inst/mmcm_adv_inst_display_clocks/inst/clk_out1_clk_wiz_0
    BUFGCTRL_X0Y4        BUFG (Prop_bufg_I_O)         0.096    -0.000 r  datapath/video_inst/mmcm_adv_inst_display_clocks/inst/clkout1_buf/O
                         net (fo=83, routed)          1.819     1.819    datapath/video_inst/Inst_vga/vga_signal_generator_Final/clk_out1
    SLICE_X161Y129       FDRE                                         r  datapath/video_inst/Inst_vga/vga_signal_generator_Final/position_reg[row][8]/C
  -------------------------------------------------------------------    -------------------
    SLICE_X161Y129       FDRE (Prop_fdre_C_Q)         0.456     2.275 f  datapath/video_inst/Inst_vga/vga_signal_generator_Final/position_reg[row][8]/Q
                         net (fo=15, routed)          1.769     4.044    datapath/video_inst/Inst_vga/vga_signal_generator_Final/Q[8]
    SLICE_X150Y128       LUT5 (Prop_lut5_I1_O)        0.124     4.168 f  datapath/video_inst/Inst_vga/vga_signal_generator_Final/dc_bias[3]_i_17/O
                         net (fo=4, routed)           0.782     4.950    datapath/video_inst/Inst_vga/vga_signal_generator_Final/dc_bias[3]_i_17_n_0
    SLICE_X154Y128       LUT4 (Prop_lut4_I3_O)        0.124     5.074 r  datapath/video_inst/Inst_vga/vga_signal_generator_Final/dc_bias[3]_i_13/O
                         net (fo=18, routed)          1.002     6.075    datapath/video_inst/Inst_vga/vga_signal_generator_Final/position_reg[row][4]_0
    SLICE_X157Y124       LUT5 (Prop_lut5_I0_O)        0.124     6.199 f  datapath/video_inst/Inst_vga/vga_signal_generator_Final/dc_bias[3]_i_152/O
                         net (fo=65, routed)          1.378     7.577    datapath/video_inst/Inst_vga/vga_signal_generator_Final/position_reg[row][2]_0
    SLICE_X163Y126       LUT3 (Prop_lut3_I0_O)        0.124     7.701 r  datapath/video_inst/Inst_vga/vga_signal_generator_Final/dc_bias[3]_i_632/O
                         net (fo=2, routed)           0.900     8.601    datapath/video_inst/Inst_vga/color_mapper_Final/dc_bias[3]_i_692_0[2]
    SLICE_X160Y118       CARRY4 (Prop_carry4_DI[2]_CO[3])
                                                      0.398     8.999 r  datapath/video_inst/Inst_vga/color_mapper_Final/dc_bias_reg[3]_i_639/CO[3]
                         net (fo=1, routed)           0.000     8.999    datapath/video_inst/Inst_vga/color_mapper_Final/dc_bias_reg[3]_i_639_n_0
    SLICE_X160Y119       CARRY4 (Prop_carry4_CI_CO[3])
                                                      0.114     9.113 r  datapath/video_inst/Inst_vga/color_mapper_Final/dc_bias_reg[3]_i_533/CO[3]
                         net (fo=1, routed)           0.000     9.113    datapath/video_inst/Inst_vga/color_mapper_Final/dc_bias_reg[3]_i_533_n_0
    SLICE_X160Y120       CARRY4 (Prop_carry4_CI_CO[3])
                                                      0.114     9.227 f  datapath/video_inst/Inst_vga/color_mapper_Final/dc_bias_reg[3]_i_411/CO[3]
                         net (fo=43, routed)          1.554    10.781    datapath/video_inst/Inst_vga/color_mapper_Final/position_reg[row][9]_2[0]
    SLICE_X163Y125       LUT3 (Prop_lut3_I2_O)        0.150    10.931 r  datapath/video_inst/Inst_vga/color_mapper_Final/dc_bias[3]_i_438/O
                         net (fo=2, routed)           0.544    11.475    datapath/video_inst/Inst_vga/color_mapper_Final/dc_bias[3]_i_438_n_0
    SLICE_X162Y125       LUT4 (Prop_lut4_I3_O)        0.332    11.807 r  datapath/video_inst/Inst_vga/color_mapper_Final/dc_bias[3]_i_441/O
                         net (fo=1, routed)           0.000    11.807    datapath/video_inst/Inst_vga/color_mapper_Final/dc_bias[3]_i_441_n_0
    SLICE_X162Y125       CARRY4 (Prop_carry4_S[3]_O[3])
                                                      0.255    12.062 r  datapath/video_inst/Inst_vga/color_mapper_Final/dc_bias_reg[3]_i_328/O[3]
                         net (fo=3, routed)           0.656    12.718    datapath/video_inst/Inst_vga/color_mapper_Final/dc_bias_reg[3]_i_328_n_4
    SLICE_X162Y124       LUT3 (Prop_lut3_I2_O)        0.307    13.025 r  datapath/video_inst/Inst_vga/color_mapper_Final/dc_bias[3]_i_330/O
                         net (fo=2, routed)           0.855    13.880    datapath/video_inst/Inst_vga/color_mapper_Final/dc_bias[3]_i_330_n_0
    SLICE_X162Y124       LUT5 (Prop_lut5_I0_O)        0.152    14.032 r  datapath/video_inst/Inst_vga/color_mapper_Final/dc_bias[3]_i_269/O
                         net (fo=2, routed)           0.577    14.609    datapath/video_inst/Inst_vga/color_mapper_Final/dc_bias[3]_i_269_n_0
    SLICE_X161Y124       LUT6 (Prop_lut6_I0_O)        0.348    14.957 r  datapath/video_inst/Inst_vga/color_mapper_Final/dc_bias[3]_i_273/O
                         net (fo=1, routed)           0.000    14.957    datapath/video_inst/Inst_vga/color_mapper_Final/dc_bias[3]_i_273_n_0
    SLICE_X161Y124       CARRY4 (Prop_carry4_S[2]_CO[3])
                                                      0.398    15.355 r  datapath/video_inst/Inst_vga/color_mapper_Final/dc_bias_reg[3]_i_208/CO[3]
                         net (fo=1, routed)           0.009    15.364    datapath/video_inst/Inst_vga/color_mapper_Final/dc_bias_reg[3]_i_208_n_0
    SLICE_X161Y125       CARRY4 (Prop_carry4_CI_O[1])
                                                      0.334    15.698 r  datapath/video_inst/Inst_vga/color_mapper_Final/dc_bias_reg[3]_i_264/O[1]
                         net (fo=2, routed)           0.593    16.291    datapath/video_inst/Inst_vga/color_mapper_Final/dc_bias_reg[3]_i_264_n_6
    SLICE_X162Y128       LUT2 (Prop_lut2_I0_O)        0.303    16.594 r  datapath/video_inst/Inst_vga/color_mapper_Final/dc_bias[3]_i_266/O
                         net (fo=1, routed)           0.000    16.594    datapath/video_inst/Inst_vga/color_mapper_Final/dc_bias[3]_i_266_n_0
    SLICE_X162Y128       CARRY4 (Prop_carry4_S[1]_O[2])
                                                      0.578    17.172 r  datapath/video_inst/Inst_vga/color_mapper_Final/dc_bias_reg[3]_i_207/O[2]
                         net (fo=1, routed)           0.644    17.816    datapath/video_inst/Inst_vga/color_mapper_Final/dc_bias_reg[3]_i_207_n_5
    SLICE_X161Y129       LUT2 (Prop_lut2_I0_O)        0.301    18.117 r  datapath/video_inst/Inst_vga/color_mapper_Final/dc_bias[3]_i_163/O
                         net (fo=1, routed)           0.000    18.117    datapath/video_inst/Inst_vga/color_mapper_Final/dc_bias[3]_i_163_n_0
    SLICE_X161Y129       CARRY4 (Prop_carry4_S[0]_O[0])
                                                      0.247    18.364 f  datapath/video_inst/Inst_vga/color_mapper_Final/dc_bias_reg[3]_i_118/O[0]
                         net (fo=2, routed)           1.000    19.364    datapath/video_inst/Inst_vga/color_mapper_Final/dc_bias_reg[3]_i_118_n_7
    SLICE_X154Y129       LUT4 (Prop_lut4_I0_O)        0.325    19.689 f  datapath/video_inst/Inst_vga/color_mapper_Final/dc_bias[3]_i_74/O
                         net (fo=1, routed)           0.165    19.855    datapath/video_inst/Inst_vga/color_mapper_Final/dc_bias[3]_i_74_n_0
    SLICE_X154Y129       LUT6 (Prop_lut6_I4_O)        0.328    20.183 r  datapath/video_inst/Inst_vga/color_mapper_Final/dc_bias[3]_i_30/O
                         net (fo=2, routed)           0.581    20.764    datapath/video_inst/Inst_vga/vga_signal_generator_Final/dc_bias[3]_i_2_2
    SLICE_X151Y129       LUT6 (Prop_lut6_I2_O)        0.124    20.888 f  datapath/video_inst/Inst_vga/vga_signal_generator_Final/dc_bias[3]_i_4__0/O
                         net (fo=2, routed)           0.460    21.348    datapath/video_inst/Inst_vga/vga_signal_generator_Final/dc_bias[3]_i_4__0_n_0
    SLICE_X152Y129       LUT6 (Prop_lut6_I5_O)        0.124    21.472 r  datapath/video_inst/Inst_vga/vga_signal_generator_Final/dc_bias[3]_i_2__0/O
                         net (fo=6, routed)           1.271    22.743    datapath/video_inst/inst_dvid/TDMS_encoder_green/pixel[color][0]
    SLICE_X158Y132       LUT5 (Prop_lut5_I2_O)        0.150    22.893 r  datapath/video_inst/inst_dvid/TDMS_encoder_green/encoded[9]_i_1/O
                         net (fo=1, routed)           0.000    22.893    datapath/video_inst/inst_dvid/TDMS_encoder_green/encoded[9]_i_1_n_0
    SLICE_X158Y132       FDRE                                         r  datapath/video_inst/inst_dvid/TDMS_encoder_green/encoded_reg[9]/D
  -------------------------------------------------------------------    -------------------

                         (clock clk_out1_clk_wiz_0 rise edge)
                                                     40.000    40.000 r  
    BUFGCTRL_X0Y2        BUFG                         0.000    40.000 r  clk_IBUF_BUFG_inst/O
                         net (fo=319, routed)         1.972    41.972    datapath/video_inst/mmcm_adv_inst_display_clocks/inst/clk_in1
    MMCME2_ADV_X1Y0      MMCME2_ADV (Prop_mmcme2_adv_CLKIN1_CLKOUT0)
                                                     -4.637    37.335 r  datapath/video_inst/mmcm_adv_inst_display_clocks/inst/mmcm_adv_inst/CLKOUT0
                         net (fo=1, routed)           2.574    39.909    datapath/video_inst/mmcm_adv_inst_display_clocks/inst/clk_out1_clk_wiz_0
    BUFGCTRL_X0Y4        BUFG (Prop_bufg_I_O)         0.091    40.000 r  datapath/video_inst/mmcm_adv_inst_display_clocks/inst/clkout1_buf/O
                         net (fo=83, routed)          1.703    41.703    datapath/video_inst/inst_dvid/TDMS_encoder_green/clk_out1
    SLICE_X158Y132       FDRE                                         r  datapath/video_inst/inst_dvid/TDMS_encoder_green/encoded_reg[9]/C
                         clock pessimism              0.075    41.778    
                         clock uncertainty           -0.095    41.684    
    SLICE_X158Y132       FDRE (Setup_fdre_C_D)        0.118    41.802    datapath/video_inst/inst_dvid/TDMS_encoder_green/encoded_reg[9]
  -------------------------------------------------------------------
                         required time                         41.802    
                         arrival time                         -22.893    
  -------------------------------------------------------------------
                         slack                                 18.909    

Slack (MET) :             19.008ns  (required time - arrival time)
  Source:                 datapath/video_inst/Inst_vga/vga_signal_generator_Final/position_reg[row][8]/C
                            (rising edge-triggered cell FDRE clocked by clk_out1_clk_wiz_0  {rise@0.000ns fall@20.000ns period=40.000ns})
  Destination:            datapath/video_inst/inst_dvid/TDMS_encoder_green/encoded_reg[8]/D
                            (rising edge-triggered cell FDRE clocked by clk_out1_clk_wiz_0  {rise@0.000ns fall@20.000ns period=40.000ns})
  Path Group:             clk_out1_clk_wiz_0
  Path Type:              Setup (Max at Slow Process Corner)
  Requirement:            40.000ns  (clk_out1_clk_wiz_0 rise@40.000ns - clk_out1_clk_wiz_0 rise@0.000ns)
  Data Path Delay:        20.933ns  (logic 6.308ns (30.134%)  route 14.625ns (69.866%))
  Logic Levels:           24  (CARRY4=8 LUT2=3 LUT3=3 LUT4=3 LUT5=3 LUT6=4)
  Clock Path Skew:        -0.041ns (DCD - SCD + CPR)
    Destination Clock Delay (DCD):    1.703ns = ( 41.703 - 40.000 ) 
    Source Clock Delay      (SCD):    1.819ns
    Clock Pessimism Removal (CPR):    0.075ns
  Clock Uncertainty:      0.095ns  ((TSJ^2 + DJ^2)^1/2) / 2 + PE
    Total System Jitter     (TSJ):    0.071ns
    Discrete Jitter          (DJ):    0.175ns
    Phase Error              (PE):    0.000ns

    Location             Delay type                Incr(ns)  Path(ns)    Netlist Resource(s)
  -------------------------------------------------------------------    -------------------
                         (clock clk_out1_clk_wiz_0 rise edge)
                                                      0.000     0.000 r  
    BUFGCTRL_X0Y2        BUFG                         0.000     0.000 r  clk_IBUF_BUFG_inst/O
                         net (fo=319, routed)         2.106     2.106    datapath/video_inst/mmcm_adv_inst_display_clocks/inst/clk_in1
    MMCME2_ADV_X1Y0      MMCME2_ADV (Prop_mmcme2_adv_CLKIN1_CLKOUT0)
                                                     -4.900    -2.793 r  datapath/video_inst/mmcm_adv_inst_display_clocks/inst/mmcm_adv_inst/CLKOUT0
                         net (fo=1, routed)           2.697    -0.096    datapath/video_inst/mmcm_adv_inst_display_clocks/inst/clk_out1_clk_wiz_0
    BUFGCTRL_X0Y4        BUFG (Prop_bufg_I_O)         0.096    -0.000 r  datapath/video_inst/mmcm_adv_inst_display_clocks/inst/clkout1_buf/O
                         net (fo=83, routed)          1.819     1.819    datapath/video_inst/Inst_vga/vga_signal_generator_Final/clk_out1
    SLICE_X161Y129       FDRE                                         r  datapath/video_inst/Inst_vga/vga_signal_generator_Final/position_reg[row][8]/C
  -------------------------------------------------------------------    -------------------
    SLICE_X161Y129       FDRE (Prop_fdre_C_Q)         0.456     2.275 f  datapath/video_inst/Inst_vga/vga_signal_generator_Final/position_reg[row][8]/Q
                         net (fo=15, routed)          1.769     4.044    datapath/video_inst/Inst_vga/vga_signal_generator_Final/Q[8]
    SLICE_X150Y128       LUT5 (Prop_lut5_I1_O)        0.124     4.168 f  datapath/video_inst/Inst_vga/vga_signal_generator_Final/dc_bias[3]_i_17/O
                         net (fo=4, routed)           0.782     4.950    datapath/video_inst/Inst_vga/vga_signal_generator_Final/dc_bias[3]_i_17_n_0
    SLICE_X154Y128       LUT4 (Prop_lut4_I3_O)        0.124     5.074 r  datapath/video_inst/Inst_vga/vga_signal_generator_Final/dc_bias[3]_i_13/O
                         net (fo=18, routed)          1.002     6.075    datapath/video_inst/Inst_vga/vga_signal_generator_Final/position_reg[row][4]_0
    SLICE_X157Y124       LUT5 (Prop_lut5_I0_O)        0.124     6.199 f  datapath/video_inst/Inst_vga/vga_signal_generator_Final/dc_bias[3]_i_152/O
                         net (fo=65, routed)          1.378     7.577    datapath/video_inst/Inst_vga/vga_signal_generator_Final/position_reg[row][2]_0
    SLICE_X163Y126       LUT3 (Prop_lut3_I0_O)        0.124     7.701 r  datapath/video_inst/Inst_vga/vga_signal_generator_Final/dc_bias[3]_i_632/O
                         net (fo=2, routed)           0.900     8.601    datapath/video_inst/Inst_vga/color_mapper_Final/dc_bias[3]_i_692_0[2]
    SLICE_X160Y118       CARRY4 (Prop_carry4_DI[2]_CO[3])
                                                      0.398     8.999 r  datapath/video_inst/Inst_vga/color_mapper_Final/dc_bias_reg[3]_i_639/CO[3]
                         net (fo=1, routed)           0.000     8.999    datapath/video_inst/Inst_vga/color_mapper_Final/dc_bias_reg[3]_i_639_n_0
    SLICE_X160Y119       CARRY4 (Prop_carry4_CI_CO[3])
                                                      0.114     9.113 r  datapath/video_inst/Inst_vga/color_mapper_Final/dc_bias_reg[3]_i_533/CO[3]
                         net (fo=1, routed)           0.000     9.113    datapath/video_inst/Inst_vga/color_mapper_Final/dc_bias_reg[3]_i_533_n_0
    SLICE_X160Y120       CARRY4 (Prop_carry4_CI_CO[3])
                                                      0.114     9.227 f  datapath/video_inst/Inst_vga/color_mapper_Final/dc_bias_reg[3]_i_411/CO[3]
                         net (fo=43, routed)          1.554    10.781    datapath/video_inst/Inst_vga/color_mapper_Final/position_reg[row][9]_2[0]
    SLICE_X163Y125       LUT3 (Prop_lut3_I2_O)        0.150    10.931 r  datapath/video_inst/Inst_vga/color_mapper_Final/dc_bias[3]_i_438/O
                         net (fo=2, routed)           0.544    11.475    datapath/video_inst/Inst_vga/color_mapper_Final/dc_bias[3]_i_438_n_0
    SLICE_X162Y125       LUT4 (Prop_lut4_I3_O)        0.332    11.807 r  datapath/video_inst/Inst_vga/color_mapper_Final/dc_bias[3]_i_441/O
                         net (fo=1, routed)           0.000    11.807    datapath/video_inst/Inst_vga/color_mapper_Final/dc_bias[3]_i_441_n_0
    SLICE_X162Y125       CARRY4 (Prop_carry4_S[3]_O[3])
                                                      0.255    12.062 r  datapath/video_inst/Inst_vga/color_mapper_Final/dc_bias_reg[3]_i_328/O[3]
                         net (fo=3, routed)           0.656    12.718    datapath/video_inst/Inst_vga/color_mapper_Final/dc_bias_reg[3]_i_328_n_4
    SLICE_X162Y124       LUT3 (Prop_lut3_I2_O)        0.307    13.025 r  datapath/video_inst/Inst_vga/color_mapper_Final/dc_bias[3]_i_330/O
                         net (fo=2, routed)           0.855    13.880    datapath/video_inst/Inst_vga/color_mapper_Final/dc_bias[3]_i_330_n_0
    SLICE_X162Y124       LUT5 (Prop_lut5_I0_O)        0.152    14.032 r  datapath/video_inst/Inst_vga/color_mapper_Final/dc_bias[3]_i_269/O
                         net (fo=2, routed)           0.577    14.609    datapath/video_inst/Inst_vga/color_mapper_Final/dc_bias[3]_i_269_n_0
    SLICE_X161Y124       LUT6 (Prop_lut6_I0_O)        0.348    14.957 r  datapath/video_inst/Inst_vga/color_mapper_Final/dc_bias[3]_i_273/O
                         net (fo=1, routed)           0.000    14.957    datapath/video_inst/Inst_vga/color_mapper_Final/dc_bias[3]_i_273_n_0
    SLICE_X161Y124       CARRY4 (Prop_carry4_S[2]_CO[3])
                                                      0.398    15.355 r  datapath/video_inst/Inst_vga/color_mapper_Final/dc_bias_reg[3]_i_208/CO[3]
                         net (fo=1, routed)           0.009    15.364    datapath/video_inst/Inst_vga/color_mapper_Final/dc_bias_reg[3]_i_208_n_0
    SLICE_X161Y125       CARRY4 (Prop_carry4_CI_O[1])
                                                      0.334    15.698 r  datapath/video_inst/Inst_vga/color_mapper_Final/dc_bias_reg[3]_i_264/O[1]
                         net (fo=2, routed)           0.593    16.291    datapath/video_inst/Inst_vga/color_mapper_Final/dc_bias_reg[3]_i_264_n_6
    SLICE_X162Y128       LUT2 (Prop_lut2_I0_O)        0.303    16.594 r  datapath/video_inst/Inst_vga/color_mapper_Final/dc_bias[3]_i_266/O
                         net (fo=1, routed)           0.000    16.594    datapath/video_inst/Inst_vga/color_mapper_Final/dc_bias[3]_i_266_n_0
    SLICE_X162Y128       CARRY4 (Prop_carry4_S[1]_O[2])
                                                      0.578    17.172 r  datapath/video_inst/Inst_vga/color_mapper_Final/dc_bias_reg[3]_i_207/O[2]
                         net (fo=1, routed)           0.644    17.816    datapath/video_inst/Inst_vga/color_mapper_Final/dc_bias_reg[3]_i_207_n_5
    SLICE_X161Y129       LUT2 (Prop_lut2_I0_O)        0.301    18.117 r  datapath/video_inst/Inst_vga/color_mapper_Final/dc_bias[3]_i_163/O
                         net (fo=1, routed)           0.000    18.117    datapath/video_inst/Inst_vga/color_mapper_Final/dc_bias[3]_i_163_n_0
    SLICE_X161Y129       CARRY4 (Prop_carry4_S[0]_O[0])
                                                      0.247    18.364 r  datapath/video_inst/Inst_vga/color_mapper_Final/dc_bias_reg[3]_i_118/O[0]
                         net (fo=2, routed)           1.000    19.364    datapath/video_inst/Inst_vga/color_mapper_Final/dc_bias_reg[3]_i_118_n_7
    SLICE_X154Y129       LUT4 (Prop_lut4_I0_O)        0.325    19.689 r  datapath/video_inst/Inst_vga/color_mapper_Final/dc_bias[3]_i_74/O
                         net (fo=1, routed)           0.165    19.855    datapath/video_inst/Inst_vga/color_mapper_Final/dc_bias[3]_i_74_n_0
    SLICE_X154Y129       LUT6 (Prop_lut6_I4_O)        0.328    20.183 f  datapath/video_inst/Inst_vga/color_mapper_Final/dc_bias[3]_i_30/O
                         net (fo=2, routed)           0.581    20.764    datapath/video_inst/Inst_vga/vga_signal_generator_Final/dc_bias[3]_i_2_2
    SLICE_X151Y129       LUT6 (Prop_lut6_I2_O)        0.124    20.888 r  datapath/video_inst/Inst_vga/vga_signal_generator_Final/dc_bias[3]_i_4__0/O
                         net (fo=2, routed)           0.534    21.422    datapath/video_inst/Inst_vga/vga_signal_generator_Final/dc_bias[3]_i_4__0_n_0
    SLICE_X152Y129       LUT6 (Prop_lut6_I5_O)        0.124    21.546 f  datapath/video_inst/Inst_vga/vga_signal_generator_Final/dc_bias[3]_i_3/O
                         net (fo=7, routed)           1.082    22.629    datapath/video_inst/inst_dvid/TDMS_encoder_green/pixel[color][1]
    SLICE_X158Y132       LUT2 (Prop_lut2_I0_O)        0.124    22.753 r  datapath/video_inst/inst_dvid/TDMS_encoder_green/encoded[8]_i_1/O
                         net (fo=1, routed)           0.000    22.753    datapath/video_inst/inst_dvid/TDMS_encoder_green/encoded[8]_i_1_n_0
    SLICE_X158Y132       FDRE                                         r  datapath/video_inst/inst_dvid/TDMS_encoder_green/encoded_reg[8]/D
  -------------------------------------------------------------------    -------------------

                         (clock clk_out1_clk_wiz_0 rise edge)
                                                     40.000    40.000 r  
    BUFGCTRL_X0Y2        BUFG                         0.000    40.000 r  clk_IBUF_BUFG_inst/O
                         net (fo=319, routed)         1.972    41.972    datapath/video_inst/mmcm_adv_inst_display_clocks/inst/clk_in1
    MMCME2_ADV_X1Y0      MMCME2_ADV (Prop_mmcme2_adv_CLKIN1_CLKOUT0)
                                                     -4.637    37.335 r  datapath/video_inst/mmcm_adv_inst_display_clocks/inst/mmcm_adv_inst/CLKOUT0
                         net (fo=1, routed)           2.574    39.909    datapath/video_inst/mmcm_adv_inst_display_clocks/inst/clk_out1_clk_wiz_0
    BUFGCTRL_X0Y4        BUFG (Prop_bufg_I_O)         0.091    40.000 r  datapath/video_inst/mmcm_adv_inst_display_clocks/inst/clkout1_buf/O
                         net (fo=83, routed)          1.703    41.703    datapath/video_inst/inst_dvid/TDMS_encoder_green/clk_out1
    SLICE_X158Y132       FDRE                                         r  datapath/video_inst/inst_dvid/TDMS_encoder_green/encoded_reg[8]/C
                         clock pessimism              0.075    41.778    
                         clock uncertainty           -0.095    41.684    
    SLICE_X158Y132       FDRE (Setup_fdre_C_D)        0.077    41.761    datapath/video_inst/inst_dvid/TDMS_encoder_green/encoded_reg[8]
  -------------------------------------------------------------------
                         required time                         41.761    
                         arrival time                         -22.753    
  -------------------------------------------------------------------
                         slack                                 19.008    





Min Delay Paths
--------------------------------------------------------------------------------------
Slack (MET) :             0.121ns  (arrival time - required time)
  Source:                 datapath/video_inst/inst_dvid/TDMS_encoder_blue/encoded_reg[9]/C
                            (rising edge-triggered cell FDRE clocked by clk_out1_clk_wiz_0  {rise@0.000ns fall@20.000ns period=40.000ns})
  Destination:            datapath/video_inst/inst_dvid/latched_blue_reg[9]/D
                            (rising edge-triggered cell FDRE clocked by clk_out1_clk_wiz_0  {rise@0.000ns fall@20.000ns period=40.000ns})
  Path Group:             clk_out1_clk_wiz_0
  Path Type:              Hold (Min at Fast Process Corner)
  Requirement:            0.000ns  (clk_out1_clk_wiz_0 rise@0.000ns - clk_out1_clk_wiz_0 rise@0.000ns)
  Data Path Delay:        0.197ns  (logic 0.141ns (71.611%)  route 0.056ns (28.389%))
  Logic Levels:           0  
  Clock Path Skew:        0.000ns (DCD - SCD - CPR)
    Destination Clock Delay (DCD):    0.914ns
    Source Clock Delay      (SCD):    0.643ns
    Clock Pessimism Removal (CPR):    0.271ns

    Location             Delay type                Incr(ns)  Path(ns)    Netlist Resource(s)
  -------------------------------------------------------------------    -------------------
                         (clock clk_out1_clk_wiz_0 rise edge)
                                                      0.000     0.000 r  
    BUFGCTRL_X0Y2        BUFG                         0.000     0.000 r  clk_IBUF_BUFG_inst/O
                         net (fo=319, routed)         0.745     0.745    datapath/video_inst/mmcm_adv_inst_display_clocks/inst/clk_in1
    MMCME2_ADV_X1Y0      MMCME2_ADV (Prop_mmcme2_adv_CLKIN1_CLKOUT0)
                                                     -1.683    -0.938 r  datapath/video_inst/mmcm_adv_inst_display_clocks/inst/mmcm_adv_inst/CLKOUT0
                         net (fo=1, routed)           0.912    -0.026    datapath/video_inst/mmcm_adv_inst_display_clocks/inst/clk_out1_clk_wiz_0
    BUFGCTRL_X0Y4        BUFG (Prop_bufg_I_O)         0.026    -0.000 r  datapath/video_inst/mmcm_adv_inst_display_clocks/inst/clkout1_buf/O
                         net (fo=83, routed)          0.643     0.643    datapath/video_inst/inst_dvid/TDMS_encoder_blue/clk_out1
    SLICE_X161Y133       FDRE                                         r  datapath/video_inst/inst_dvid/TDMS_encoder_blue/encoded_reg[9]/C
  -------------------------------------------------------------------    -------------------
    SLICE_X161Y133       FDRE (Prop_fdre_C_Q)         0.141     0.784 r  datapath/video_inst/inst_dvid/TDMS_encoder_blue/encoded_reg[9]/Q
                         net (fo=1, routed)           0.056     0.839    datapath/video_inst/inst_dvid/TDMS_encoder_blue_n_2
    SLICE_X161Y133       FDRE                                         r  datapath/video_inst/inst_dvid/latched_blue_reg[9]/D
  -------------------------------------------------------------------    -------------------

                         (clock clk_out1_clk_wiz_0 rise edge)
                                                      0.000     0.000 r  
    BUFGCTRL_X0Y2        BUFG                         0.000     0.000 r  clk_IBUF_BUFG_inst/O
                         net (fo=319, routed)         1.022     1.022    datapath/video_inst/mmcm_adv_inst_display_clocks/inst/clk_in1
    MMCME2_ADV_X1Y0      MMCME2_ADV (Prop_mmcme2_adv_CLKIN1_CLKOUT0)
                                                     -2.040    -1.018 r  datapath/video_inst/mmcm_adv_inst_display_clocks/inst/mmcm_adv_inst/CLKOUT0
                         net (fo=1, routed)           0.989    -0.029    datapath/video_inst/mmcm_adv_inst_display_clocks/inst/clk_out1_clk_wiz_0
    BUFGCTRL_X0Y4        BUFG (Prop_bufg_I_O)         0.029    -0.000 r  datapath/video_inst/mmcm_adv_inst_display_clocks/inst/clkout1_buf/O
                         net (fo=83, routed)          0.914     0.914    datapath/video_inst/inst_dvid/clk_out1
    SLICE_X161Y133       FDRE                                         r  datapath/video_inst/inst_dvid/latched_blue_reg[9]/C
                         clock pessimism             -0.271     0.643    
    SLICE_X161Y133       FDRE (Hold_fdre_C_D)         0.076     0.719    datapath/video_inst/inst_dvid/latched_blue_reg[9]
  -------------------------------------------------------------------
                         required time                         -0.719    
                         arrival time                           0.839    
  -------------------------------------------------------------------
                         slack                                  0.121    

Slack (MET) :             0.122ns  (arrival time - required time)
  Source:                 datapath/video_inst/inst_dvid/TDMS_encoder_blue/encoded_reg[2]/C
                            (rising edge-triggered cell FDRE clocked by clk_out1_clk_wiz_0  {rise@0.000ns fall@20.000ns period=40.000ns})
  Destination:            datapath/video_inst/inst_dvid/latched_blue_reg[2]/D
                            (rising edge-triggered cell FDRE clocked by clk_out1_clk_wiz_0  {rise@0.000ns fall@20.000ns period=40.000ns})
  Path Group:             clk_out1_clk_wiz_0
  Path Type:              Hold (Min at Fast Process Corner)
  Requirement:            0.000ns  (clk_out1_clk_wiz_0 rise@0.000ns - clk_out1_clk_wiz_0 rise@0.000ns)
  Data Path Delay:        0.197ns  (logic 0.141ns (71.611%)  route 0.056ns (28.389%))
  Logic Levels:           0  
  Clock Path Skew:        0.000ns (DCD - SCD - CPR)
    Destination Clock Delay (DCD):    0.914ns
    Source Clock Delay      (SCD):    0.643ns
    Clock Pessimism Removal (CPR):    0.271ns

    Location             Delay type                Incr(ns)  Path(ns)    Netlist Resource(s)
  -------------------------------------------------------------------    -------------------
                         (clock clk_out1_clk_wiz_0 rise edge)
                                                      0.000     0.000 r  
    BUFGCTRL_X0Y2        BUFG                         0.000     0.000 r  clk_IBUF_BUFG_inst/O
                         net (fo=319, routed)         0.745     0.745    datapath/video_inst/mmcm_adv_inst_display_clocks/inst/clk_in1
    MMCME2_ADV_X1Y0      MMCME2_ADV (Prop_mmcme2_adv_CLKIN1_CLKOUT0)
                                                     -1.683    -0.938 r  datapath/video_inst/mmcm_adv_inst_display_clocks/inst/mmcm_adv_inst/CLKOUT0
                         net (fo=1, routed)           0.912    -0.026    datapath/video_inst/mmcm_adv_inst_display_clocks/inst/clk_out1_clk_wiz_0
    BUFGCTRL_X0Y4        BUFG (Prop_bufg_I_O)         0.026    -0.000 r  datapath/video_inst/mmcm_adv_inst_display_clocks/inst/clkout1_buf/O
                         net (fo=83, routed)          0.643     0.643    datapath/video_inst/inst_dvid/TDMS_encoder_blue/clk_out1
    SLICE_X161Y133       FDRE                                         r  datapath/video_inst/inst_dvid/TDMS_encoder_blue/encoded_reg[2]/C
  -------------------------------------------------------------------    -------------------
    SLICE_X161Y133       FDRE (Prop_fdre_C_Q)         0.141     0.784 r  datapath/video_inst/inst_dvid/TDMS_encoder_blue/encoded_reg[2]/Q
                         net (fo=1, routed)           0.056     0.839    datapath/video_inst/inst_dvid/TDMS_encoder_blue_n_5
    SLICE_X161Y133       FDRE                                         r  datapath/video_inst/inst_dvid/latched_blue_reg[2]/D
  -------------------------------------------------------------------    -------------------

                         (clock clk_out1_clk_wiz_0 rise edge)
                                                      0.000     0.000 r  
    BUFGCTRL_X0Y2        BUFG                         0.000     0.000 r  clk_IBUF_BUFG_inst/O
                         net (fo=319, routed)         1.022     1.022    datapath/video_inst/mmcm_adv_inst_display_clocks/inst/clk_in1
    MMCME2_ADV_X1Y0      MMCME2_ADV (Prop_mmcme2_adv_CLKIN1_CLKOUT0)
                                                     -2.040    -1.018 r  datapath/video_inst/mmcm_adv_inst_display_clocks/inst/mmcm_adv_inst/CLKOUT0
                         net (fo=1, routed)           0.989    -0.029    datapath/video_inst/mmcm_adv_inst_display_clocks/inst/clk_out1_clk_wiz_0
    BUFGCTRL_X0Y4        BUFG (Prop_bufg_I_O)         0.029    -0.000 r  datapath/video_inst/mmcm_adv_inst_display_clocks/inst/clkout1_buf/O
                         net (fo=83, routed)          0.914     0.914    datapath/video_inst/inst_dvid/clk_out1
    SLICE_X161Y133       FDRE                                         r  datapath/video_inst/inst_dvid/latched_blue_reg[2]/C
                         clock pessimism             -0.271     0.643    
    SLICE_X161Y133       FDRE (Hold_fdre_C_D)         0.075     0.718    datapath/video_inst/inst_dvid/latched_blue_reg[2]
  -------------------------------------------------------------------
                         required time                         -0.718    
                         arrival time                           0.839    
  -------------------------------------------------------------------
                         slack                                  0.122    

Slack (MET) :             0.126ns  (arrival time - required time)
  Source:                 datapath/video_inst/inst_dvid/TDMS_encoder_blue/encoded_reg[4]/C
                            (rising edge-triggered cell FDRE clocked by clk_out1_clk_wiz_0  {rise@0.000ns fall@20.000ns period=40.000ns})
  Destination:            datapath/video_inst/inst_dvid/latched_blue_reg[4]/D
                            (rising edge-triggered cell FDRE clocked by clk_out1_clk_wiz_0  {rise@0.000ns fall@20.000ns period=40.000ns})
  Path Group:             clk_out1_clk_wiz_0
  Path Type:              Hold (Min at Fast Process Corner)
  Requirement:            0.000ns  (clk_out1_clk_wiz_0 rise@0.000ns - clk_out1_clk_wiz_0 rise@0.000ns)
  Data Path Delay:        0.197ns  (logic 0.141ns (71.611%)  route 0.056ns (28.389%))
  Logic Levels:           0  
  Clock Path Skew:        0.000ns (DCD - SCD - CPR)
    Destination Clock Delay (DCD):    0.914ns
    Source Clock Delay      (SCD):    0.643ns
    Clock Pessimism Removal (CPR):    0.271ns

    Location             Delay type                Incr(ns)  Path(ns)    Netlist Resource(s)
  -------------------------------------------------------------------    -------------------
                         (clock clk_out1_clk_wiz_0 rise edge)
                                                      0.000     0.000 r  
    BUFGCTRL_X0Y2        BUFG                         0.000     0.000 r  clk_IBUF_BUFG_inst/O
                         net (fo=319, routed)         0.745     0.745    datapath/video_inst/mmcm_adv_inst_display_clocks/inst/clk_in1
    MMCME2_ADV_X1Y0      MMCME2_ADV (Prop_mmcme2_adv_CLKIN1_CLKOUT0)
                                                     -1.683    -0.938 r  datapath/video_inst/mmcm_adv_inst_display_clocks/inst/mmcm_adv_inst/CLKOUT0
                         net (fo=1, routed)           0.912    -0.026    datapath/video_inst/mmcm_adv_inst_display_clocks/inst/clk_out1_clk_wiz_0
    BUFGCTRL_X0Y4        BUFG (Prop_bufg_I_O)         0.026    -0.000 r  datapath/video_inst/mmcm_adv_inst_display_clocks/inst/clkout1_buf/O
                         net (fo=83, routed)          0.643     0.643    datapath/video_inst/inst_dvid/TDMS_encoder_blue/clk_out1
    SLICE_X161Y133       FDRE                                         r  datapath/video_inst/inst_dvid/TDMS_encoder_blue/encoded_reg[4]/C
  -------------------------------------------------------------------    -------------------
    SLICE_X161Y133       FDRE (Prop_fdre_C_Q)         0.141     0.784 r  datapath/video_inst/inst_dvid/TDMS_encoder_blue/encoded_reg[4]/Q
                         net (fo=1, routed)           0.056     0.839    datapath/video_inst/inst_dvid/TDMS_encoder_blue_n_4
    SLICE_X161Y133       FDRE                                         r  datapath/video_inst/inst_dvid/latched_blue_reg[4]/D
  -------------------------------------------------------------------    -------------------

                         (clock clk_out1_clk_wiz_0 rise edge)
                                                      0.000     0.000 r  
    BUFGCTRL_X0Y2        BUFG                         0.000     0.000 r  clk_IBUF_BUFG_inst/O
                         net (fo=319, routed)         1.022     1.022    datapath/video_inst/mmcm_adv_inst_display_clocks/inst/clk_in1
    MMCME2_ADV_X1Y0      MMCME2_ADV (Prop_mmcme2_adv_CLKIN1_CLKOUT0)
                                                     -2.040    -1.018 r  datapath/video_inst/mmcm_adv_inst_display_clocks/inst/mmcm_adv_inst/CLKOUT0
                         net (fo=1, routed)           0.989    -0.029    datapath/video_inst/mmcm_adv_inst_display_clocks/inst/clk_out1_clk_wiz_0
    BUFGCTRL_X0Y4        BUFG (Prop_bufg_I_O)         0.029    -0.000 r  datapath/video_inst/mmcm_adv_inst_display_clocks/inst/clkout1_buf/O
                         net (fo=83, routed)          0.914     0.914    datapath/video_inst/inst_dvid/clk_out1
    SLICE_X161Y133       FDRE                                         r  datapath/video_inst/inst_dvid/latched_blue_reg[4]/C
                         clock pessimism             -0.271     0.643    
    SLICE_X161Y133       FDRE (Hold_fdre_C_D)         0.071     0.714    datapath/video_inst/inst_dvid/latched_blue_reg[4]
  -------------------------------------------------------------------
                         required time                         -0.714    
                         arrival time                           0.839    
  -------------------------------------------------------------------
                         slack                                  0.126    

Slack (MET) :             0.131ns  (arrival time - required time)
  Source:                 datapath/video_inst/inst_dvid/TDMS_encoder_blue/encoded_reg[0]/C
                            (rising edge-triggered cell FDRE clocked by clk_out1_clk_wiz_0  {rise@0.000ns fall@20.000ns period=40.000ns})
  Destination:            datapath/video_inst/inst_dvid/latched_blue_reg[0]/D
                            (rising edge-triggered cell FDRE clocked by clk_out1_clk_wiz_0  {rise@0.000ns fall@20.000ns period=40.000ns})
  Path Group:             clk_out1_clk_wiz_0
  Path Type:              Hold (Min at Fast Process Corner)
  Requirement:            0.000ns  (clk_out1_clk_wiz_0 rise@0.000ns - clk_out1_clk_wiz_0 rise@0.000ns)
  Data Path Delay:        0.206ns  (logic 0.141ns (68.336%)  route 0.065ns (31.664%))
  Logic Levels:           0  
  Clock Path Skew:        0.000ns (DCD - SCD - CPR)
    Destination Clock Delay (DCD):    0.913ns
    Source Clock Delay      (SCD):    0.642ns
    Clock Pessimism Removal (CPR):    0.271ns

    Location             Delay type                Incr(ns)  Path(ns)    Netlist Resource(s)
  -------------------------------------------------------------------    -------------------
                         (clock clk_out1_clk_wiz_0 rise edge)
                                                      0.000     0.000 r  
    BUFGCTRL_X0Y2        BUFG                         0.000     0.000 r  clk_IBUF_BUFG_inst/O
                         net (fo=319, routed)         0.745     0.745    datapath/video_inst/mmcm_adv_inst_display_clocks/inst/clk_in1
    MMCME2_ADV_X1Y0      MMCME2_ADV (Prop_mmcme2_adv_CLKIN1_CLKOUT0)
                                                     -1.683    -0.938 r  datapath/video_inst/mmcm_adv_inst_display_clocks/inst/mmcm_adv_inst/CLKOUT0
                         net (fo=1, routed)           0.912    -0.026    datapath/video_inst/mmcm_adv_inst_display_clocks/inst/clk_out1_clk_wiz_0
    BUFGCTRL_X0Y4        BUFG (Prop_bufg_I_O)         0.026    -0.000 r  datapath/video_inst/mmcm_adv_inst_display_clocks/inst/clkout1_buf/O
                         net (fo=83, routed)          0.642     0.642    datapath/video_inst/inst_dvid/TDMS_encoder_blue/clk_out1
    SLICE_X160Y132       FDRE                                         r  datapath/video_inst/inst_dvid/TDMS_encoder_blue/encoded_reg[0]/C
  -------------------------------------------------------------------    -------------------
    SLICE_X160Y132       FDRE (Prop_fdre_C_Q)         0.141     0.783 r  datapath/video_inst/inst_dvid/TDMS_encoder_blue/encoded_reg[0]/Q
                         net (fo=1, routed)           0.065     0.848    datapath/video_inst/inst_dvid/TDMS_encoder_blue_n_7
    SLICE_X160Y132       FDRE                                         r  datapath/video_inst/inst_dvid/latched_blue_reg[0]/D
  -------------------------------------------------------------------    -------------------

                         (clock clk_out1_clk_wiz_0 rise edge)
                                                      0.000     0.000 r  
    BUFGCTRL_X0Y2        BUFG                         0.000     0.000 r  clk_IBUF_BUFG_inst/O
                         net (fo=319, routed)         1.022     1.022    datapath/video_inst/mmcm_adv_inst_display_clocks/inst/clk_in1
    MMCME2_ADV_X1Y0      MMCME2_ADV (Prop_mmcme2_adv_CLKIN1_CLKOUT0)
                                                     -2.040    -1.018 r  datapath/video_inst/mmcm_adv_inst_display_clocks/inst/mmcm_adv_inst/CLKOUT0
                         net (fo=1, routed)           0.989    -0.029    datapath/video_inst/mmcm_adv_inst_display_clocks/inst/clk_out1_clk_wiz_0
    BUFGCTRL_X0Y4        BUFG (Prop_bufg_I_O)         0.029    -0.000 r  datapath/video_inst/mmcm_adv_inst_display_clocks/inst/clkout1_buf/O
                         net (fo=83, routed)          0.913     0.913    datapath/video_inst/inst_dvid/clk_out1
    SLICE_X160Y132       FDRE                                         r  datapath/video_inst/inst_dvid/latched_blue_reg[0]/C
                         clock pessimism             -0.271     0.642    
    SLICE_X160Y132       FDRE (Hold_fdre_C_D)         0.075     0.717    datapath/video_inst/inst_dvid/latched_blue_reg[0]
  -------------------------------------------------------------------
                         required time                         -0.717    
                         arrival time                           0.848    
  -------------------------------------------------------------------
                         slack                                  0.131    

Slack (MET) :             0.158ns  (arrival time - required time)
  Source:                 datapath/video_inst/Inst_vga/vga_signal_generator_Final/vertical_counter/processQ_reg[5]/C
                            (rising edge-triggered cell FDRE clocked by clk_out1_clk_wiz_0  {rise@0.000ns fall@20.000ns period=40.000ns})
  Destination:            datapath/video_inst/Inst_vga/vga_signal_generator_Final/position_reg[row][5]/D
                            (rising edge-triggered cell FDRE clocked by clk_out1_clk_wiz_0  {rise@0.000ns fall@20.000ns period=40.000ns})
  Path Group:             clk_out1_clk_wiz_0
  Path Type:              Hold (Min at Fast Process Corner)
  Requirement:            0.000ns  (clk_out1_clk_wiz_0 rise@0.000ns - clk_out1_clk_wiz_0 rise@0.000ns)
  Data Path Delay:        0.269ns  (logic 0.141ns (52.499%)  route 0.128ns (47.501%))
  Logic Levels:           0  
  Clock Path Skew:        0.036ns (DCD - SCD - CPR)
    Destination Clock Delay (DCD):    0.911ns
    Source Clock Delay      (SCD):    0.641ns
    Clock Pessimism Removal (CPR):    0.234ns

    Location             Delay type                Incr(ns)  Path(ns)    Netlist Resource(s)
  -------------------------------------------------------------------    -------------------
                         (clock clk_out1_clk_wiz_0 rise edge)
                                                      0.000     0.000 r  
    BUFGCTRL_X0Y2        BUFG                         0.000     0.000 r  clk_IBUF_BUFG_inst/O
                         net (fo=319, routed)         0.745     0.745    datapath/video_inst/mmcm_adv_inst_display_clocks/inst/clk_in1
    MMCME2_ADV_X1Y0      MMCME2_ADV (Prop_mmcme2_adv_CLKIN1_CLKOUT0)
                                                     -1.683    -0.938 r  datapath/video_inst/mmcm_adv_inst_display_clocks/inst/mmcm_adv_inst/CLKOUT0
                         net (fo=1, routed)           0.912    -0.026    datapath/video_inst/mmcm_adv_inst_display_clocks/inst/clk_out1_clk_wiz_0
    BUFGCTRL_X0Y4        BUFG (Prop_bufg_I_O)         0.026    -0.000 r  datapath/video_inst/mmcm_adv_inst_display_clocks/inst/clkout1_buf/O
                         net (fo=83, routed)          0.641     0.641    datapath/video_inst/Inst_vga/vga_signal_generator_Final/vertical_counter/clk_out1
    SLICE_X161Y131       FDRE                                         r  datapath/video_inst/Inst_vga/vga_signal_generator_Final/vertical_counter/processQ_reg[5]/C
  -------------------------------------------------------------------    -------------------
    SLICE_X161Y131       FDRE (Prop_fdre_C_Q)         0.141     0.782 r  datapath/video_inst/Inst_vga/vga_signal_generator_Final/vertical_counter/processQ_reg[5]/Q
                         net (fo=8, routed)           0.128     0.909    datapath/video_inst/Inst_vga/vga_signal_generator_Final/current_pos[row][5]
    SLICE_X159Y131       FDRE                                         r  datapath/video_inst/Inst_vga/vga_signal_generator_Final/position_reg[row][5]/D
  -------------------------------------------------------------------    -------------------

                         (clock clk_out1_clk_wiz_0 rise edge)
                                                      0.000     0.000 r  
    BUFGCTRL_X0Y2        BUFG                         0.000     0.000 r  clk_IBUF_BUFG_inst/O
                         net (fo=319, routed)         1.022     1.022    datapath/video_inst/mmcm_adv_inst_display_clocks/inst/clk_in1
    MMCME2_ADV_X1Y0      MMCME2_ADV (Prop_mmcme2_adv_CLKIN1_CLKOUT0)
                                                     -2.040    -1.018 r  datapath/video_inst/mmcm_adv_inst_display_clocks/inst/mmcm_adv_inst/CLKOUT0
                         net (fo=1, routed)           0.989    -0.029    datapath/video_inst/mmcm_adv_inst_display_clocks/inst/clk_out1_clk_wiz_0
    BUFGCTRL_X0Y4        BUFG (Prop_bufg_I_O)         0.029    -0.000 r  datapath/video_inst/mmcm_adv_inst_display_clocks/inst/clkout1_buf/O
                         net (fo=83, routed)          0.911     0.911    datapath/video_inst/Inst_vga/vga_signal_generator_Final/clk_out1
    SLICE_X159Y131       FDRE                                         r  datapath/video_inst/Inst_vga/vga_signal_generator_Final/position_reg[row][5]/C
                         clock pessimism             -0.234     0.677    
    SLICE_X159Y131       FDRE (Hold_fdre_C_D)         0.075     0.752    datapath/video_inst/Inst_vga/vga_signal_generator_Final/position_reg[row][5]
  -------------------------------------------------------------------
                         required time                         -0.752    
                         arrival time                           0.909    
  -------------------------------------------------------------------
                         slack                                  0.158    

Slack (MET) :             0.158ns  (arrival time - required time)
  Source:                 datapath/video_inst/inst_dvid/TDMS_encoder_red/encoded_reg[2]/C
                            (rising edge-triggered cell FDSE clocked by clk_out1_clk_wiz_0  {rise@0.000ns fall@20.000ns period=40.000ns})
  Destination:            datapath/video_inst/inst_dvid/latched_red_reg[2]/D
                            (rising edge-triggered cell FDRE clocked by clk_out1_clk_wiz_0  {rise@0.000ns fall@20.000ns period=40.000ns})
  Path Group:             clk_out1_clk_wiz_0
  Path Type:              Hold (Min at Fast Process Corner)
  Requirement:            0.000ns  (clk_out1_clk_wiz_0 rise@0.000ns - clk_out1_clk_wiz_0 rise@0.000ns)
  Data Path Delay:        0.187ns  (logic 0.128ns (68.397%)  route 0.059ns (31.603%))
  Logic Levels:           0  
  Clock Path Skew:        0.013ns (DCD - SCD - CPR)
    Destination Clock Delay (DCD):    0.915ns
    Source Clock Delay      (SCD):    0.644ns
    Clock Pessimism Removal (CPR):    0.258ns

    Location             Delay type                Incr(ns)  Path(ns)    Netlist Resource(s)
  -------------------------------------------------------------------    -------------------
                         (clock clk_out1_clk_wiz_0 rise edge)
                                                      0.000     0.000 r  
    BUFGCTRL_X0Y2        BUFG                         0.000     0.000 r  clk_IBUF_BUFG_inst/O
                         net (fo=319, routed)         0.745     0.745    datapath/video_inst/mmcm_adv_inst_display_clocks/inst/clk_in1
    MMCME2_ADV_X1Y0      MMCME2_ADV (Prop_mmcme2_adv_CLKIN1_CLKOUT0)
                                                     -1.683    -0.938 r  datapath/video_inst/mmcm_adv_inst_display_clocks/inst/mmcm_adv_inst/CLKOUT0
                         net (fo=1, routed)           0.912    -0.026    datapath/video_inst/mmcm_adv_inst_display_clocks/inst/clk_out1_clk_wiz_0
    BUFGCTRL_X0Y4        BUFG (Prop_bufg_I_O)         0.026    -0.000 r  datapath/video_inst/mmcm_adv_inst_display_clocks/inst/clkout1_buf/O
                         net (fo=83, routed)          0.644     0.644    datapath/video_inst/inst_dvid/TDMS_encoder_red/clk_out1
    SLICE_X160Y134       FDSE                                         r  datapath/video_inst/inst_dvid/TDMS_encoder_red/encoded_reg[2]/C
  -------------------------------------------------------------------    -------------------
    SLICE_X160Y134       FDSE (Prop_fdse_C_Q)         0.128     0.772 r  datapath/video_inst/inst_dvid/TDMS_encoder_red/encoded_reg[2]/Q
                         net (fo=1, routed)           0.059     0.831    datapath/video_inst/inst_dvid/TDMS_encoder_red_n_2
    SLICE_X161Y134       FDRE                                         r  datapath/video_inst/inst_dvid/latched_red_reg[2]/D
  -------------------------------------------------------------------    -------------------

                         (clock clk_out1_clk_wiz_0 rise edge)
                                                      0.000     0.000 r  
    BUFGCTRL_X0Y2        BUFG                         0.000     0.000 r  clk_IBUF_BUFG_inst/O
                         net (fo=319, routed)         1.022     1.022    datapath/video_inst/mmcm_adv_inst_display_clocks/inst/clk_in1
    MMCME2_ADV_X1Y0      MMCME2_ADV (Prop_mmcme2_adv_CLKIN1_CLKOUT0)
                                                     -2.040    -1.018 r  datapath/video_inst/mmcm_adv_inst_display_clocks/inst/mmcm_adv_inst/CLKOUT0
                         net (fo=1, routed)           0.989    -0.029    datapath/video_inst/mmcm_adv_inst_display_clocks/inst/clk_out1_clk_wiz_0
    BUFGCTRL_X0Y4        BUFG (Prop_bufg_I_O)         0.029    -0.000 r  datapath/video_inst/mmcm_adv_inst_display_clocks/inst/clkout1_buf/O
                         net (fo=83, routed)          0.915     0.915    datapath/video_inst/inst_dvid/clk_out1
    SLICE_X161Y134       FDRE                                         r  datapath/video_inst/inst_dvid/latched_red_reg[2]/C
                         clock pessimism             -0.258     0.657    
    SLICE_X161Y134       FDRE (Hold_fdre_C_D)         0.016     0.673    datapath/video_inst/inst_dvid/latched_red_reg[2]
  -------------------------------------------------------------------
                         required time                         -0.673    
                         arrival time                           0.831    
  -------------------------------------------------------------------
                         slack                                  0.158    

Slack (MET) :             0.169ns  (arrival time - required time)
  Source:                 datapath/video_inst/Inst_vga/vga_signal_generator_Final/vertical_counter/processQ_reg[2]/C
                            (rising edge-triggered cell FDRE clocked by clk_out1_clk_wiz_0  {rise@0.000ns fall@20.000ns period=40.000ns})
  Destination:            datapath/video_inst/Inst_vga/vga_signal_generator_Final/position_reg[row][2]/D
                            (rising edge-triggered cell FDRE clocked by clk_out1_clk_wiz_0  {rise@0.000ns fall@20.000ns period=40.000ns})
  Path Group:             clk_out1_clk_wiz_0
  Path Type:              Hold (Min at Fast Process Corner)
  Requirement:            0.000ns  (clk_out1_clk_wiz_0 rise@0.000ns - clk_out1_clk_wiz_0 rise@0.000ns)
  Data Path Delay:        0.280ns  (logic 0.141ns (50.415%)  route 0.139ns (49.585%))
  Logic Levels:           0  
  Clock Path Skew:        0.036ns (DCD - SCD - CPR)
    Destination Clock Delay (DCD):    0.910ns
    Source Clock Delay      (SCD):    0.640ns
    Clock Pessimism Removal (CPR):    0.234ns

    Location             Delay type                Incr(ns)  Path(ns)    Netlist Resource(s)
  -------------------------------------------------------------------    -------------------
                         (clock clk_out1_clk_wiz_0 rise edge)
                                                      0.000     0.000 r  
    BUFGCTRL_X0Y2        BUFG                         0.000     0.000 r  clk_IBUF_BUFG_inst/O
                         net (fo=319, routed)         0.745     0.745    datapath/video_inst/mmcm_adv_inst_display_clocks/inst/clk_in1
    MMCME2_ADV_X1Y0      MMCME2_ADV (Prop_mmcme2_adv_CLKIN1_CLKOUT0)
                                                     -1.683    -0.938 r  datapath/video_inst/mmcm_adv_inst_display_clocks/inst/mmcm_adv_inst/CLKOUT0
                         net (fo=1, routed)           0.912    -0.026    datapath/video_inst/mmcm_adv_inst_display_clocks/inst/clk_out1_clk_wiz_0
    BUFGCTRL_X0Y4        BUFG (Prop_bufg_I_O)         0.026    -0.000 r  datapath/video_inst/mmcm_adv_inst_display_clocks/inst/clkout1_buf/O
                         net (fo=83, routed)          0.640     0.640    datapath/video_inst/Inst_vga/vga_signal_generator_Final/vertical_counter/clk_out1
    SLICE_X161Y130       FDRE                                         r  datapath/video_inst/Inst_vga/vga_signal_generator_Final/vertical_counter/processQ_reg[2]/C
  -------------------------------------------------------------------    -------------------
    SLICE_X161Y130       FDRE (Prop_fdre_C_Q)         0.141     0.781 r  datapath/video_inst/Inst_vga/vga_signal_generator_Final/vertical_counter/processQ_reg[2]/Q
                         net (fo=9, routed)           0.139     0.919    datapath/video_inst/Inst_vga/vga_signal_generator_Final/current_pos[row][2]
    SLICE_X159Y130       FDRE                                         r  datapath/video_inst/Inst_vga/vga_signal_generator_Final/position_reg[row][2]/D
  -------------------------------------------------------------------    -------------------

                         (clock clk_out1_clk_wiz_0 rise edge)
                                                      0.000     0.000 r  
    BUFGCTRL_X0Y2        BUFG                         0.000     0.000 r  clk_IBUF_BUFG_inst/O
                         net (fo=319, routed)         1.022     1.022    datapath/video_inst/mmcm_adv_inst_display_clocks/inst/clk_in1
    MMCME2_ADV_X1Y0      MMCME2_ADV (Prop_mmcme2_adv_CLKIN1_CLKOUT0)
                                                     -2.040    -1.018 r  datapath/video_inst/mmcm_adv_inst_display_clocks/inst/mmcm_adv_inst/CLKOUT0
                         net (fo=1, routed)           0.989    -0.029    datapath/video_inst/mmcm_adv_inst_display_clocks/inst/clk_out1_clk_wiz_0
    BUFGCTRL_X0Y4        BUFG (Prop_bufg_I_O)         0.029    -0.000 r  datapath/video_inst/mmcm_adv_inst_display_clocks/inst/clkout1_buf/O
                         net (fo=83, routed)          0.910     0.910    datapath/video_inst/Inst_vga/vga_signal_generator_Final/clk_out1
    SLICE_X159Y130       FDRE                                         r  datapath/video_inst/Inst_vga/vga_signal_generator_Final/position_reg[row][2]/C
                         clock pessimism             -0.234     0.676    
    SLICE_X159Y130       FDRE (Hold_fdre_C_D)         0.075     0.751    datapath/video_inst/Inst_vga/vga_signal_generator_Final/position_reg[row][2]
  -------------------------------------------------------------------
                         required time                         -0.751    
                         arrival time                           0.919    
  -------------------------------------------------------------------
                         slack                                  0.169    

Slack (MET) :             0.172ns  (arrival time - required time)
  Source:                 datapath/video_inst/Inst_vga/vga_signal_generator_Final/horizontal_counter/processQ_reg[0]/C
                            (rising edge-triggered cell FDRE clocked by clk_out1_clk_wiz_0  {rise@0.000ns fall@20.000ns period=40.000ns})
  Destination:            datapath/video_inst/Inst_vga/vga_signal_generator_Final/position_reg[col][0]/D
                            (rising edge-triggered cell FDRE clocked by clk_out1_clk_wiz_0  {rise@0.000ns fall@20.000ns period=40.000ns})
  Path Group:             clk_out1_clk_wiz_0
  Path Type:              Hold (Min at Fast Process Corner)
  Requirement:            0.000ns  (clk_out1_clk_wiz_0 rise@0.000ns - clk_out1_clk_wiz_0 rise@0.000ns)
  Data Path Delay:        0.266ns  (logic 0.141ns (52.969%)  route 0.125ns (47.031%))
  Logic Levels:           0  
  Clock Path Skew:        0.035ns (DCD - SCD - CPR)
    Destination Clock Delay (DCD):    0.882ns
    Source Clock Delay      (SCD):    0.613ns
    Clock Pessimism Removal (CPR):    0.234ns

    Location             Delay type                Incr(ns)  Path(ns)    Netlist Resource(s)
  -------------------------------------------------------------------    -------------------
                         (clock clk_out1_clk_wiz_0 rise edge)
                                                      0.000     0.000 r  
    BUFGCTRL_X0Y2        BUFG                         0.000     0.000 r  clk_IBUF_BUFG_inst/O
                         net (fo=319, routed)         0.745     0.745    datapath/video_inst/mmcm_adv_inst_display_clocks/inst/clk_in1
    MMCME2_ADV_X1Y0      MMCME2_ADV (Prop_mmcme2_adv_CLKIN1_CLKOUT0)
                                                     -1.683    -0.938 r  datapath/video_inst/mmcm_adv_inst_display_clocks/inst/mmcm_adv_inst/CLKOUT0
                         net (fo=1, routed)           0.912    -0.026    datapath/video_inst/mmcm_adv_inst_display_clocks/inst/clk_out1_clk_wiz_0
    BUFGCTRL_X0Y4        BUFG (Prop_bufg_I_O)         0.026    -0.000 r  datapath/video_inst/mmcm_adv_inst_display_clocks/inst/clkout1_buf/O
                         net (fo=83, routed)          0.613     0.613    datapath/video_inst/Inst_vga/vga_signal_generator_Final/horizontal_counter/clk_out1
    SLICE_X153Y130       FDRE                                         r  datapath/video_inst/Inst_vga/vga_signal_generator_Final/horizontal_counter/processQ_reg[0]/C
  -------------------------------------------------------------------    -------------------
    SLICE_X153Y130       FDRE (Prop_fdre_C_Q)         0.141     0.754 r  datapath/video_inst/Inst_vga/vga_signal_generator_Final/horizontal_counter/processQ_reg[0]/Q
                         net (fo=8, routed)           0.125     0.879    datapath/video_inst/Inst_vga/vga_signal_generator_Final/current_pos[col][0]
    SLICE_X154Y129       FDRE                                         r  datapath/video_inst/Inst_vga/vga_signal_generator_Final/position_reg[col][0]/D
  -------------------------------------------------------------------    -------------------

                         (clock clk_out1_clk_wiz_0 rise edge)
                                                      0.000     0.000 r  
    BUFGCTRL_X0Y2        BUFG                         0.000     0.000 r  clk_IBUF_BUFG_inst/O
                         net (fo=319, routed)         1.022     1.022    datapath/video_inst/mmcm_adv_inst_display_clocks/inst/clk_in1
    MMCME2_ADV_X1Y0      MMCME2_ADV (Prop_mmcme2_adv_CLKIN1_CLKOUT0)
                                                     -2.040    -1.018 r  datapath/video_inst/mmcm_adv_inst_display_clocks/inst/mmcm_adv_inst/CLKOUT0
                         net (fo=1, routed)           0.989    -0.029    datapath/video_inst/mmcm_adv_inst_display_clocks/inst/clk_out1_clk_wiz_0
    BUFGCTRL_X0Y4        BUFG (Prop_bufg_I_O)         0.029    -0.000 r  datapath/video_inst/mmcm_adv_inst_display_clocks/inst/clkout1_buf/O
                         net (fo=83, routed)          0.882     0.882    datapath/video_inst/Inst_vga/vga_signal_generator_Final/clk_out1
    SLICE_X154Y129       FDRE                                         r  datapath/video_inst/Inst_vga/vga_signal_generator_Final/position_reg[col][0]/C
                         clock pessimism             -0.234     0.648    
    SLICE_X154Y129       FDRE (Hold_fdre_C_D)         0.059     0.707    datapath/video_inst/Inst_vga/vga_signal_generator_Final/position_reg[col][0]
  -------------------------------------------------------------------
                         required time                         -0.707    
                         arrival time                           0.879    
  -------------------------------------------------------------------
                         slack                                  0.172    

Slack (MET) :             0.179ns  (arrival time - required time)
  Source:                 datapath/video_inst/inst_dvid/TDMS_encoder_blue/encoded_reg[8]/C
                            (rising edge-triggered cell FDRE clocked by clk_out1_clk_wiz_0  {rise@0.000ns fall@20.000ns period=40.000ns})
  Destination:            datapath/video_inst/inst_dvid/latched_blue_reg[8]/D
                            (rising edge-triggered cell FDRE clocked by clk_out1_clk_wiz_0  {rise@0.000ns fall@20.000ns period=40.000ns})
  Path Group:             clk_out1_clk_wiz_0
  Path Type:              Hold (Min at Fast Process Corner)
  Requirement:            0.000ns  (clk_out1_clk_wiz_0 rise@0.000ns - clk_out1_clk_wiz_0 rise@0.000ns)
  Data Path Delay:        0.245ns  (logic 0.141ns (57.585%)  route 0.104ns (42.415%))
  Logic Levels:           0  
  Clock Path Skew:        0.014ns (DCD - SCD - CPR)
    Destination Clock Delay (DCD):    0.913ns
    Source Clock Delay      (SCD):    0.642ns
    Clock Pessimism Removal (CPR):    0.257ns

    Location             Delay type                Incr(ns)  Path(ns)    Netlist Resource(s)
  -------------------------------------------------------------------    -------------------
                         (clock clk_out1_clk_wiz_0 rise edge)
                                                      0.000     0.000 r  
    BUFGCTRL_X0Y2        BUFG                         0.000     0.000 r  clk_IBUF_BUFG_inst/O
                         net (fo=319, routed)         0.745     0.745    datapath/video_inst/mmcm_adv_inst_display_clocks/inst/clk_in1
    MMCME2_ADV_X1Y0      MMCME2_ADV (Prop_mmcme2_adv_CLKIN1_CLKOUT0)
                                                     -1.683    -0.938 r  datapath/video_inst/mmcm_adv_inst_display_clocks/inst/mmcm_adv_inst/CLKOUT0
                         net (fo=1, routed)           0.912    -0.026    datapath/video_inst/mmcm_adv_inst_display_clocks/inst/clk_out1_clk_wiz_0
    BUFGCTRL_X0Y4        BUFG (Prop_bufg_I_O)         0.026    -0.000 r  datapath/video_inst/mmcm_adv_inst_display_clocks/inst/clkout1_buf/O
                         net (fo=83, routed)          0.642     0.642    datapath/video_inst/inst_dvid/TDMS_encoder_blue/clk_out1
    SLICE_X160Y132       FDRE                                         r  datapath/video_inst/inst_dvid/TDMS_encoder_blue/encoded_reg[8]/C
  -------------------------------------------------------------------    -------------------
    SLICE_X160Y132       FDRE (Prop_fdre_C_Q)         0.141     0.783 r  datapath/video_inst/inst_dvid/TDMS_encoder_blue/encoded_reg[8]/Q
                         net (fo=1, routed)           0.104     0.886    datapath/video_inst/inst_dvid/TDMS_encoder_blue_n_3
    SLICE_X162Y132       FDRE                                         r  datapath/video_inst/inst_dvid/latched_blue_reg[8]/D
  -------------------------------------------------------------------    -------------------

                         (clock clk_out1_clk_wiz_0 rise edge)
                                                      0.000     0.000 r  
    BUFGCTRL_X0Y2        BUFG                         0.000     0.000 r  clk_IBUF_BUFG_inst/O
                         net (fo=319, routed)         1.022     1.022    datapath/video_inst/mmcm_adv_inst_display_clocks/inst/clk_in1
    MMCME2_ADV_X1Y0      MMCME2_ADV (Prop_mmcme2_adv_CLKIN1_CLKOUT0)
                                                     -2.040    -1.018 r  datapath/video_inst/mmcm_adv_inst_display_clocks/inst/mmcm_adv_inst/CLKOUT0
                         net (fo=1, routed)           0.989    -0.029    datapath/video_inst/mmcm_adv_inst_display_clocks/inst/clk_out1_clk_wiz_0
    BUFGCTRL_X0Y4        BUFG (Prop_bufg_I_O)         0.029    -0.000 r  datapath/video_inst/mmcm_adv_inst_display_clocks/inst/clkout1_buf/O
                         net (fo=83, routed)          0.913     0.913    datapath/video_inst/inst_dvid/clk_out1
    SLICE_X162Y132       FDRE                                         r  datapath/video_inst/inst_dvid/latched_blue_reg[8]/C
                         clock pessimism             -0.257     0.656    
    SLICE_X162Y132       FDRE (Hold_fdre_C_D)         0.052     0.708    datapath/video_inst/inst_dvid/latched_blue_reg[8]
  -------------------------------------------------------------------
                         required time                         -0.708    
                         arrival time                           0.886    
  -------------------------------------------------------------------
                         slack                                  0.179    

Slack (MET) :             0.185ns  (arrival time - required time)
  Source:                 datapath/video_inst/Inst_vga/vga_signal_generator_Final/horizontal_counter/processQ_reg[0]/C
                            (rising edge-triggered cell FDRE clocked by clk_out1_clk_wiz_0  {rise@0.000ns fall@20.000ns period=40.000ns})
  Destination:            datapath/video_inst/Inst_vga/vga_signal_generator_Final/horizontal_counter/processQ_reg[5]/D
                            (rising edge-triggered cell FDRE clocked by clk_out1_clk_wiz_0  {rise@0.000ns fall@20.000ns period=40.000ns})
  Path Group:             clk_out1_clk_wiz_0
  Path Type:              Hold (Min at Fast Process Corner)
  Requirement:            0.000ns  (clk_out1_clk_wiz_0 rise@0.000ns - clk_out1_clk_wiz_0 rise@0.000ns)
  Data Path Delay:        0.342ns  (logic 0.186ns (54.360%)  route 0.156ns (45.640%))
  Logic Levels:           1  (LUT6=1)
  Clock Path Skew:        0.036ns (DCD - SCD - CPR)
    Destination Clock Delay (DCD):    0.883ns
    Source Clock Delay      (SCD):    0.613ns
    Clock Pessimism Removal (CPR):    0.234ns

    Location             Delay type                Incr(ns)  Path(ns)    Netlist Resource(s)
  -------------------------------------------------------------------    -------------------
                         (clock clk_out1_clk_wiz_0 rise edge)
                                                      0.000     0.000 r  
    BUFGCTRL_X0Y2        BUFG                         0.000     0.000 r  clk_IBUF_BUFG_inst/O
                         net (fo=319, routed)         0.745     0.745    datapath/video_inst/mmcm_adv_inst_display_clocks/inst/clk_in1
    MMCME2_ADV_X1Y0      MMCME2_ADV (Prop_mmcme2_adv_CLKIN1_CLKOUT0)
                                                     -1.683    -0.938 r  datapath/video_inst/mmcm_adv_inst_display_clocks/inst/mmcm_adv_inst/CLKOUT0
                         net (fo=1, routed)           0.912    -0.026    datapath/video_inst/mmcm_adv_inst_display_clocks/inst/clk_out1_clk_wiz_0
    BUFGCTRL_X0Y4        BUFG (Prop_bufg_I_O)         0.026    -0.000 r  datapath/video_inst/mmcm_adv_inst_display_clocks/inst/clkout1_buf/O
                         net (fo=83, routed)          0.613     0.613    datapath/video_inst/Inst_vga/vga_signal_generator_Final/horizontal_counter/clk_out1
    SLICE_X153Y130       FDRE                                         r  datapath/video_inst/Inst_vga/vga_signal_generator_Final/horizontal_counter/processQ_reg[0]/C
  -------------------------------------------------------------------    -------------------
    SLICE_X153Y130       FDRE (Prop_fdre_C_Q)         0.141     0.754 r  datapath/video_inst/Inst_vga/vga_signal_generator_Final/horizontal_counter/processQ_reg[0]/Q
                         net (fo=8, routed)           0.156     0.910    datapath/video_inst/Inst_vga/vga_signal_generator_Final/horizontal_counter/Q[0]
    SLICE_X154Y130       LUT6 (Prop_lut6_I2_O)        0.045     0.955 r  datapath/video_inst/Inst_vga/vga_signal_generator_Final/horizontal_counter/processQ[5]_i_1/O
                         net (fo=1, routed)           0.000     0.955    datapath/video_inst/Inst_vga/vga_signal_generator_Final/horizontal_counter/plusOp[5]
    SLICE_X154Y130       FDRE                                         r  datapath/video_inst/Inst_vga/vga_signal_generator_Final/horizontal_counter/processQ_reg[5]/D
  -------------------------------------------------------------------    -------------------

                         (clock clk_out1_clk_wiz_0 rise edge)
                                                      0.000     0.000 r  
    BUFGCTRL_X0Y2        BUFG                         0.000     0.000 r  clk_IBUF_BUFG_inst/O
                         net (fo=319, routed)         1.022     1.022    datapath/video_inst/mmcm_adv_inst_display_clocks/inst/clk_in1
    MMCME2_ADV_X1Y0      MMCME2_ADV (Prop_mmcme2_adv_CLKIN1_CLKOUT0)
                                                     -2.040    -1.018 r  datapath/video_inst/mmcm_adv_inst_display_clocks/inst/mmcm_adv_inst/CLKOUT0
                         net (fo=1, routed)           0.989    -0.029    datapath/video_inst/mmcm_adv_inst_display_clocks/inst/clk_out1_clk_wiz_0
    BUFGCTRL_X0Y4        BUFG (Prop_bufg_I_O)         0.029    -0.000 r  datapath/video_inst/mmcm_adv_inst_display_clocks/inst/clkout1_buf/O
                         net (fo=83, routed)          0.883     0.883    datapath/video_inst/Inst_vga/vga_signal_generator_Final/horizontal_counter/clk_out1
    SLICE_X154Y130       FDRE                                         r  datapath/video_inst/Inst_vga/vga_signal_generator_Final/horizontal_counter/processQ_reg[5]/C
                         clock pessimism             -0.234     0.649    
    SLICE_X154Y130       FDRE (Hold_fdre_C_D)         0.121     0.770    datapath/video_inst/Inst_vga/vga_signal_generator_Final/horizontal_counter/processQ_reg[5]
  -------------------------------------------------------------------
                         required time                         -0.770    
                         arrival time                           0.955    
  -------------------------------------------------------------------
                         slack                                  0.185    





Pulse Width Checks
--------------------------------------------------------------------------------------
Clock Name:         clk_out1_clk_wiz_0
Waveform(ns):       { 0.000 20.000 }
Period(ns):         40.000
Sources:            { datapath/video_inst/mmcm_adv_inst_display_clocks/inst/mmcm_adv_inst/CLKOUT0 }

Check Type        Corner  Lib Pin             Reference Pin  Required(ns)  Actual(ns)  Slack(ns)  Location         Pin
Min Period        n/a     BUFG/I              n/a            2.155         40.000      37.845     BUFGCTRL_X0Y4    datapath/video_inst/mmcm_adv_inst_display_clocks/inst/clkout1_buf/I
Min Period        n/a     MMCME2_ADV/CLKOUT0  n/a            1.249         40.000      38.751     MMCME2_ADV_X1Y0  datapath/video_inst/mmcm_adv_inst_display_clocks/inst/mmcm_adv_inst/CLKOUT0
Min Period        n/a     FDRE/C              n/a            1.000         40.000      39.000     SLICE_X154Y129   datapath/video_inst/Inst_vga/vga_signal_generator_Final/position_reg[col][0]/C
Min Period        n/a     FDRE/C              n/a            1.000         40.000      39.000     SLICE_X154Y129   datapath/video_inst/Inst_vga/vga_signal_generator_Final/position_reg[col][1]/C
Min Period        n/a     FDRE/C              n/a            1.000         40.000      39.000     SLICE_X154Y129   datapath/video_inst/Inst_vga/vga_signal_generator_Final/position_reg[col][2]/C
Min Period        n/a     FDRE/C              n/a            1.000         40.000      39.000     SLICE_X154Y129   datapath/video_inst/Inst_vga/vga_signal_generator_Final/position_reg[col][3]/C
Min Period        n/a     FDRE/C              n/a            1.000         40.000      39.000     SLICE_X156Y129   datapath/video_inst/Inst_vga/vga_signal_generator_Final/position_reg[col][4]/C
Min Period        n/a     FDRE/C              n/a            1.000         40.000      39.000     SLICE_X156Y129   datapath/video_inst/Inst_vga/vga_signal_generator_Final/position_reg[col][5]/C
Min Period        n/a     FDRE/C              n/a            1.000         40.000      39.000     SLICE_X158Y130   datapath/video_inst/Inst_vga/vga_signal_generator_Final/position_reg[col][6]/C
Min Period        n/a     FDRE/C              n/a            1.000         40.000      39.000     SLICE_X158Y130   datapath/video_inst/Inst_vga/vga_signal_generator_Final/position_reg[col][7]/C
Max Period        n/a     MMCME2_ADV/CLKOUT0  n/a            213.360       40.000      173.360    MMCME2_ADV_X1Y0  datapath/video_inst/mmcm_adv_inst_display_clocks/inst/mmcm_adv_inst/CLKOUT0
Low Pulse Width   Slow    FDRE/C              n/a            0.500         20.000      19.500     SLICE_X154Y129   datapath/video_inst/Inst_vga/vga_signal_generator_Final/position_reg[col][0]/C
Low Pulse Width   Fast    FDRE/C              n/a            0.500         20.000      19.500     SLICE_X154Y129   datapath/video_inst/Inst_vga/vga_signal_generator_Final/position_reg[col][0]/C
Low Pulse Width   Slow    FDRE/C              n/a            0.500         20.000      19.500     SLICE_X154Y129   datapath/video_inst/Inst_vga/vga_signal_generator_Final/position_reg[col][1]/C
Low Pulse Width   Fast    FDRE/C              n/a            0.500         20.000      19.500     SLICE_X154Y129   datapath/video_inst/Inst_vga/vga_signal_generator_Final/position_reg[col][1]/C
Low Pulse Width   Slow    FDRE/C              n/a            0.500         20.000      19.500     SLICE_X154Y129   datapath/video_inst/Inst_vga/vga_signal_generator_Final/position_reg[col][2]/C
Low Pulse Width   Fast    FDRE/C              n/a            0.500         20.000      19.500     SLICE_X154Y129   datapath/video_inst/Inst_vga/vga_signal_generator_Final/position_reg[col][2]/C
Low Pulse Width   Slow    FDRE/C              n/a            0.500         20.000      19.500     SLICE_X154Y129   datapath/video_inst/Inst_vga/vga_signal_generator_Final/position_reg[col][3]/C
Low Pulse Width   Fast    FDRE/C              n/a            0.500         20.000      19.500     SLICE_X154Y129   datapath/video_inst/Inst_vga/vga_signal_generator_Final/position_reg[col][3]/C
Low Pulse Width   Slow    FDRE/C              n/a            0.500         20.000      19.500     SLICE_X156Y129   datapath/video_inst/Inst_vga/vga_signal_generator_Final/position_reg[col][4]/C
Low Pulse Width   Fast    FDRE/C              n/a            0.500         20.000      19.500     SLICE_X156Y129   datapath/video_inst/Inst_vga/vga_signal_generator_Final/position_reg[col][4]/C
High Pulse Width  Slow    FDRE/C              n/a            0.500         20.000      19.500     SLICE_X154Y129   datapath/video_inst/Inst_vga/vga_signal_generator_Final/position_reg[col][0]/C
High Pulse Width  Fast    FDRE/C              n/a            0.500         20.000      19.500     SLICE_X154Y129   datapath/video_inst/Inst_vga/vga_signal_generator_Final/position_reg[col][0]/C
High Pulse Width  Slow    FDRE/C              n/a            0.500         20.000      19.500     SLICE_X154Y129   datapath/video_inst/Inst_vga/vga_signal_generator_Final/position_reg[col][1]/C
High Pulse Width  Fast    FDRE/C              n/a            0.500         20.000      19.500     SLICE_X154Y129   datapath/video_inst/Inst_vga/vga_signal_generator_Final/position_reg[col][1]/C
High Pulse Width  Slow    FDRE/C              n/a            0.500         20.000      19.500     SLICE_X154Y129   datapath/video_inst/Inst_vga/vga_signal_generator_Final/position_reg[col][2]/C
High Pulse Width  Fast    FDRE/C              n/a            0.500         20.000      19.500     SLICE_X154Y129   datapath/video_inst/Inst_vga/vga_signal_generator_Final/position_reg[col][2]/C
High Pulse Width  Slow    FDRE/C              n/a            0.500         20.000      19.500     SLICE_X154Y129   datapath/video_inst/Inst_vga/vga_signal_generator_Final/position_reg[col][3]/C
High Pulse Width  Fast    FDRE/C              n/a            0.500         20.000      19.500     SLICE_X154Y129   datapath/video_inst/Inst_vga/vga_signal_generator_Final/position_reg[col][3]/C
High Pulse Width  Slow    FDRE/C              n/a            0.500         20.000      19.500     SLICE_X156Y129   datapath/video_inst/Inst_vga/vga_signal_generator_Final/position_reg[col][4]/C
High Pulse Width  Fast    FDRE/C              n/a            0.500         20.000      19.500     SLICE_X156Y129   datapath/video_inst/Inst_vga/vga_signal_generator_Final/position_reg[col][4]/C



---------------------------------------------------------------------------------------------------
From Clock:  clk_out2_clk_wiz_0
  To Clock:  clk_out2_clk_wiz_0

Setup :            0  Failing Endpoints,  Worst Slack        3.509ns,  Total Violation        0.000ns
Hold  :            0  Failing Endpoints,  Worst Slack        0.141ns,  Total Violation        0.000ns
PW    :            0  Failing Endpoints,  Worst Slack        3.500ns,  Total Violation        0.000ns
---------------------------------------------------------------------------------------------------


Max Delay Paths
--------------------------------------------------------------------------------------
Slack (MET) :             3.509ns  (required time - arrival time)
  Source:                 datapath/video_inst/inst_dvid/shift_clock_reg[7]/C
                            (rising edge-triggered cell FDRE clocked by clk_out2_clk_wiz_0  {rise@0.000ns fall@4.000ns period=8.000ns})
  Destination:            datapath/video_inst/inst_dvid/shift_red_reg[0]/S
                            (rising edge-triggered cell FDSE clocked by clk_out2_clk_wiz_0  {rise@0.000ns fall@4.000ns period=8.000ns})
  Path Group:             clk_out2_clk_wiz_0
  Path Type:              Setup (Max at Slow Process Corner)
  Requirement:            8.000ns  (clk_out2_clk_wiz_0 rise@8.000ns - clk_out2_clk_wiz_0 rise@0.000ns)
  Data Path Delay:        3.858ns  (logic 0.890ns (23.069%)  route 2.968ns (76.931%))
  Logic Levels:           3  (LUT2=1 LUT5=1 LUT6=1)
  Clock Path Skew:        -0.037ns (DCD - SCD + CPR)
    Destination Clock Delay (DCD):    1.707ns = ( 9.707 - 8.000 ) 
    Source Clock Delay      (SCD):    1.833ns
    Clock Pessimism Removal (CPR):    0.089ns
  Clock Uncertainty:      0.072ns  ((TSJ^2 + DJ^2)^1/2) / 2 + PE
    Total System Jitter     (TSJ):    0.071ns
    Discrete Jitter          (DJ):    0.125ns
    Phase Error              (PE):    0.000ns

    Location             Delay type                Incr(ns)  Path(ns)    Netlist Resource(s)
  -------------------------------------------------------------------    -------------------
                         (clock clk_out2_clk_wiz_0 rise edge)
                                                      0.000     0.000 r  
    BUFGCTRL_X0Y2        BUFG                         0.000     0.000 r  clk_IBUF_BUFG_inst/O
                         net (fo=319, routed)         2.106     2.106    datapath/video_inst/mmcm_adv_inst_display_clocks/inst/clk_in1
    MMCME2_ADV_X1Y0      MMCME2_ADV (Prop_mmcme2_adv_CLKIN1_CLKOUT1)
                                                     -4.900    -2.793 r  datapath/video_inst/mmcm_adv_inst_display_clocks/inst/mmcm_adv_inst/CLKOUT1
                         net (fo=1, routed)           2.697    -0.096    datapath/video_inst/mmcm_adv_inst_display_clocks/inst/clk_out2_clk_wiz_0
    BUFGCTRL_X0Y0        BUFG (Prop_bufg_I_O)         0.096    -0.000 r  datapath/video_inst/mmcm_adv_inst_display_clocks/inst/clkout2_buf/O
                         net (fo=44, routed)          1.833     1.833    datapath/video_inst/inst_dvid/clk_out2
    SLICE_X162Y148       FDRE                                         r  datapath/video_inst/inst_dvid/shift_clock_reg[7]/C
  -------------------------------------------------------------------    -------------------
    SLICE_X162Y148       FDRE (Prop_fdre_C_Q)         0.518     2.351 f  datapath/video_inst/inst_dvid/shift_clock_reg[7]/Q
                         net (fo=2, routed)           0.829     3.180    datapath/video_inst/inst_dvid/shift_clock_reg_n_0_[7]
    SLICE_X162Y148       LUT6 (Prop_lut6_I3_O)        0.124     3.304 f  datapath/video_inst/inst_dvid/shift_red[9]_i_2/O
                         net (fo=1, routed)           0.307     3.612    datapath/video_inst/inst_dvid/shift_red[9]_i_2_n_0
    SLICE_X162Y147       LUT5 (Prop_lut5_I0_O)        0.124     3.736 f  datapath/video_inst/inst_dvid/shift_red[9]_i_1/O
                         net (fo=31, routed)          1.302     5.038    datapath/video_inst/inst_dvid/shift_red[9]_i_1_n_0
    SLICE_X162Y134       LUT2 (Prop_lut2_I1_O)        0.124     5.162 r  datapath/video_inst/inst_dvid/shift_red[7]_i_1/O
                         net (fo=5, routed)           0.529     5.691    datapath/video_inst/inst_dvid/shift_red[7]_i_1_n_0
    SLICE_X162Y134       FDSE                                         r  datapath/video_inst/inst_dvid/shift_red_reg[0]/S
  -------------------------------------------------------------------    -------------------

                         (clock clk_out2_clk_wiz_0 rise edge)
                                                      8.000     8.000 r  
    BUFGCTRL_X0Y2        BUFG                         0.000     8.000 r  clk_IBUF_BUFG_inst/O
                         net (fo=319, routed)         1.972     9.972    datapath/video_inst/mmcm_adv_inst_display_clocks/inst/clk_in1
    MMCME2_ADV_X1Y0      MMCME2_ADV (Prop_mmcme2_adv_CLKIN1_CLKOUT1)
                                                     -4.637     5.335 r  datapath/video_inst/mmcm_adv_inst_display_clocks/inst/mmcm_adv_inst/CLKOUT1
                         net (fo=1, routed)           2.574     7.909    datapath/video_inst/mmcm_adv_inst_display_clocks/inst/clk_out2_clk_wiz_0
    BUFGCTRL_X0Y0        BUFG (Prop_bufg_I_O)         0.091     8.000 r  datapath/video_inst/mmcm_adv_inst_display_clocks/inst/clkout2_buf/O
                         net (fo=44, routed)          1.707     9.707    datapath/video_inst/inst_dvid/clk_out2
    SLICE_X162Y134       FDSE                                         r  datapath/video_inst/inst_dvid/shift_red_reg[0]/C
                         clock pessimism              0.089     9.796    
                         clock uncertainty           -0.072     9.724    
    SLICE_X162Y134       FDSE (Setup_fdse_C_S)       -0.524     9.200    datapath/video_inst/inst_dvid/shift_red_reg[0]
  -------------------------------------------------------------------
                         required time                          9.200    
                         arrival time                          -5.691    
  -------------------------------------------------------------------
                         slack                                  3.509    

Slack (MET) :             3.509ns  (required time - arrival time)
  Source:                 datapath/video_inst/inst_dvid/shift_clock_reg[7]/C
                            (rising edge-triggered cell FDRE clocked by clk_out2_clk_wiz_0  {rise@0.000ns fall@4.000ns period=8.000ns})
  Destination:            datapath/video_inst/inst_dvid/shift_red_reg[1]/S
                            (rising edge-triggered cell FDSE clocked by clk_out2_clk_wiz_0  {rise@0.000ns fall@4.000ns period=8.000ns})
  Path Group:             clk_out2_clk_wiz_0
  Path Type:              Setup (Max at Slow Process Corner)
  Requirement:            8.000ns  (clk_out2_clk_wiz_0 rise@8.000ns - clk_out2_clk_wiz_0 rise@0.000ns)
  Data Path Delay:        3.858ns  (logic 0.890ns (23.069%)  route 2.968ns (76.931%))
  Logic Levels:           3  (LUT2=1 LUT5=1 LUT6=1)
  Clock Path Skew:        -0.037ns (DCD - SCD + CPR)
    Destination Clock Delay (DCD):    1.707ns = ( 9.707 - 8.000 ) 
    Source Clock Delay      (SCD):    1.833ns
    Clock Pessimism Removal (CPR):    0.089ns
  Clock Uncertainty:      0.072ns  ((TSJ^2 + DJ^2)^1/2) / 2 + PE
    Total System Jitter     (TSJ):    0.071ns
    Discrete Jitter          (DJ):    0.125ns
    Phase Error              (PE):    0.000ns

    Location             Delay type                Incr(ns)  Path(ns)    Netlist Resource(s)
  -------------------------------------------------------------------    -------------------
                         (clock clk_out2_clk_wiz_0 rise edge)
                                                      0.000     0.000 r  
    BUFGCTRL_X0Y2        BUFG                         0.000     0.000 r  clk_IBUF_BUFG_inst/O
                         net (fo=319, routed)         2.106     2.106    datapath/video_inst/mmcm_adv_inst_display_clocks/inst/clk_in1
    MMCME2_ADV_X1Y0      MMCME2_ADV (Prop_mmcme2_adv_CLKIN1_CLKOUT1)
                                                     -4.900    -2.793 r  datapath/video_inst/mmcm_adv_inst_display_clocks/inst/mmcm_adv_inst/CLKOUT1
                         net (fo=1, routed)           2.697    -0.096    datapath/video_inst/mmcm_adv_inst_display_clocks/inst/clk_out2_clk_wiz_0
    BUFGCTRL_X0Y0        BUFG (Prop_bufg_I_O)         0.096    -0.000 r  datapath/video_inst/mmcm_adv_inst_display_clocks/inst/clkout2_buf/O
                         net (fo=44, routed)          1.833     1.833    datapath/video_inst/inst_dvid/clk_out2
    SLICE_X162Y148       FDRE                                         r  datapath/video_inst/inst_dvid/shift_clock_reg[7]/C
  -------------------------------------------------------------------    -------------------
    SLICE_X162Y148       FDRE (Prop_fdre_C_Q)         0.518     2.351 f  datapath/video_inst/inst_dvid/shift_clock_reg[7]/Q
                         net (fo=2, routed)           0.829     3.180    datapath/video_inst/inst_dvid/shift_clock_reg_n_0_[7]
    SLICE_X162Y148       LUT6 (Prop_lut6_I3_O)        0.124     3.304 f  datapath/video_inst/inst_dvid/shift_red[9]_i_2/O
                         net (fo=1, routed)           0.307     3.612    datapath/video_inst/inst_dvid/shift_red[9]_i_2_n_0
    SLICE_X162Y147       LUT5 (Prop_lut5_I0_O)        0.124     3.736 f  datapath/video_inst/inst_dvid/shift_red[9]_i_1/O
                         net (fo=31, routed)          1.302     5.038    datapath/video_inst/inst_dvid/shift_red[9]_i_1_n_0
    SLICE_X162Y134       LUT2 (Prop_lut2_I1_O)        0.124     5.162 r  datapath/video_inst/inst_dvid/shift_red[7]_i_1/O
                         net (fo=5, routed)           0.529     5.691    datapath/video_inst/inst_dvid/shift_red[7]_i_1_n_0
    SLICE_X162Y134       FDSE                                         r  datapath/video_inst/inst_dvid/shift_red_reg[1]/S
  -------------------------------------------------------------------    -------------------

                         (clock clk_out2_clk_wiz_0 rise edge)
                                                      8.000     8.000 r  
    BUFGCTRL_X0Y2        BUFG                         0.000     8.000 r  clk_IBUF_BUFG_inst/O
                         net (fo=319, routed)         1.972     9.972    datapath/video_inst/mmcm_adv_inst_display_clocks/inst/clk_in1
    MMCME2_ADV_X1Y0      MMCME2_ADV (Prop_mmcme2_adv_CLKIN1_CLKOUT1)
                                                     -4.637     5.335 r  datapath/video_inst/mmcm_adv_inst_display_clocks/inst/mmcm_adv_inst/CLKOUT1
                         net (fo=1, routed)           2.574     7.909    datapath/video_inst/mmcm_adv_inst_display_clocks/inst/clk_out2_clk_wiz_0
    BUFGCTRL_X0Y0        BUFG (Prop_bufg_I_O)         0.091     8.000 r  datapath/video_inst/mmcm_adv_inst_display_clocks/inst/clkout2_buf/O
                         net (fo=44, routed)          1.707     9.707    datapath/video_inst/inst_dvid/clk_out2
    SLICE_X162Y134       FDSE                                         r  datapath/video_inst/inst_dvid/shift_red_reg[1]/C
                         clock pessimism              0.089     9.796    
                         clock uncertainty           -0.072     9.724    
    SLICE_X162Y134       FDSE (Setup_fdse_C_S)       -0.524     9.200    datapath/video_inst/inst_dvid/shift_red_reg[1]
  -------------------------------------------------------------------
                         required time                          9.200    
                         arrival time                          -5.691    
  -------------------------------------------------------------------
                         slack                                  3.509    

Slack (MET) :             3.509ns  (required time - arrival time)
  Source:                 datapath/video_inst/inst_dvid/shift_clock_reg[7]/C
                            (rising edge-triggered cell FDRE clocked by clk_out2_clk_wiz_0  {rise@0.000ns fall@4.000ns period=8.000ns})
  Destination:            datapath/video_inst/inst_dvid/shift_red_reg[3]/S
                            (rising edge-triggered cell FDSE clocked by clk_out2_clk_wiz_0  {rise@0.000ns fall@4.000ns period=8.000ns})
  Path Group:             clk_out2_clk_wiz_0
  Path Type:              Setup (Max at Slow Process Corner)
  Requirement:            8.000ns  (clk_out2_clk_wiz_0 rise@8.000ns - clk_out2_clk_wiz_0 rise@0.000ns)
  Data Path Delay:        3.858ns  (logic 0.890ns (23.069%)  route 2.968ns (76.931%))
  Logic Levels:           3  (LUT2=1 LUT5=1 LUT6=1)
  Clock Path Skew:        -0.037ns (DCD - SCD + CPR)
    Destination Clock Delay (DCD):    1.707ns = ( 9.707 - 8.000 ) 
    Source Clock Delay      (SCD):    1.833ns
    Clock Pessimism Removal (CPR):    0.089ns
  Clock Uncertainty:      0.072ns  ((TSJ^2 + DJ^2)^1/2) / 2 + PE
    Total System Jitter     (TSJ):    0.071ns
    Discrete Jitter          (DJ):    0.125ns
    Phase Error              (PE):    0.000ns

    Location             Delay type                Incr(ns)  Path(ns)    Netlist Resource(s)
  -------------------------------------------------------------------    -------------------
                         (clock clk_out2_clk_wiz_0 rise edge)
                                                      0.000     0.000 r  
    BUFGCTRL_X0Y2        BUFG                         0.000     0.000 r  clk_IBUF_BUFG_inst/O
                         net (fo=319, routed)         2.106     2.106    datapath/video_inst/mmcm_adv_inst_display_clocks/inst/clk_in1
    MMCME2_ADV_X1Y0      MMCME2_ADV (Prop_mmcme2_adv_CLKIN1_CLKOUT1)
                                                     -4.900    -2.793 r  datapath/video_inst/mmcm_adv_inst_display_clocks/inst/mmcm_adv_inst/CLKOUT1
                         net (fo=1, routed)           2.697    -0.096    datapath/video_inst/mmcm_adv_inst_display_clocks/inst/clk_out2_clk_wiz_0
    BUFGCTRL_X0Y0        BUFG (Prop_bufg_I_O)         0.096    -0.000 r  datapath/video_inst/mmcm_adv_inst_display_clocks/inst/clkout2_buf/O
                         net (fo=44, routed)          1.833     1.833    datapath/video_inst/inst_dvid/clk_out2
    SLICE_X162Y148       FDRE                                         r  datapath/video_inst/inst_dvid/shift_clock_reg[7]/C
  -------------------------------------------------------------------    -------------------
    SLICE_X162Y148       FDRE (Prop_fdre_C_Q)         0.518     2.351 f  datapath/video_inst/inst_dvid/shift_clock_reg[7]/Q
                         net (fo=2, routed)           0.829     3.180    datapath/video_inst/inst_dvid/shift_clock_reg_n_0_[7]
    SLICE_X162Y148       LUT6 (Prop_lut6_I3_O)        0.124     3.304 f  datapath/video_inst/inst_dvid/shift_red[9]_i_2/O
                         net (fo=1, routed)           0.307     3.612    datapath/video_inst/inst_dvid/shift_red[9]_i_2_n_0
    SLICE_X162Y147       LUT5 (Prop_lut5_I0_O)        0.124     3.736 f  datapath/video_inst/inst_dvid/shift_red[9]_i_1/O
                         net (fo=31, routed)          1.302     5.038    datapath/video_inst/inst_dvid/shift_red[9]_i_1_n_0
    SLICE_X162Y134       LUT2 (Prop_lut2_I1_O)        0.124     5.162 r  datapath/video_inst/inst_dvid/shift_red[7]_i_1/O
                         net (fo=5, routed)           0.529     5.691    datapath/video_inst/inst_dvid/shift_red[7]_i_1_n_0
    SLICE_X162Y134       FDSE                                         r  datapath/video_inst/inst_dvid/shift_red_reg[3]/S
  -------------------------------------------------------------------    -------------------

                         (clock clk_out2_clk_wiz_0 rise edge)
                                                      8.000     8.000 r  
    BUFGCTRL_X0Y2        BUFG                         0.000     8.000 r  clk_IBUF_BUFG_inst/O
                         net (fo=319, routed)         1.972     9.972    datapath/video_inst/mmcm_adv_inst_display_clocks/inst/clk_in1
    MMCME2_ADV_X1Y0      MMCME2_ADV (Prop_mmcme2_adv_CLKIN1_CLKOUT1)
                                                     -4.637     5.335 r  datapath/video_inst/mmcm_adv_inst_display_clocks/inst/mmcm_adv_inst/CLKOUT1
                         net (fo=1, routed)           2.574     7.909    datapath/video_inst/mmcm_adv_inst_display_clocks/inst/clk_out2_clk_wiz_0
    BUFGCTRL_X0Y0        BUFG (Prop_bufg_I_O)         0.091     8.000 r  datapath/video_inst/mmcm_adv_inst_display_clocks/inst/clkout2_buf/O
                         net (fo=44, routed)          1.707     9.707    datapath/video_inst/inst_dvid/clk_out2
    SLICE_X162Y134       FDSE                                         r  datapath/video_inst/inst_dvid/shift_red_reg[3]/C
                         clock pessimism              0.089     9.796    
                         clock uncertainty           -0.072     9.724    
    SLICE_X162Y134       FDSE (Setup_fdse_C_S)       -0.524     9.200    datapath/video_inst/inst_dvid/shift_red_reg[3]
  -------------------------------------------------------------------
                         required time                          9.200    
                         arrival time                          -5.691    
  -------------------------------------------------------------------
                         slack                                  3.509    

Slack (MET) :             3.509ns  (required time - arrival time)
  Source:                 datapath/video_inst/inst_dvid/shift_clock_reg[7]/C
                            (rising edge-triggered cell FDRE clocked by clk_out2_clk_wiz_0  {rise@0.000ns fall@4.000ns period=8.000ns})
  Destination:            datapath/video_inst/inst_dvid/shift_red_reg[5]/S
                            (rising edge-triggered cell FDSE clocked by clk_out2_clk_wiz_0  {rise@0.000ns fall@4.000ns period=8.000ns})
  Path Group:             clk_out2_clk_wiz_0
  Path Type:              Setup (Max at Slow Process Corner)
  Requirement:            8.000ns  (clk_out2_clk_wiz_0 rise@8.000ns - clk_out2_clk_wiz_0 rise@0.000ns)
  Data Path Delay:        3.858ns  (logic 0.890ns (23.069%)  route 2.968ns (76.931%))
  Logic Levels:           3  (LUT2=1 LUT5=1 LUT6=1)
  Clock Path Skew:        -0.037ns (DCD - SCD + CPR)
    Destination Clock Delay (DCD):    1.707ns = ( 9.707 - 8.000 ) 
    Source Clock Delay      (SCD):    1.833ns
    Clock Pessimism Removal (CPR):    0.089ns
  Clock Uncertainty:      0.072ns  ((TSJ^2 + DJ^2)^1/2) / 2 + PE
    Total System Jitter     (TSJ):    0.071ns
    Discrete Jitter          (DJ):    0.125ns
    Phase Error              (PE):    0.000ns

    Location             Delay type                Incr(ns)  Path(ns)    Netlist Resource(s)
  -------------------------------------------------------------------    -------------------
                         (clock clk_out2_clk_wiz_0 rise edge)
                                                      0.000     0.000 r  
    BUFGCTRL_X0Y2        BUFG                         0.000     0.000 r  clk_IBUF_BUFG_inst/O
                         net (fo=319, routed)         2.106     2.106    datapath/video_inst/mmcm_adv_inst_display_clocks/inst/clk_in1
    MMCME2_ADV_X1Y0      MMCME2_ADV (Prop_mmcme2_adv_CLKIN1_CLKOUT1)
                                                     -4.900    -2.793 r  datapath/video_inst/mmcm_adv_inst_display_clocks/inst/mmcm_adv_inst/CLKOUT1
                         net (fo=1, routed)           2.697    -0.096    datapath/video_inst/mmcm_adv_inst_display_clocks/inst/clk_out2_clk_wiz_0
    BUFGCTRL_X0Y0        BUFG (Prop_bufg_I_O)         0.096    -0.000 r  datapath/video_inst/mmcm_adv_inst_display_clocks/inst/clkout2_buf/O
                         net (fo=44, routed)          1.833     1.833    datapath/video_inst/inst_dvid/clk_out2
    SLICE_X162Y148       FDRE                                         r  datapath/video_inst/inst_dvid/shift_clock_reg[7]/C
  -------------------------------------------------------------------    -------------------
    SLICE_X162Y148       FDRE (Prop_fdre_C_Q)         0.518     2.351 f  datapath/video_inst/inst_dvid/shift_clock_reg[7]/Q
                         net (fo=2, routed)           0.829     3.180    datapath/video_inst/inst_dvid/shift_clock_reg_n_0_[7]
    SLICE_X162Y148       LUT6 (Prop_lut6_I3_O)        0.124     3.304 f  datapath/video_inst/inst_dvid/shift_red[9]_i_2/O
                         net (fo=1, routed)           0.307     3.612    datapath/video_inst/inst_dvid/shift_red[9]_i_2_n_0
    SLICE_X162Y147       LUT5 (Prop_lut5_I0_O)        0.124     3.736 f  datapath/video_inst/inst_dvid/shift_red[9]_i_1/O
                         net (fo=31, routed)          1.302     5.038    datapath/video_inst/inst_dvid/shift_red[9]_i_1_n_0
    SLICE_X162Y134       LUT2 (Prop_lut2_I1_O)        0.124     5.162 r  datapath/video_inst/inst_dvid/shift_red[7]_i_1/O
                         net (fo=5, routed)           0.529     5.691    datapath/video_inst/inst_dvid/shift_red[7]_i_1_n_0
    SLICE_X162Y134       FDSE                                         r  datapath/video_inst/inst_dvid/shift_red_reg[5]/S
  -------------------------------------------------------------------    -------------------

                         (clock clk_out2_clk_wiz_0 rise edge)
                                                      8.000     8.000 r  
    BUFGCTRL_X0Y2        BUFG                         0.000     8.000 r  clk_IBUF_BUFG_inst/O
                         net (fo=319, routed)         1.972     9.972    datapath/video_inst/mmcm_adv_inst_display_clocks/inst/clk_in1
    MMCME2_ADV_X1Y0      MMCME2_ADV (Prop_mmcme2_adv_CLKIN1_CLKOUT1)
                                                     -4.637     5.335 r  datapath/video_inst/mmcm_adv_inst_display_clocks/inst/mmcm_adv_inst/CLKOUT1
                         net (fo=1, routed)           2.574     7.909    datapath/video_inst/mmcm_adv_inst_display_clocks/inst/clk_out2_clk_wiz_0
    BUFGCTRL_X0Y0        BUFG (Prop_bufg_I_O)         0.091     8.000 r  datapath/video_inst/mmcm_adv_inst_display_clocks/inst/clkout2_buf/O
                         net (fo=44, routed)          1.707     9.707    datapath/video_inst/inst_dvid/clk_out2
    SLICE_X162Y134       FDSE                                         r  datapath/video_inst/inst_dvid/shift_red_reg[5]/C
                         clock pessimism              0.089     9.796    
                         clock uncertainty           -0.072     9.724    
    SLICE_X162Y134       FDSE (Setup_fdse_C_S)       -0.524     9.200    datapath/video_inst/inst_dvid/shift_red_reg[5]
  -------------------------------------------------------------------
                         required time                          9.200    
                         arrival time                          -5.691    
  -------------------------------------------------------------------
                         slack                                  3.509    

Slack (MET) :             3.509ns  (required time - arrival time)
  Source:                 datapath/video_inst/inst_dvid/shift_clock_reg[7]/C
                            (rising edge-triggered cell FDRE clocked by clk_out2_clk_wiz_0  {rise@0.000ns fall@4.000ns period=8.000ns})
  Destination:            datapath/video_inst/inst_dvid/shift_red_reg[7]/S
                            (rising edge-triggered cell FDSE clocked by clk_out2_clk_wiz_0  {rise@0.000ns fall@4.000ns period=8.000ns})
  Path Group:             clk_out2_clk_wiz_0
  Path Type:              Setup (Max at Slow Process Corner)
  Requirement:            8.000ns  (clk_out2_clk_wiz_0 rise@8.000ns - clk_out2_clk_wiz_0 rise@0.000ns)
  Data Path Delay:        3.858ns  (logic 0.890ns (23.069%)  route 2.968ns (76.931%))
  Logic Levels:           3  (LUT2=1 LUT5=1 LUT6=1)
  Clock Path Skew:        -0.037ns (DCD - SCD + CPR)
    Destination Clock Delay (DCD):    1.707ns = ( 9.707 - 8.000 ) 
    Source Clock Delay      (SCD):    1.833ns
    Clock Pessimism Removal (CPR):    0.089ns
  Clock Uncertainty:      0.072ns  ((TSJ^2 + DJ^2)^1/2) / 2 + PE
    Total System Jitter     (TSJ):    0.071ns
    Discrete Jitter          (DJ):    0.125ns
    Phase Error              (PE):    0.000ns

    Location             Delay type                Incr(ns)  Path(ns)    Netlist Resource(s)
  -------------------------------------------------------------------    -------------------
                         (clock clk_out2_clk_wiz_0 rise edge)
                                                      0.000     0.000 r  
    BUFGCTRL_X0Y2        BUFG                         0.000     0.000 r  clk_IBUF_BUFG_inst/O
                         net (fo=319, routed)         2.106     2.106    datapath/video_inst/mmcm_adv_inst_display_clocks/inst/clk_in1
    MMCME2_ADV_X1Y0      MMCME2_ADV (Prop_mmcme2_adv_CLKIN1_CLKOUT1)
                                                     -4.900    -2.793 r  datapath/video_inst/mmcm_adv_inst_display_clocks/inst/mmcm_adv_inst/CLKOUT1
                         net (fo=1, routed)           2.697    -0.096    datapath/video_inst/mmcm_adv_inst_display_clocks/inst/clk_out2_clk_wiz_0
    BUFGCTRL_X0Y0        BUFG (Prop_bufg_I_O)         0.096    -0.000 r  datapath/video_inst/mmcm_adv_inst_display_clocks/inst/clkout2_buf/O
                         net (fo=44, routed)          1.833     1.833    datapath/video_inst/inst_dvid/clk_out2
    SLICE_X162Y148       FDRE                                         r  datapath/video_inst/inst_dvid/shift_clock_reg[7]/C
  -------------------------------------------------------------------    -------------------
    SLICE_X162Y148       FDRE (Prop_fdre_C_Q)         0.518     2.351 f  datapath/video_inst/inst_dvid/shift_clock_reg[7]/Q
                         net (fo=2, routed)           0.829     3.180    datapath/video_inst/inst_dvid/shift_clock_reg_n_0_[7]
    SLICE_X162Y148       LUT6 (Prop_lut6_I3_O)        0.124     3.304 f  datapath/video_inst/inst_dvid/shift_red[9]_i_2/O
                         net (fo=1, routed)           0.307     3.612    datapath/video_inst/inst_dvid/shift_red[9]_i_2_n_0
    SLICE_X162Y147       LUT5 (Prop_lut5_I0_O)        0.124     3.736 f  datapath/video_inst/inst_dvid/shift_red[9]_i_1/O
                         net (fo=31, routed)          1.302     5.038    datapath/video_inst/inst_dvid/shift_red[9]_i_1_n_0
    SLICE_X162Y134       LUT2 (Prop_lut2_I1_O)        0.124     5.162 r  datapath/video_inst/inst_dvid/shift_red[7]_i_1/O
                         net (fo=5, routed)           0.529     5.691    datapath/video_inst/inst_dvid/shift_red[7]_i_1_n_0
    SLICE_X162Y134       FDSE                                         r  datapath/video_inst/inst_dvid/shift_red_reg[7]/S
  -------------------------------------------------------------------    -------------------

                         (clock clk_out2_clk_wiz_0 rise edge)
                                                      8.000     8.000 r  
    BUFGCTRL_X0Y2        BUFG                         0.000     8.000 r  clk_IBUF_BUFG_inst/O
                         net (fo=319, routed)         1.972     9.972    datapath/video_inst/mmcm_adv_inst_display_clocks/inst/clk_in1
    MMCME2_ADV_X1Y0      MMCME2_ADV (Prop_mmcme2_adv_CLKIN1_CLKOUT1)
                                                     -4.637     5.335 r  datapath/video_inst/mmcm_adv_inst_display_clocks/inst/mmcm_adv_inst/CLKOUT1
                         net (fo=1, routed)           2.574     7.909    datapath/video_inst/mmcm_adv_inst_display_clocks/inst/clk_out2_clk_wiz_0
    BUFGCTRL_X0Y0        BUFG (Prop_bufg_I_O)         0.091     8.000 r  datapath/video_inst/mmcm_adv_inst_display_clocks/inst/clkout2_buf/O
                         net (fo=44, routed)          1.707     9.707    datapath/video_inst/inst_dvid/clk_out2
    SLICE_X162Y134       FDSE                                         r  datapath/video_inst/inst_dvid/shift_red_reg[7]/C
                         clock pessimism              0.089     9.796    
                         clock uncertainty           -0.072     9.724    
    SLICE_X162Y134       FDSE (Setup_fdse_C_S)       -0.524     9.200    datapath/video_inst/inst_dvid/shift_red_reg[7]
  -------------------------------------------------------------------
                         required time                          9.200    
                         arrival time                          -5.691    
  -------------------------------------------------------------------
                         slack                                  3.509    

Slack (MET) :             4.206ns  (required time - arrival time)
  Source:                 datapath/video_inst/inst_dvid/shift_clock_reg[7]/C
                            (rising edge-triggered cell FDRE clocked by clk_out2_clk_wiz_0  {rise@0.000ns fall@4.000ns period=8.000ns})
  Destination:            datapath/video_inst/inst_dvid/shift_blue_reg[8]/R
                            (rising edge-triggered cell FDRE clocked by clk_out2_clk_wiz_0  {rise@0.000ns fall@4.000ns period=8.000ns})
  Path Group:             clk_out2_clk_wiz_0
  Path Type:              Setup (Max at Slow Process Corner)
  Requirement:            8.000ns  (clk_out2_clk_wiz_0 rise@8.000ns - clk_out2_clk_wiz_0 rise@0.000ns)
  Data Path Delay:        3.255ns  (logic 0.766ns (23.536%)  route 2.489ns (76.464%))
  Logic Levels:           2  (LUT5=1 LUT6=1)
  Clock Path Skew:        -0.038ns (DCD - SCD + CPR)
    Destination Clock Delay (DCD):    1.706ns = ( 9.706 - 8.000 ) 
    Source Clock Delay      (SCD):    1.833ns
    Clock Pessimism Removal (CPR):    0.089ns
  Clock Uncertainty:      0.072ns  ((TSJ^2 + DJ^2)^1/2) / 2 + PE
    Total System Jitter     (TSJ):    0.071ns
    Discrete Jitter          (DJ):    0.125ns
    Phase Error              (PE):    0.000ns

    Location             Delay type                Incr(ns)  Path(ns)    Netlist Resource(s)
  -------------------------------------------------------------------    -------------------
                         (clock clk_out2_clk_wiz_0 rise edge)
                                                      0.000     0.000 r  
    BUFGCTRL_X0Y2        BUFG                         0.000     0.000 r  clk_IBUF_BUFG_inst/O
                         net (fo=319, routed)         2.106     2.106    datapath/video_inst/mmcm_adv_inst_display_clocks/inst/clk_in1
    MMCME2_ADV_X1Y0      MMCME2_ADV (Prop_mmcme2_adv_CLKIN1_CLKOUT1)
                                                     -4.900    -2.793 r  datapath/video_inst/mmcm_adv_inst_display_clocks/inst/mmcm_adv_inst/CLKOUT1
                         net (fo=1, routed)           2.697    -0.096    datapath/video_inst/mmcm_adv_inst_display_clocks/inst/clk_out2_clk_wiz_0
    BUFGCTRL_X0Y0        BUFG (Prop_bufg_I_O)         0.096    -0.000 r  datapath/video_inst/mmcm_adv_inst_display_clocks/inst/clkout2_buf/O
                         net (fo=44, routed)          1.833     1.833    datapath/video_inst/inst_dvid/clk_out2
    SLICE_X162Y148       FDRE                                         r  datapath/video_inst/inst_dvid/shift_clock_reg[7]/C
  -------------------------------------------------------------------    -------------------
    SLICE_X162Y148       FDRE (Prop_fdre_C_Q)         0.518     2.351 r  datapath/video_inst/inst_dvid/shift_clock_reg[7]/Q
                         net (fo=2, routed)           0.829     3.180    datapath/video_inst/inst_dvid/shift_clock_reg_n_0_[7]
    SLICE_X162Y148       LUT6 (Prop_lut6_I3_O)        0.124     3.304 r  datapath/video_inst/inst_dvid/shift_red[9]_i_2/O
                         net (fo=1, routed)           0.307     3.612    datapath/video_inst/inst_dvid/shift_red[9]_i_2_n_0
    SLICE_X162Y147       LUT5 (Prop_lut5_I0_O)        0.124     3.736 r  datapath/video_inst/inst_dvid/shift_red[9]_i_1/O
                         net (fo=31, routed)          1.352     5.088    datapath/video_inst/inst_dvid/shift_red[9]_i_1_n_0
    SLICE_X163Y133       FDRE                                         r  datapath/video_inst/inst_dvid/shift_blue_reg[8]/R
  -------------------------------------------------------------------    -------------------

                         (clock clk_out2_clk_wiz_0 rise edge)
                                                      8.000     8.000 r  
    BUFGCTRL_X0Y2        BUFG                         0.000     8.000 r  clk_IBUF_BUFG_inst/O
                         net (fo=319, routed)         1.972     9.972    datapath/video_inst/mmcm_adv_inst_display_clocks/inst/clk_in1
    MMCME2_ADV_X1Y0      MMCME2_ADV (Prop_mmcme2_adv_CLKIN1_CLKOUT1)
                                                     -4.637     5.335 r  datapath/video_inst/mmcm_adv_inst_display_clocks/inst/mmcm_adv_inst/CLKOUT1
                         net (fo=1, routed)           2.574     7.909    datapath/video_inst/mmcm_adv_inst_display_clocks/inst/clk_out2_clk_wiz_0
    BUFGCTRL_X0Y0        BUFG (Prop_bufg_I_O)         0.091     8.000 r  datapath/video_inst/mmcm_adv_inst_display_clocks/inst/clkout2_buf/O
                         net (fo=44, routed)          1.706     9.706    datapath/video_inst/inst_dvid/clk_out2
    SLICE_X163Y133       FDRE                                         r  datapath/video_inst/inst_dvid/shift_blue_reg[8]/C
                         clock pessimism              0.089     9.795    
                         clock uncertainty           -0.072     9.723    
    SLICE_X163Y133       FDRE (Setup_fdre_C_R)       -0.429     9.294    datapath/video_inst/inst_dvid/shift_blue_reg[8]
  -------------------------------------------------------------------
                         required time                          9.294    
                         arrival time                          -5.088    
  -------------------------------------------------------------------
                         slack                                  4.206    

Slack (MET) :             4.206ns  (required time - arrival time)
  Source:                 datapath/video_inst/inst_dvid/shift_clock_reg[7]/C
                            (rising edge-triggered cell FDRE clocked by clk_out2_clk_wiz_0  {rise@0.000ns fall@4.000ns period=8.000ns})
  Destination:            datapath/video_inst/inst_dvid/shift_blue_reg[9]/R
                            (rising edge-triggered cell FDRE clocked by clk_out2_clk_wiz_0  {rise@0.000ns fall@4.000ns period=8.000ns})
  Path Group:             clk_out2_clk_wiz_0
  Path Type:              Setup (Max at Slow Process Corner)
  Requirement:            8.000ns  (clk_out2_clk_wiz_0 rise@8.000ns - clk_out2_clk_wiz_0 rise@0.000ns)
  Data Path Delay:        3.255ns  (logic 0.766ns (23.536%)  route 2.489ns (76.464%))
  Logic Levels:           2  (LUT5=1 LUT6=1)
  Clock Path Skew:        -0.038ns (DCD - SCD + CPR)
    Destination Clock Delay (DCD):    1.706ns = ( 9.706 - 8.000 ) 
    Source Clock Delay      (SCD):    1.833ns
    Clock Pessimism Removal (CPR):    0.089ns
  Clock Uncertainty:      0.072ns  ((TSJ^2 + DJ^2)^1/2) / 2 + PE
    Total System Jitter     (TSJ):    0.071ns
    Discrete Jitter          (DJ):    0.125ns
    Phase Error              (PE):    0.000ns

    Location             Delay type                Incr(ns)  Path(ns)    Netlist Resource(s)
  -------------------------------------------------------------------    -------------------
                         (clock clk_out2_clk_wiz_0 rise edge)
                                                      0.000     0.000 r  
    BUFGCTRL_X0Y2        BUFG                         0.000     0.000 r  clk_IBUF_BUFG_inst/O
                         net (fo=319, routed)         2.106     2.106    datapath/video_inst/mmcm_adv_inst_display_clocks/inst/clk_in1
    MMCME2_ADV_X1Y0      MMCME2_ADV (Prop_mmcme2_adv_CLKIN1_CLKOUT1)
                                                     -4.900    -2.793 r  datapath/video_inst/mmcm_adv_inst_display_clocks/inst/mmcm_adv_inst/CLKOUT1
                         net (fo=1, routed)           2.697    -0.096    datapath/video_inst/mmcm_adv_inst_display_clocks/inst/clk_out2_clk_wiz_0
    BUFGCTRL_X0Y0        BUFG (Prop_bufg_I_O)         0.096    -0.000 r  datapath/video_inst/mmcm_adv_inst_display_clocks/inst/clkout2_buf/O
                         net (fo=44, routed)          1.833     1.833    datapath/video_inst/inst_dvid/clk_out2
    SLICE_X162Y148       FDRE                                         r  datapath/video_inst/inst_dvid/shift_clock_reg[7]/C
  -------------------------------------------------------------------    -------------------
    SLICE_X162Y148       FDRE (Prop_fdre_C_Q)         0.518     2.351 r  datapath/video_inst/inst_dvid/shift_clock_reg[7]/Q
                         net (fo=2, routed)           0.829     3.180    datapath/video_inst/inst_dvid/shift_clock_reg_n_0_[7]
    SLICE_X162Y148       LUT6 (Prop_lut6_I3_O)        0.124     3.304 r  datapath/video_inst/inst_dvid/shift_red[9]_i_2/O
                         net (fo=1, routed)           0.307     3.612    datapath/video_inst/inst_dvid/shift_red[9]_i_2_n_0
    SLICE_X162Y147       LUT5 (Prop_lut5_I0_O)        0.124     3.736 r  datapath/video_inst/inst_dvid/shift_red[9]_i_1/O
                         net (fo=31, routed)          1.352     5.088    datapath/video_inst/inst_dvid/shift_red[9]_i_1_n_0
    SLICE_X163Y133       FDRE                                         r  datapath/video_inst/inst_dvid/shift_blue_reg[9]/R
  -------------------------------------------------------------------    -------------------

                         (clock clk_out2_clk_wiz_0 rise edge)
                                                      8.000     8.000 r  
    BUFGCTRL_X0Y2        BUFG                         0.000     8.000 r  clk_IBUF_BUFG_inst/O
                         net (fo=319, routed)         1.972     9.972    datapath/video_inst/mmcm_adv_inst_display_clocks/inst/clk_in1
    MMCME2_ADV_X1Y0      MMCME2_ADV (Prop_mmcme2_adv_CLKIN1_CLKOUT1)
                                                     -4.637     5.335 r  datapath/video_inst/mmcm_adv_inst_display_clocks/inst/mmcm_adv_inst/CLKOUT1
                         net (fo=1, routed)           2.574     7.909    datapath/video_inst/mmcm_adv_inst_display_clocks/inst/clk_out2_clk_wiz_0
    BUFGCTRL_X0Y0        BUFG (Prop_bufg_I_O)         0.091     8.000 r  datapath/video_inst/mmcm_adv_inst_display_clocks/inst/clkout2_buf/O
                         net (fo=44, routed)          1.706     9.706    datapath/video_inst/inst_dvid/clk_out2
    SLICE_X163Y133       FDRE                                         r  datapath/video_inst/inst_dvid/shift_blue_reg[9]/C
                         clock pessimism              0.089     9.795    
                         clock uncertainty           -0.072     9.723    
    SLICE_X163Y133       FDRE (Setup_fdre_C_R)       -0.429     9.294    datapath/video_inst/inst_dvid/shift_blue_reg[9]
  -------------------------------------------------------------------
                         required time                          9.294    
                         arrival time                          -5.088    
  -------------------------------------------------------------------
                         slack                                  4.206    

Slack (MET) :             4.252ns  (required time - arrival time)
  Source:                 datapath/video_inst/inst_dvid/shift_clock_reg[7]/C
                            (rising edge-triggered cell FDRE clocked by clk_out2_clk_wiz_0  {rise@0.000ns fall@4.000ns period=8.000ns})
  Destination:            datapath/video_inst/inst_dvid/shift_green_reg[8]/R
                            (rising edge-triggered cell FDRE clocked by clk_out2_clk_wiz_0  {rise@0.000ns fall@4.000ns period=8.000ns})
  Path Group:             clk_out2_clk_wiz_0
  Path Type:              Setup (Max at Slow Process Corner)
  Requirement:            8.000ns  (clk_out2_clk_wiz_0 rise@8.000ns - clk_out2_clk_wiz_0 rise@0.000ns)
  Data Path Delay:        3.210ns  (logic 0.766ns (23.860%)  route 2.444ns (76.140%))
  Logic Levels:           2  (LUT5=1 LUT6=1)
  Clock Path Skew:        -0.037ns (DCD - SCD + CPR)
    Destination Clock Delay (DCD):    1.707ns = ( 9.707 - 8.000 ) 
    Source Clock Delay      (SCD):    1.833ns
    Clock Pessimism Removal (CPR):    0.089ns
  Clock Uncertainty:      0.072ns  ((TSJ^2 + DJ^2)^1/2) / 2 + PE
    Total System Jitter     (TSJ):    0.071ns
    Discrete Jitter          (DJ):    0.125ns
    Phase Error              (PE):    0.000ns

    Location             Delay type                Incr(ns)  Path(ns)    Netlist Resource(s)
  -------------------------------------------------------------------    -------------------
                         (clock clk_out2_clk_wiz_0 rise edge)
                                                      0.000     0.000 r  
    BUFGCTRL_X0Y2        BUFG                         0.000     0.000 r  clk_IBUF_BUFG_inst/O
                         net (fo=319, routed)         2.106     2.106    datapath/video_inst/mmcm_adv_inst_display_clocks/inst/clk_in1
    MMCME2_ADV_X1Y0      MMCME2_ADV (Prop_mmcme2_adv_CLKIN1_CLKOUT1)
                                                     -4.900    -2.793 r  datapath/video_inst/mmcm_adv_inst_display_clocks/inst/mmcm_adv_inst/CLKOUT1
                         net (fo=1, routed)           2.697    -0.096    datapath/video_inst/mmcm_adv_inst_display_clocks/inst/clk_out2_clk_wiz_0
    BUFGCTRL_X0Y0        BUFG (Prop_bufg_I_O)         0.096    -0.000 r  datapath/video_inst/mmcm_adv_inst_display_clocks/inst/clkout2_buf/O
                         net (fo=44, routed)          1.833     1.833    datapath/video_inst/inst_dvid/clk_out2
    SLICE_X162Y148       FDRE                                         r  datapath/video_inst/inst_dvid/shift_clock_reg[7]/C
  -------------------------------------------------------------------    -------------------
    SLICE_X162Y148       FDRE (Prop_fdre_C_Q)         0.518     2.351 r  datapath/video_inst/inst_dvid/shift_clock_reg[7]/Q
                         net (fo=2, routed)           0.829     3.180    datapath/video_inst/inst_dvid/shift_clock_reg_n_0_[7]
    SLICE_X162Y148       LUT6 (Prop_lut6_I3_O)        0.124     3.304 r  datapath/video_inst/inst_dvid/shift_red[9]_i_2/O
                         net (fo=1, routed)           0.307     3.612    datapath/video_inst/inst_dvid/shift_red[9]_i_2_n_0
    SLICE_X162Y147       LUT5 (Prop_lut5_I0_O)        0.124     3.736 r  datapath/video_inst/inst_dvid/shift_red[9]_i_1/O
                         net (fo=31, routed)          1.308     5.044    datapath/video_inst/inst_dvid/shift_red[9]_i_1_n_0
    SLICE_X163Y134       FDRE                                         r  datapath/video_inst/inst_dvid/shift_green_reg[8]/R
  -------------------------------------------------------------------    -------------------

                         (clock clk_out2_clk_wiz_0 rise edge)
                                                      8.000     8.000 r  
    BUFGCTRL_X0Y2        BUFG                         0.000     8.000 r  clk_IBUF_BUFG_inst/O
                         net (fo=319, routed)         1.972     9.972    datapath/video_inst/mmcm_adv_inst_display_clocks/inst/clk_in1
    MMCME2_ADV_X1Y0      MMCME2_ADV (Prop_mmcme2_adv_CLKIN1_CLKOUT1)
                                                     -4.637     5.335 r  datapath/video_inst/mmcm_adv_inst_display_clocks/inst/mmcm_adv_inst/CLKOUT1
                         net (fo=1, routed)           2.574     7.909    datapath/video_inst/mmcm_adv_inst_display_clocks/inst/clk_out2_clk_wiz_0
    BUFGCTRL_X0Y0        BUFG (Prop_bufg_I_O)         0.091     8.000 r  datapath/video_inst/mmcm_adv_inst_display_clocks/inst/clkout2_buf/O
                         net (fo=44, routed)          1.707     9.707    datapath/video_inst/inst_dvid/clk_out2
    SLICE_X163Y134       FDRE                                         r  datapath/video_inst/inst_dvid/shift_green_reg[8]/C
                         clock pessimism              0.089     9.796    
                         clock uncertainty           -0.072     9.724    
    SLICE_X163Y134       FDRE (Setup_fdre_C_R)       -0.429     9.295    datapath/video_inst/inst_dvid/shift_green_reg[8]
  -------------------------------------------------------------------
                         required time                          9.295    
                         arrival time                          -5.044    
  -------------------------------------------------------------------
                         slack                                  4.252    

Slack (MET) :             4.252ns  (required time - arrival time)
  Source:                 datapath/video_inst/inst_dvid/shift_clock_reg[7]/C
                            (rising edge-triggered cell FDRE clocked by clk_out2_clk_wiz_0  {rise@0.000ns fall@4.000ns period=8.000ns})
  Destination:            datapath/video_inst/inst_dvid/shift_green_reg[9]/R
                            (rising edge-triggered cell FDRE clocked by clk_out2_clk_wiz_0  {rise@0.000ns fall@4.000ns period=8.000ns})
  Path Group:             clk_out2_clk_wiz_0
  Path Type:              Setup (Max at Slow Process Corner)
  Requirement:            8.000ns  (clk_out2_clk_wiz_0 rise@8.000ns - clk_out2_clk_wiz_0 rise@0.000ns)
  Data Path Delay:        3.210ns  (logic 0.766ns (23.860%)  route 2.444ns (76.140%))
  Logic Levels:           2  (LUT5=1 LUT6=1)
  Clock Path Skew:        -0.037ns (DCD - SCD + CPR)
    Destination Clock Delay (DCD):    1.707ns = ( 9.707 - 8.000 ) 
    Source Clock Delay      (SCD):    1.833ns
    Clock Pessimism Removal (CPR):    0.089ns
  Clock Uncertainty:      0.072ns  ((TSJ^2 + DJ^2)^1/2) / 2 + PE
    Total System Jitter     (TSJ):    0.071ns
    Discrete Jitter          (DJ):    0.125ns
    Phase Error              (PE):    0.000ns

    Location             Delay type                Incr(ns)  Path(ns)    Netlist Resource(s)
  -------------------------------------------------------------------    -------------------
                         (clock clk_out2_clk_wiz_0 rise edge)
                                                      0.000     0.000 r  
    BUFGCTRL_X0Y2        BUFG                         0.000     0.000 r  clk_IBUF_BUFG_inst/O
                         net (fo=319, routed)         2.106     2.106    datapath/video_inst/mmcm_adv_inst_display_clocks/inst/clk_in1
    MMCME2_ADV_X1Y0      MMCME2_ADV (Prop_mmcme2_adv_CLKIN1_CLKOUT1)
                                                     -4.900    -2.793 r  datapath/video_inst/mmcm_adv_inst_display_clocks/inst/mmcm_adv_inst/CLKOUT1
                         net (fo=1, routed)           2.697    -0.096    datapath/video_inst/mmcm_adv_inst_display_clocks/inst/clk_out2_clk_wiz_0
    BUFGCTRL_X0Y0        BUFG (Prop_bufg_I_O)         0.096    -0.000 r  datapath/video_inst/mmcm_adv_inst_display_clocks/inst/clkout2_buf/O
                         net (fo=44, routed)          1.833     1.833    datapath/video_inst/inst_dvid/clk_out2
    SLICE_X162Y148       FDRE                                         r  datapath/video_inst/inst_dvid/shift_clock_reg[7]/C
  -------------------------------------------------------------------    -------------------
    SLICE_X162Y148       FDRE (Prop_fdre_C_Q)         0.518     2.351 r  datapath/video_inst/inst_dvid/shift_clock_reg[7]/Q
                         net (fo=2, routed)           0.829     3.180    datapath/video_inst/inst_dvid/shift_clock_reg_n_0_[7]
    SLICE_X162Y148       LUT6 (Prop_lut6_I3_O)        0.124     3.304 r  datapath/video_inst/inst_dvid/shift_red[9]_i_2/O
                         net (fo=1, routed)           0.307     3.612    datapath/video_inst/inst_dvid/shift_red[9]_i_2_n_0
    SLICE_X162Y147       LUT5 (Prop_lut5_I0_O)        0.124     3.736 r  datapath/video_inst/inst_dvid/shift_red[9]_i_1/O
                         net (fo=31, routed)          1.308     5.044    datapath/video_inst/inst_dvid/shift_red[9]_i_1_n_0
    SLICE_X163Y134       FDRE                                         r  datapath/video_inst/inst_dvid/shift_green_reg[9]/R
  -------------------------------------------------------------------    -------------------

                         (clock clk_out2_clk_wiz_0 rise edge)
                                                      8.000     8.000 r  
    BUFGCTRL_X0Y2        BUFG                         0.000     8.000 r  clk_IBUF_BUFG_inst/O
                         net (fo=319, routed)         1.972     9.972    datapath/video_inst/mmcm_adv_inst_display_clocks/inst/clk_in1
    MMCME2_ADV_X1Y0      MMCME2_ADV (Prop_mmcme2_adv_CLKIN1_CLKOUT1)
                                                     -4.637     5.335 r  datapath/video_inst/mmcm_adv_inst_display_clocks/inst/mmcm_adv_inst/CLKOUT1
                         net (fo=1, routed)           2.574     7.909    datapath/video_inst/mmcm_adv_inst_display_clocks/inst/clk_out2_clk_wiz_0
    BUFGCTRL_X0Y0        BUFG (Prop_bufg_I_O)         0.091     8.000 r  datapath/video_inst/mmcm_adv_inst_display_clocks/inst/clkout2_buf/O
                         net (fo=44, routed)          1.707     9.707    datapath/video_inst/inst_dvid/clk_out2
    SLICE_X163Y134       FDRE                                         r  datapath/video_inst/inst_dvid/shift_green_reg[9]/C
                         clock pessimism              0.089     9.796    
                         clock uncertainty           -0.072     9.724    
    SLICE_X163Y134       FDRE (Setup_fdre_C_R)       -0.429     9.295    datapath/video_inst/inst_dvid/shift_green_reg[9]
  -------------------------------------------------------------------
                         required time                          9.295    
                         arrival time                          -5.044    
  -------------------------------------------------------------------
                         slack                                  4.252    

Slack (MET) :             4.252ns  (required time - arrival time)
  Source:                 datapath/video_inst/inst_dvid/shift_clock_reg[7]/C
                            (rising edge-triggered cell FDRE clocked by clk_out2_clk_wiz_0  {rise@0.000ns fall@4.000ns period=8.000ns})
  Destination:            datapath/video_inst/inst_dvid/shift_red_reg[8]/R
                            (rising edge-triggered cell FDRE clocked by clk_out2_clk_wiz_0  {rise@0.000ns fall@4.000ns period=8.000ns})
  Path Group:             clk_out2_clk_wiz_0
  Path Type:              Setup (Max at Slow Process Corner)
  Requirement:            8.000ns  (clk_out2_clk_wiz_0 rise@8.000ns - clk_out2_clk_wiz_0 rise@0.000ns)
  Data Path Delay:        3.210ns  (logic 0.766ns (23.860%)  route 2.444ns (76.140%))
  Logic Levels:           2  (LUT5=1 LUT6=1)
  Clock Path Skew:        -0.037ns (DCD - SCD + CPR)
    Destination Clock Delay (DCD):    1.707ns = ( 9.707 - 8.000 ) 
    Source Clock Delay      (SCD):    1.833ns
    Clock Pessimism Removal (CPR):    0.089ns
  Clock Uncertainty:      0.072ns  ((TSJ^2 + DJ^2)^1/2) / 2 + PE
    Total System Jitter     (TSJ):    0.071ns
    Discrete Jitter          (DJ):    0.125ns
    Phase Error              (PE):    0.000ns

    Location             Delay type                Incr(ns)  Path(ns)    Netlist Resource(s)
  -------------------------------------------------------------------    -------------------
                         (clock clk_out2_clk_wiz_0 rise edge)
                                                      0.000     0.000 r  
    BUFGCTRL_X0Y2        BUFG                         0.000     0.000 r  clk_IBUF_BUFG_inst/O
                         net (fo=319, routed)         2.106     2.106    datapath/video_inst/mmcm_adv_inst_display_clocks/inst/clk_in1
    MMCME2_ADV_X1Y0      MMCME2_ADV (Prop_mmcme2_adv_CLKIN1_CLKOUT1)
                                                     -4.900    -2.793 r  datapath/video_inst/mmcm_adv_inst_display_clocks/inst/mmcm_adv_inst/CLKOUT1
                         net (fo=1, routed)           2.697    -0.096    datapath/video_inst/mmcm_adv_inst_display_clocks/inst/clk_out2_clk_wiz_0
    BUFGCTRL_X0Y0        BUFG (Prop_bufg_I_O)         0.096    -0.000 r  datapath/video_inst/mmcm_adv_inst_display_clocks/inst/clkout2_buf/O
                         net (fo=44, routed)          1.833     1.833    datapath/video_inst/inst_dvid/clk_out2
    SLICE_X162Y148       FDRE                                         r  datapath/video_inst/inst_dvid/shift_clock_reg[7]/C
  -------------------------------------------------------------------    -------------------
    SLICE_X162Y148       FDRE (Prop_fdre_C_Q)         0.518     2.351 r  datapath/video_inst/inst_dvid/shift_clock_reg[7]/Q
                         net (fo=2, routed)           0.829     3.180    datapath/video_inst/inst_dvid/shift_clock_reg_n_0_[7]
    SLICE_X162Y148       LUT6 (Prop_lut6_I3_O)        0.124     3.304 r  datapath/video_inst/inst_dvid/shift_red[9]_i_2/O
                         net (fo=1, routed)           0.307     3.612    datapath/video_inst/inst_dvid/shift_red[9]_i_2_n_0
    SLICE_X162Y147       LUT5 (Prop_lut5_I0_O)        0.124     3.736 r  datapath/video_inst/inst_dvid/shift_red[9]_i_1/O
                         net (fo=31, routed)          1.308     5.044    datapath/video_inst/inst_dvid/shift_red[9]_i_1_n_0
    SLICE_X163Y134       FDRE                                         r  datapath/video_inst/inst_dvid/shift_red_reg[8]/R
  -------------------------------------------------------------------    -------------------

                         (clock clk_out2_clk_wiz_0 rise edge)
                                                      8.000     8.000 r  
    BUFGCTRL_X0Y2        BUFG                         0.000     8.000 r  clk_IBUF_BUFG_inst/O
                         net (fo=319, routed)         1.972     9.972    datapath/video_inst/mmcm_adv_inst_display_clocks/inst/clk_in1
    MMCME2_ADV_X1Y0      MMCME2_ADV (Prop_mmcme2_adv_CLKIN1_CLKOUT1)
                                                     -4.637     5.335 r  datapath/video_inst/mmcm_adv_inst_display_clocks/inst/mmcm_adv_inst/CLKOUT1
                         net (fo=1, routed)           2.574     7.909    datapath/video_inst/mmcm_adv_inst_display_clocks/inst/clk_out2_clk_wiz_0
    BUFGCTRL_X0Y0        BUFG (Prop_bufg_I_O)         0.091     8.000 r  datapath/video_inst/mmcm_adv_inst_display_clocks/inst/clkout2_buf/O
                         net (fo=44, routed)          1.707     9.707    datapath/video_inst/inst_dvid/clk_out2
    SLICE_X163Y134       FDRE                                         r  datapath/video_inst/inst_dvid/shift_red_reg[8]/C
                         clock pessimism              0.089     9.796    
                         clock uncertainty           -0.072     9.724    
    SLICE_X163Y134       FDRE (Setup_fdre_C_R)       -0.429     9.295    datapath/video_inst/inst_dvid/shift_red_reg[8]
  -------------------------------------------------------------------
                         required time                          9.295    
                         arrival time                          -5.044    
  -------------------------------------------------------------------
                         slack                                  4.252    





Min Delay Paths
--------------------------------------------------------------------------------------
Slack (MET) :             0.141ns  (arrival time - required time)
  Source:                 datapath/video_inst/inst_dvid/shift_red_reg[9]/C
                            (rising edge-triggered cell FDRE clocked by clk_out2_clk_wiz_0  {rise@0.000ns fall@4.000ns period=8.000ns})
  Destination:            datapath/video_inst/inst_dvid/shift_red_reg[7]/D
                            (rising edge-triggered cell FDSE clocked by clk_out2_clk_wiz_0  {rise@0.000ns fall@4.000ns period=8.000ns})
  Path Group:             clk_out2_clk_wiz_0
  Path Type:              Hold (Min at Fast Process Corner)
  Requirement:            0.000ns  (clk_out2_clk_wiz_0 rise@0.000ns - clk_out2_clk_wiz_0 rise@0.000ns)
  Data Path Delay:        0.275ns  (logic 0.186ns (67.611%)  route 0.089ns (32.389%))
  Logic Levels:           1  (LUT2=1)
  Clock Path Skew:        0.013ns (DCD - SCD - CPR)
    Destination Clock Delay (DCD):    0.915ns
    Source Clock Delay      (SCD):    0.644ns
    Clock Pessimism Removal (CPR):    0.258ns

    Location             Delay type                Incr(ns)  Path(ns)    Netlist Resource(s)
  -------------------------------------------------------------------    -------------------
                         (clock clk_out2_clk_wiz_0 rise edge)
                                                      0.000     0.000 r  
    BUFGCTRL_X0Y2        BUFG                         0.000     0.000 r  clk_IBUF_BUFG_inst/O
                         net (fo=319, routed)         0.745     0.745    datapath/video_inst/mmcm_adv_inst_display_clocks/inst/clk_in1
    MMCME2_ADV_X1Y0      MMCME2_ADV (Prop_mmcme2_adv_CLKIN1_CLKOUT1)
                                                     -1.683    -0.938 r  datapath/video_inst/mmcm_adv_inst_display_clocks/inst/mmcm_adv_inst/CLKOUT1
                         net (fo=1, routed)           0.912    -0.026    datapath/video_inst/mmcm_adv_inst_display_clocks/inst/clk_out2_clk_wiz_0
    BUFGCTRL_X0Y0        BUFG (Prop_bufg_I_O)         0.026    -0.000 r  datapath/video_inst/mmcm_adv_inst_display_clocks/inst/clkout2_buf/O
                         net (fo=44, routed)          0.644     0.644    datapath/video_inst/inst_dvid/clk_out2
    SLICE_X163Y134       FDRE                                         r  datapath/video_inst/inst_dvid/shift_red_reg[9]/C
  -------------------------------------------------------------------    -------------------
    SLICE_X163Y134       FDRE (Prop_fdre_C_Q)         0.141     0.785 r  datapath/video_inst/inst_dvid/shift_red_reg[9]/Q
                         net (fo=1, routed)           0.089     0.874    datapath/video_inst/inst_dvid/data1[7]
    SLICE_X162Y134       LUT2 (Prop_lut2_I1_O)        0.045     0.919 r  datapath/video_inst/inst_dvid/shift_red[7]_i_2/O
                         net (fo=1, routed)           0.000     0.919    datapath/video_inst/inst_dvid/shift_red[7]_i_2_n_0
    SLICE_X162Y134       FDSE                                         r  datapath/video_inst/inst_dvid/shift_red_reg[7]/D
  -------------------------------------------------------------------    -------------------

                         (clock clk_out2_clk_wiz_0 rise edge)
                                                      0.000     0.000 r  
    BUFGCTRL_X0Y2        BUFG                         0.000     0.000 r  clk_IBUF_BUFG_inst/O
                         net (fo=319, routed)         1.022     1.022    datapath/video_inst/mmcm_adv_inst_display_clocks/inst/clk_in1
    MMCME2_ADV_X1Y0      MMCME2_ADV (Prop_mmcme2_adv_CLKIN1_CLKOUT1)
                                                     -2.040    -1.018 r  datapath/video_inst/mmcm_adv_inst_display_clocks/inst/mmcm_adv_inst/CLKOUT1
                         net (fo=1, routed)           0.989    -0.029    datapath/video_inst/mmcm_adv_inst_display_clocks/inst/clk_out2_clk_wiz_0
    BUFGCTRL_X0Y0        BUFG (Prop_bufg_I_O)         0.029    -0.000 r  datapath/video_inst/mmcm_adv_inst_display_clocks/inst/clkout2_buf/O
                         net (fo=44, routed)          0.915     0.915    datapath/video_inst/inst_dvid/clk_out2
    SLICE_X162Y134       FDSE                                         r  datapath/video_inst/inst_dvid/shift_red_reg[7]/C
                         clock pessimism             -0.258     0.657    
    SLICE_X162Y134       FDSE (Hold_fdse_C_D)         0.121     0.778    datapath/video_inst/inst_dvid/shift_red_reg[7]
  -------------------------------------------------------------------
                         required time                         -0.778    
                         arrival time                           0.919    
  -------------------------------------------------------------------
                         slack                                  0.141    

Slack (MET) :             0.187ns  (arrival time - required time)
  Source:                 datapath/video_inst/inst_dvid/shift_clock_reg[5]/C
                            (rising edge-triggered cell FDRE clocked by clk_out2_clk_wiz_0  {rise@0.000ns fall@4.000ns period=8.000ns})
  Destination:            datapath/video_inst/inst_dvid/shift_clock_reg[3]/D
                            (rising edge-triggered cell FDRE clocked by clk_out2_clk_wiz_0  {rise@0.000ns fall@4.000ns period=8.000ns})
  Path Group:             clk_out2_clk_wiz_0
  Path Type:              Hold (Min at Fast Process Corner)
  Requirement:            0.000ns  (clk_out2_clk_wiz_0 rise@0.000ns - clk_out2_clk_wiz_0 rise@0.000ns)
  Data Path Delay:        0.266ns  (logic 0.141ns (52.980%)  route 0.125ns (47.020%))
  Logic Levels:           0  
  Clock Path Skew:        0.016ns (DCD - SCD - CPR)
    Destination Clock Delay (DCD):    0.922ns
    Source Clock Delay      (SCD):    0.649ns
    Clock Pessimism Removal (CPR):    0.257ns

    Location             Delay type                Incr(ns)  Path(ns)    Netlist Resource(s)
  -------------------------------------------------------------------    -------------------
                         (clock clk_out2_clk_wiz_0 rise edge)
                                                      0.000     0.000 r  
    BUFGCTRL_X0Y2        BUFG                         0.000     0.000 r  clk_IBUF_BUFG_inst/O
                         net (fo=319, routed)         0.745     0.745    datapath/video_inst/mmcm_adv_inst_display_clocks/inst/clk_in1
    MMCME2_ADV_X1Y0      MMCME2_ADV (Prop_mmcme2_adv_CLKIN1_CLKOUT1)
                                                     -1.683    -0.938 r  datapath/video_inst/mmcm_adv_inst_display_clocks/inst/mmcm_adv_inst/CLKOUT1
                         net (fo=1, routed)           0.912    -0.026    datapath/video_inst/mmcm_adv_inst_display_clocks/inst/clk_out2_clk_wiz_0
    BUFGCTRL_X0Y0        BUFG (Prop_bufg_I_O)         0.026    -0.000 r  datapath/video_inst/mmcm_adv_inst_display_clocks/inst/clkout2_buf/O
                         net (fo=44, routed)          0.649     0.649    datapath/video_inst/inst_dvid/clk_out2
    SLICE_X163Y148       FDRE                                         r  datapath/video_inst/inst_dvid/shift_clock_reg[5]/C
  -------------------------------------------------------------------    -------------------
    SLICE_X163Y148       FDRE (Prop_fdre_C_Q)         0.141     0.790 r  datapath/video_inst/inst_dvid/shift_clock_reg[5]/Q
                         net (fo=2, routed)           0.125     0.915    datapath/video_inst/inst_dvid/shift_clock_reg_n_0_[5]
    SLICE_X162Y147       FDRE                                         r  datapath/video_inst/inst_dvid/shift_clock_reg[3]/D
  -------------------------------------------------------------------    -------------------

                         (clock clk_out2_clk_wiz_0 rise edge)
                                                      0.000     0.000 r  
    BUFGCTRL_X0Y2        BUFG                         0.000     0.000 r  clk_IBUF_BUFG_inst/O
                         net (fo=319, routed)         1.022     1.022    datapath/video_inst/mmcm_adv_inst_display_clocks/inst/clk_in1
    MMCME2_ADV_X1Y0      MMCME2_ADV (Prop_mmcme2_adv_CLKIN1_CLKOUT1)
                                                     -2.040    -1.018 r  datapath/video_inst/mmcm_adv_inst_display_clocks/inst/mmcm_adv_inst/CLKOUT1
                         net (fo=1, routed)           0.989    -0.029    datapath/video_inst/mmcm_adv_inst_display_clocks/inst/clk_out2_clk_wiz_0
    BUFGCTRL_X0Y0        BUFG (Prop_bufg_I_O)         0.029    -0.000 r  datapath/video_inst/mmcm_adv_inst_display_clocks/inst/clkout2_buf/O
                         net (fo=44, routed)          0.922     0.922    datapath/video_inst/inst_dvid/clk_out2
    SLICE_X162Y147       FDRE                                         r  datapath/video_inst/inst_dvid/shift_clock_reg[3]/C
                         clock pessimism             -0.257     0.665    
    SLICE_X162Y147       FDRE (Hold_fdre_C_D)         0.063     0.728    datapath/video_inst/inst_dvid/shift_clock_reg[3]
  -------------------------------------------------------------------
                         required time                         -0.728    
                         arrival time                           0.915    
  -------------------------------------------------------------------
                         slack                                  0.187    

Slack (MET) :             0.233ns  (arrival time - required time)
  Source:                 datapath/video_inst/inst_dvid/shift_clock_reg[2]/C
                            (rising edge-triggered cell FDRE clocked by clk_out2_clk_wiz_0  {rise@0.000ns fall@4.000ns period=8.000ns})
  Destination:            datapath/video_inst/inst_dvid/shift_clock_reg[0]/D
                            (rising edge-triggered cell FDRE clocked by clk_out2_clk_wiz_0  {rise@0.000ns fall@4.000ns period=8.000ns})
  Path Group:             clk_out2_clk_wiz_0
  Path Type:              Hold (Min at Fast Process Corner)
  Requirement:            0.000ns  (clk_out2_clk_wiz_0 rise@0.000ns - clk_out2_clk_wiz_0 rise@0.000ns)
  Data Path Delay:        0.292ns  (logic 0.164ns (56.232%)  route 0.128ns (43.768%))
  Logic Levels:           0  
  Clock Path Skew:        0.000ns (DCD - SCD - CPR)
    Destination Clock Delay (DCD):    0.922ns
    Source Clock Delay      (SCD):    0.649ns
    Clock Pessimism Removal (CPR):    0.273ns

    Location             Delay type                Incr(ns)  Path(ns)    Netlist Resource(s)
  -------------------------------------------------------------------    -------------------
                         (clock clk_out2_clk_wiz_0 rise edge)
                                                      0.000     0.000 r  
    BUFGCTRL_X0Y2        BUFG                         0.000     0.000 r  clk_IBUF_BUFG_inst/O
                         net (fo=319, routed)         0.745     0.745    datapath/video_inst/mmcm_adv_inst_display_clocks/inst/clk_in1
    MMCME2_ADV_X1Y0      MMCME2_ADV (Prop_mmcme2_adv_CLKIN1_CLKOUT1)
                                                     -1.683    -0.938 r  datapath/video_inst/mmcm_adv_inst_display_clocks/inst/mmcm_adv_inst/CLKOUT1
                         net (fo=1, routed)           0.912    -0.026    datapath/video_inst/mmcm_adv_inst_display_clocks/inst/clk_out2_clk_wiz_0
    BUFGCTRL_X0Y0        BUFG (Prop_bufg_I_O)         0.026    -0.000 r  datapath/video_inst/mmcm_adv_inst_display_clocks/inst/clkout2_buf/O
                         net (fo=44, routed)          0.649     0.649    datapath/video_inst/inst_dvid/clk_out2
    SLICE_X162Y147       FDRE                                         r  datapath/video_inst/inst_dvid/shift_clock_reg[2]/C
  -------------------------------------------------------------------    -------------------
    SLICE_X162Y147       FDRE (Prop_fdre_C_Q)         0.164     0.813 r  datapath/video_inst/inst_dvid/shift_clock_reg[2]/Q
                         net (fo=2, routed)           0.128     0.940    datapath/video_inst/inst_dvid/shift_clock_reg_n_0_[2]
    SLICE_X162Y147       FDRE                                         r  datapath/video_inst/inst_dvid/shift_clock_reg[0]/D
  -------------------------------------------------------------------    -------------------

                         (clock clk_out2_clk_wiz_0 rise edge)
                                                      0.000     0.000 r  
    BUFGCTRL_X0Y2        BUFG                         0.000     0.000 r  clk_IBUF_BUFG_inst/O
                         net (fo=319, routed)         1.022     1.022    datapath/video_inst/mmcm_adv_inst_display_clocks/inst/clk_in1
    MMCME2_ADV_X1Y0      MMCME2_ADV (Prop_mmcme2_adv_CLKIN1_CLKOUT1)
                                                     -2.040    -1.018 r  datapath/video_inst/mmcm_adv_inst_display_clocks/inst/mmcm_adv_inst/CLKOUT1
                         net (fo=1, routed)           0.989    -0.029    datapath/video_inst/mmcm_adv_inst_display_clocks/inst/clk_out2_clk_wiz_0
    BUFGCTRL_X0Y0        BUFG (Prop_bufg_I_O)         0.029    -0.000 r  datapath/video_inst/mmcm_adv_inst_display_clocks/inst/clkout2_buf/O
                         net (fo=44, routed)          0.922     0.922    datapath/video_inst/inst_dvid/clk_out2
    SLICE_X162Y147       FDRE                                         r  datapath/video_inst/inst_dvid/shift_clock_reg[0]/C
                         clock pessimism             -0.273     0.649    
    SLICE_X162Y147       FDRE (Hold_fdre_C_D)         0.059     0.708    datapath/video_inst/inst_dvid/shift_clock_reg[0]
  -------------------------------------------------------------------
                         required time                         -0.708    
                         arrival time                           0.940    
  -------------------------------------------------------------------
                         slack                                  0.233    

Slack (MET) :             0.233ns  (arrival time - required time)
  Source:                 datapath/video_inst/inst_dvid/shift_clock_reg[8]/C
                            (rising edge-triggered cell FDRE clocked by clk_out2_clk_wiz_0  {rise@0.000ns fall@4.000ns period=8.000ns})
  Destination:            datapath/video_inst/inst_dvid/shift_clock_reg[6]/D
                            (rising edge-triggered cell FDRE clocked by clk_out2_clk_wiz_0  {rise@0.000ns fall@4.000ns period=8.000ns})
  Path Group:             clk_out2_clk_wiz_0
  Path Type:              Hold (Min at Fast Process Corner)
  Requirement:            0.000ns  (clk_out2_clk_wiz_0 rise@0.000ns - clk_out2_clk_wiz_0 rise@0.000ns)
  Data Path Delay:        0.292ns  (logic 0.164ns (56.232%)  route 0.128ns (43.768%))
  Logic Levels:           0  
  Clock Path Skew:        0.000ns (DCD - SCD - CPR)
    Destination Clock Delay (DCD):    0.922ns
    Source Clock Delay      (SCD):    0.649ns
    Clock Pessimism Removal (CPR):    0.273ns

    Location             Delay type                Incr(ns)  Path(ns)    Netlist Resource(s)
  -------------------------------------------------------------------    -------------------
                         (clock clk_out2_clk_wiz_0 rise edge)
                                                      0.000     0.000 r  
    BUFGCTRL_X0Y2        BUFG                         0.000     0.000 r  clk_IBUF_BUFG_inst/O
                         net (fo=319, routed)         0.745     0.745    datapath/video_inst/mmcm_adv_inst_display_clocks/inst/clk_in1
    MMCME2_ADV_X1Y0      MMCME2_ADV (Prop_mmcme2_adv_CLKIN1_CLKOUT1)
                                                     -1.683    -0.938 r  datapath/video_inst/mmcm_adv_inst_display_clocks/inst/mmcm_adv_inst/CLKOUT1
                         net (fo=1, routed)           0.912    -0.026    datapath/video_inst/mmcm_adv_inst_display_clocks/inst/clk_out2_clk_wiz_0
    BUFGCTRL_X0Y0        BUFG (Prop_bufg_I_O)         0.026    -0.000 r  datapath/video_inst/mmcm_adv_inst_display_clocks/inst/clkout2_buf/O
                         net (fo=44, routed)          0.649     0.649    datapath/video_inst/inst_dvid/clk_out2
    SLICE_X162Y148       FDRE                                         r  datapath/video_inst/inst_dvid/shift_clock_reg[8]/C
  -------------------------------------------------------------------    -------------------
    SLICE_X162Y148       FDRE (Prop_fdre_C_Q)         0.164     0.813 r  datapath/video_inst/inst_dvid/shift_clock_reg[8]/Q
                         net (fo=2, routed)           0.128     0.940    datapath/video_inst/inst_dvid/shift_clock_reg_n_0_[8]
    SLICE_X162Y148       FDRE                                         r  datapath/video_inst/inst_dvid/shift_clock_reg[6]/D
  -------------------------------------------------------------------    -------------------

                         (clock clk_out2_clk_wiz_0 rise edge)
                                                      0.000     0.000 r  
    BUFGCTRL_X0Y2        BUFG                         0.000     0.000 r  clk_IBUF_BUFG_inst/O
                         net (fo=319, routed)         1.022     1.022    datapath/video_inst/mmcm_adv_inst_display_clocks/inst/clk_in1
    MMCME2_ADV_X1Y0      MMCME2_ADV (Prop_mmcme2_adv_CLKIN1_CLKOUT1)
                                                     -2.040    -1.018 r  datapath/video_inst/mmcm_adv_inst_display_clocks/inst/mmcm_adv_inst/CLKOUT1
                         net (fo=1, routed)           0.989    -0.029    datapath/video_inst/mmcm_adv_inst_display_clocks/inst/clk_out2_clk_wiz_0
    BUFGCTRL_X0Y0        BUFG (Prop_bufg_I_O)         0.029    -0.000 r  datapath/video_inst/mmcm_adv_inst_display_clocks/inst/clkout2_buf/O
                         net (fo=44, routed)          0.922     0.922    datapath/video_inst/inst_dvid/clk_out2
    SLICE_X162Y148       FDRE                                         r  datapath/video_inst/inst_dvid/shift_clock_reg[6]/C
                         clock pessimism             -0.273     0.649    
    SLICE_X162Y148       FDRE (Hold_fdre_C_D)         0.059     0.708    datapath/video_inst/inst_dvid/shift_clock_reg[6]
  -------------------------------------------------------------------
                         required time                         -0.708    
                         arrival time                           0.940    
  -------------------------------------------------------------------
                         slack                                  0.233    

Slack (MET) :             0.233ns  (arrival time - required time)
  Source:                 datapath/video_inst/inst_dvid/shift_clock_reg[3]/C
                            (rising edge-triggered cell FDRE clocked by clk_out2_clk_wiz_0  {rise@0.000ns fall@4.000ns period=8.000ns})
  Destination:            datapath/video_inst/inst_dvid/shift_clock_reg[1]/D
                            (rising edge-triggered cell FDRE clocked by clk_out2_clk_wiz_0  {rise@0.000ns fall@4.000ns period=8.000ns})
  Path Group:             clk_out2_clk_wiz_0
  Path Type:              Hold (Min at Fast Process Corner)
  Requirement:            0.000ns  (clk_out2_clk_wiz_0 rise@0.000ns - clk_out2_clk_wiz_0 rise@0.000ns)
  Data Path Delay:        0.285ns  (logic 0.164ns (57.535%)  route 0.121ns (42.465%))
  Logic Levels:           0  
  Clock Path Skew:        0.000ns (DCD - SCD - CPR)
    Destination Clock Delay (DCD):    0.922ns
    Source Clock Delay      (SCD):    0.649ns
    Clock Pessimism Removal (CPR):    0.273ns

    Location             Delay type                Incr(ns)  Path(ns)    Netlist Resource(s)
  -------------------------------------------------------------------    -------------------
                         (clock clk_out2_clk_wiz_0 rise edge)
                                                      0.000     0.000 r  
    BUFGCTRL_X0Y2        BUFG                         0.000     0.000 r  clk_IBUF_BUFG_inst/O
                         net (fo=319, routed)         0.745     0.745    datapath/video_inst/mmcm_adv_inst_display_clocks/inst/clk_in1
    MMCME2_ADV_X1Y0      MMCME2_ADV (Prop_mmcme2_adv_CLKIN1_CLKOUT1)
                                                     -1.683    -0.938 r  datapath/video_inst/mmcm_adv_inst_display_clocks/inst/mmcm_adv_inst/CLKOUT1
                         net (fo=1, routed)           0.912    -0.026    datapath/video_inst/mmcm_adv_inst_display_clocks/inst/clk_out2_clk_wiz_0
    BUFGCTRL_X0Y0        BUFG (Prop_bufg_I_O)         0.026    -0.000 r  datapath/video_inst/mmcm_adv_inst_display_clocks/inst/clkout2_buf/O
                         net (fo=44, routed)          0.649     0.649    datapath/video_inst/inst_dvid/clk_out2
    SLICE_X162Y147       FDRE                                         r  datapath/video_inst/inst_dvid/shift_clock_reg[3]/C
  -------------------------------------------------------------------    -------------------
    SLICE_X162Y147       FDRE (Prop_fdre_C_Q)         0.164     0.813 r  datapath/video_inst/inst_dvid/shift_clock_reg[3]/Q
                         net (fo=2, routed)           0.121     0.934    datapath/video_inst/inst_dvid/shift_clock_reg_n_0_[3]
    SLICE_X162Y147       FDRE                                         r  datapath/video_inst/inst_dvid/shift_clock_reg[1]/D
  -------------------------------------------------------------------    -------------------

                         (clock clk_out2_clk_wiz_0 rise edge)
                                                      0.000     0.000 r  
    BUFGCTRL_X0Y2        BUFG                         0.000     0.000 r  clk_IBUF_BUFG_inst/O
                         net (fo=319, routed)         1.022     1.022    datapath/video_inst/mmcm_adv_inst_display_clocks/inst/clk_in1
    MMCME2_ADV_X1Y0      MMCME2_ADV (Prop_mmcme2_adv_CLKIN1_CLKOUT1)
                                                     -2.040    -1.018 r  datapath/video_inst/mmcm_adv_inst_display_clocks/inst/mmcm_adv_inst/CLKOUT1
                         net (fo=1, routed)           0.989    -0.029    datapath/video_inst/mmcm_adv_inst_display_clocks/inst/clk_out2_clk_wiz_0
    BUFGCTRL_X0Y0        BUFG (Prop_bufg_I_O)         0.029    -0.000 r  datapath/video_inst/mmcm_adv_inst_display_clocks/inst/clkout2_buf/O
                         net (fo=44, routed)          0.922     0.922    datapath/video_inst/inst_dvid/clk_out2
    SLICE_X162Y147       FDRE                                         r  datapath/video_inst/inst_dvid/shift_clock_reg[1]/C
                         clock pessimism             -0.273     0.649    
    SLICE_X162Y147       FDRE (Hold_fdre_C_D)         0.052     0.701    datapath/video_inst/inst_dvid/shift_clock_reg[1]
  -------------------------------------------------------------------
                         required time                         -0.701    
                         arrival time                           0.934    
  -------------------------------------------------------------------
                         slack                                  0.233    

Slack (MET) :             0.233ns  (arrival time - required time)
  Source:                 datapath/video_inst/inst_dvid/shift_clock_reg[9]/C
                            (rising edge-triggered cell FDRE clocked by clk_out2_clk_wiz_0  {rise@0.000ns fall@4.000ns period=8.000ns})
  Destination:            datapath/video_inst/inst_dvid/shift_clock_reg[7]/D
                            (rising edge-triggered cell FDRE clocked by clk_out2_clk_wiz_0  {rise@0.000ns fall@4.000ns period=8.000ns})
  Path Group:             clk_out2_clk_wiz_0
  Path Type:              Hold (Min at Fast Process Corner)
  Requirement:            0.000ns  (clk_out2_clk_wiz_0 rise@0.000ns - clk_out2_clk_wiz_0 rise@0.000ns)
  Data Path Delay:        0.285ns  (logic 0.164ns (57.535%)  route 0.121ns (42.465%))
  Logic Levels:           0  
  Clock Path Skew:        0.000ns (DCD - SCD - CPR)
    Destination Clock Delay (DCD):    0.922ns
    Source Clock Delay      (SCD):    0.649ns
    Clock Pessimism Removal (CPR):    0.273ns

    Location             Delay type                Incr(ns)  Path(ns)    Netlist Resource(s)
  -------------------------------------------------------------------    -------------------
                         (clock clk_out2_clk_wiz_0 rise edge)
                                                      0.000     0.000 r  
    BUFGCTRL_X0Y2        BUFG                         0.000     0.000 r  clk_IBUF_BUFG_inst/O
                         net (fo=319, routed)         0.745     0.745    datapath/video_inst/mmcm_adv_inst_display_clocks/inst/clk_in1
    MMCME2_ADV_X1Y0      MMCME2_ADV (Prop_mmcme2_adv_CLKIN1_CLKOUT1)
                                                     -1.683    -0.938 r  datapath/video_inst/mmcm_adv_inst_display_clocks/inst/mmcm_adv_inst/CLKOUT1
                         net (fo=1, routed)           0.912    -0.026    datapath/video_inst/mmcm_adv_inst_display_clocks/inst/clk_out2_clk_wiz_0
    BUFGCTRL_X0Y0        BUFG (Prop_bufg_I_O)         0.026    -0.000 r  datapath/video_inst/mmcm_adv_inst_display_clocks/inst/clkout2_buf/O
                         net (fo=44, routed)          0.649     0.649    datapath/video_inst/inst_dvid/clk_out2
    SLICE_X162Y148       FDRE                                         r  datapath/video_inst/inst_dvid/shift_clock_reg[9]/C
  -------------------------------------------------------------------    -------------------
    SLICE_X162Y148       FDRE (Prop_fdre_C_Q)         0.164     0.813 r  datapath/video_inst/inst_dvid/shift_clock_reg[9]/Q
                         net (fo=2, routed)           0.121     0.934    datapath/video_inst/inst_dvid/shift_clock_reg_n_0_[9]
    SLICE_X162Y148       FDRE                                         r  datapath/video_inst/inst_dvid/shift_clock_reg[7]/D
  -------------------------------------------------------------------    -------------------

                         (clock clk_out2_clk_wiz_0 rise edge)
                                                      0.000     0.000 r  
    BUFGCTRL_X0Y2        BUFG                         0.000     0.000 r  clk_IBUF_BUFG_inst/O
                         net (fo=319, routed)         1.022     1.022    datapath/video_inst/mmcm_adv_inst_display_clocks/inst/clk_in1
    MMCME2_ADV_X1Y0      MMCME2_ADV (Prop_mmcme2_adv_CLKIN1_CLKOUT1)
                                                     -2.040    -1.018 r  datapath/video_inst/mmcm_adv_inst_display_clocks/inst/mmcm_adv_inst/CLKOUT1
                         net (fo=1, routed)           0.989    -0.029    datapath/video_inst/mmcm_adv_inst_display_clocks/inst/clk_out2_clk_wiz_0
    BUFGCTRL_X0Y0        BUFG (Prop_bufg_I_O)         0.029    -0.000 r  datapath/video_inst/mmcm_adv_inst_display_clocks/inst/clkout2_buf/O
                         net (fo=44, routed)          0.922     0.922    datapath/video_inst/inst_dvid/clk_out2
    SLICE_X162Y148       FDRE                                         r  datapath/video_inst/inst_dvid/shift_clock_reg[7]/C
                         clock pessimism             -0.273     0.649    
    SLICE_X162Y148       FDRE (Hold_fdre_C_D)         0.052     0.701    datapath/video_inst/inst_dvid/shift_clock_reg[7]
  -------------------------------------------------------------------
                         required time                         -0.701    
                         arrival time                           0.934    
  -------------------------------------------------------------------
                         slack                                  0.233    

Slack (MET) :             0.236ns  (arrival time - required time)
  Source:                 datapath/video_inst/inst_dvid/shift_green_reg[2]/C
                            (rising edge-triggered cell FDRE clocked by clk_out2_clk_wiz_0  {rise@0.000ns fall@4.000ns period=8.000ns})
  Destination:            datapath/video_inst/inst_dvid/shift_green_reg[0]/D
                            (rising edge-triggered cell FDRE clocked by clk_out2_clk_wiz_0  {rise@0.000ns fall@4.000ns period=8.000ns})
  Path Group:             clk_out2_clk_wiz_0
  Path Type:              Hold (Min at Fast Process Corner)
  Requirement:            0.000ns  (clk_out2_clk_wiz_0 rise@0.000ns - clk_out2_clk_wiz_0 rise@0.000ns)
  Data Path Delay:        0.356ns  (logic 0.209ns (58.645%)  route 0.147ns (41.355%))
  Logic Levels:           1  (LUT3=1)
  Clock Path Skew:        0.000ns (DCD - SCD - CPR)
    Destination Clock Delay (DCD):    0.916ns
    Source Clock Delay      (SCD):    0.644ns
    Clock Pessimism Removal (CPR):    0.272ns

    Location             Delay type                Incr(ns)  Path(ns)    Netlist Resource(s)
  -------------------------------------------------------------------    -------------------
                         (clock clk_out2_clk_wiz_0 rise edge)
                                                      0.000     0.000 r  
    BUFGCTRL_X0Y2        BUFG                         0.000     0.000 r  clk_IBUF_BUFG_inst/O
                         net (fo=319, routed)         0.745     0.745    datapath/video_inst/mmcm_adv_inst_display_clocks/inst/clk_in1
    MMCME2_ADV_X1Y0      MMCME2_ADV (Prop_mmcme2_adv_CLKIN1_CLKOUT1)
                                                     -1.683    -0.938 r  datapath/video_inst/mmcm_adv_inst_display_clocks/inst/mmcm_adv_inst/CLKOUT1
                         net (fo=1, routed)           0.912    -0.026    datapath/video_inst/mmcm_adv_inst_display_clocks/inst/clk_out2_clk_wiz_0
    BUFGCTRL_X0Y0        BUFG (Prop_bufg_I_O)         0.026    -0.000 r  datapath/video_inst/mmcm_adv_inst_display_clocks/inst/clkout2_buf/O
                         net (fo=44, routed)          0.644     0.644    datapath/video_inst/inst_dvid/clk_out2
    SLICE_X162Y135       FDRE                                         r  datapath/video_inst/inst_dvid/shift_green_reg[2]/C
  -------------------------------------------------------------------    -------------------
    SLICE_X162Y135       FDRE (Prop_fdre_C_Q)         0.164     0.808 r  datapath/video_inst/inst_dvid/shift_green_reg[2]/Q
                         net (fo=1, routed)           0.147     0.955    datapath/video_inst/inst_dvid/shift_green[2]
    SLICE_X162Y135       LUT3 (Prop_lut3_I0_O)        0.045     1.000 r  datapath/video_inst/inst_dvid/shift_green[0]_i_1/O
                         net (fo=1, routed)           0.000     1.000    datapath/video_inst/inst_dvid/shift_green_1[0]
    SLICE_X162Y135       FDRE                                         r  datapath/video_inst/inst_dvid/shift_green_reg[0]/D
  -------------------------------------------------------------------    -------------------

                         (clock clk_out2_clk_wiz_0 rise edge)
                                                      0.000     0.000 r  
    BUFGCTRL_X0Y2        BUFG                         0.000     0.000 r  clk_IBUF_BUFG_inst/O
                         net (fo=319, routed)         1.022     1.022    datapath/video_inst/mmcm_adv_inst_display_clocks/inst/clk_in1
    MMCME2_ADV_X1Y0      MMCME2_ADV (Prop_mmcme2_adv_CLKIN1_CLKOUT1)
                                                     -2.040    -1.018 r  datapath/video_inst/mmcm_adv_inst_display_clocks/inst/mmcm_adv_inst/CLKOUT1
                         net (fo=1, routed)           0.989    -0.029    datapath/video_inst/mmcm_adv_inst_display_clocks/inst/clk_out2_clk_wiz_0
    BUFGCTRL_X0Y0        BUFG (Prop_bufg_I_O)         0.029    -0.000 r  datapath/video_inst/mmcm_adv_inst_display_clocks/inst/clkout2_buf/O
                         net (fo=44, routed)          0.916     0.916    datapath/video_inst/inst_dvid/clk_out2
    SLICE_X162Y135       FDRE                                         r  datapath/video_inst/inst_dvid/shift_green_reg[0]/C
                         clock pessimism             -0.272     0.644    
    SLICE_X162Y135       FDRE (Hold_fdre_C_D)         0.120     0.764    datapath/video_inst/inst_dvid/shift_green_reg[0]
  -------------------------------------------------------------------
                         required time                         -0.764    
                         arrival time                           1.000    
  -------------------------------------------------------------------
                         slack                                  0.236    

Slack (MET) :             0.248ns  (arrival time - required time)
  Source:                 datapath/video_inst/inst_dvid/shift_red_reg[2]/C
                            (rising edge-triggered cell FDRE clocked by clk_out2_clk_wiz_0  {rise@0.000ns fall@4.000ns period=8.000ns})
  Destination:            datapath/video_inst/inst_dvid/shift_red_reg[0]/D
                            (rising edge-triggered cell FDSE clocked by clk_out2_clk_wiz_0  {rise@0.000ns fall@4.000ns period=8.000ns})
  Path Group:             clk_out2_clk_wiz_0
  Path Type:              Hold (Min at Fast Process Corner)
  Requirement:            0.000ns  (clk_out2_clk_wiz_0 rise@0.000ns - clk_out2_clk_wiz_0 rise@0.000ns)
  Data Path Delay:        0.382ns  (logic 0.186ns (48.669%)  route 0.196ns (51.331%))
  Logic Levels:           1  (LUT2=1)
  Clock Path Skew:        0.014ns (DCD - SCD - CPR)
    Destination Clock Delay (DCD):    0.915ns
    Source Clock Delay      (SCD):    0.644ns
    Clock Pessimism Removal (CPR):    0.257ns

    Location             Delay type                Incr(ns)  Path(ns)    Netlist Resource(s)
  -------------------------------------------------------------------    -------------------
                         (clock clk_out2_clk_wiz_0 rise edge)
                                                      0.000     0.000 r  
    BUFGCTRL_X0Y2        BUFG                         0.000     0.000 r  clk_IBUF_BUFG_inst/O
                         net (fo=319, routed)         0.745     0.745    datapath/video_inst/mmcm_adv_inst_display_clocks/inst/clk_in1
    MMCME2_ADV_X1Y0      MMCME2_ADV (Prop_mmcme2_adv_CLKIN1_CLKOUT1)
                                                     -1.683    -0.938 r  datapath/video_inst/mmcm_adv_inst_display_clocks/inst/mmcm_adv_inst/CLKOUT1
                         net (fo=1, routed)           0.912    -0.026    datapath/video_inst/mmcm_adv_inst_display_clocks/inst/clk_out2_clk_wiz_0
    BUFGCTRL_X0Y0        BUFG (Prop_bufg_I_O)         0.026    -0.000 r  datapath/video_inst/mmcm_adv_inst_display_clocks/inst/clkout2_buf/O
                         net (fo=44, routed)          0.644     0.644    datapath/video_inst/inst_dvid/clk_out2
    SLICE_X163Y135       FDRE                                         r  datapath/video_inst/inst_dvid/shift_red_reg[2]/C
  -------------------------------------------------------------------    -------------------
    SLICE_X163Y135       FDRE (Prop_fdre_C_Q)         0.141     0.785 r  datapath/video_inst/inst_dvid/shift_red_reg[2]/Q
                         net (fo=1, routed)           0.196     0.981    datapath/video_inst/inst_dvid/data1[0]
    SLICE_X162Y134       LUT2 (Prop_lut2_I1_O)        0.045     1.026 r  datapath/video_inst/inst_dvid/shift_red[0]_i_1/O
                         net (fo=1, routed)           0.000     1.026    datapath/video_inst/inst_dvid/shift_red[0]_i_1_n_0
    SLICE_X162Y134       FDSE                                         r  datapath/video_inst/inst_dvid/shift_red_reg[0]/D
  -------------------------------------------------------------------    -------------------

                         (clock clk_out2_clk_wiz_0 rise edge)
                                                      0.000     0.000 r  
    BUFGCTRL_X0Y2        BUFG                         0.000     0.000 r  clk_IBUF_BUFG_inst/O
                         net (fo=319, routed)         1.022     1.022    datapath/video_inst/mmcm_adv_inst_display_clocks/inst/clk_in1
    MMCME2_ADV_X1Y0      MMCME2_ADV (Prop_mmcme2_adv_CLKIN1_CLKOUT1)
                                                     -2.040    -1.018 r  datapath/video_inst/mmcm_adv_inst_display_clocks/inst/mmcm_adv_inst/CLKOUT1
                         net (fo=1, routed)           0.989    -0.029    datapath/video_inst/mmcm_adv_inst_display_clocks/inst/clk_out2_clk_wiz_0
    BUFGCTRL_X0Y0        BUFG (Prop_bufg_I_O)         0.029    -0.000 r  datapath/video_inst/mmcm_adv_inst_display_clocks/inst/clkout2_buf/O
                         net (fo=44, routed)          0.915     0.915    datapath/video_inst/inst_dvid/clk_out2
    SLICE_X162Y134       FDSE                                         r  datapath/video_inst/inst_dvid/shift_red_reg[0]/C
                         clock pessimism             -0.257     0.658    
    SLICE_X162Y134       FDSE (Hold_fdse_C_D)         0.120     0.778    datapath/video_inst/inst_dvid/shift_red_reg[0]
  -------------------------------------------------------------------
                         required time                         -0.778    
                         arrival time                           1.026    
  -------------------------------------------------------------------
                         slack                                  0.248    

Slack (MET) :             0.252ns  (arrival time - required time)
  Source:                 datapath/video_inst/inst_dvid/shift_green_reg[9]/C
                            (rising edge-triggered cell FDRE clocked by clk_out2_clk_wiz_0  {rise@0.000ns fall@4.000ns period=8.000ns})
  Destination:            datapath/video_inst/inst_dvid/shift_green_reg[7]/D
                            (rising edge-triggered cell FDRE clocked by clk_out2_clk_wiz_0  {rise@0.000ns fall@4.000ns period=8.000ns})
  Path Group:             clk_out2_clk_wiz_0
  Path Type:              Hold (Min at Fast Process Corner)
  Requirement:            0.000ns  (clk_out2_clk_wiz_0 rise@0.000ns - clk_out2_clk_wiz_0 rise@0.000ns)
  Data Path Delay:        0.398ns  (logic 0.190ns (47.777%)  route 0.208ns (52.223%))
  Logic Levels:           1  (LUT3=1)
  Clock Path Skew:        0.015ns (DCD - SCD - CPR)
    Destination Clock Delay (DCD):    0.916ns
    Source Clock Delay      (SCD):    0.644ns
    Clock Pessimism Removal (CPR):    0.257ns

    Location             Delay type                Incr(ns)  Path(ns)    Netlist Resource(s)
  -------------------------------------------------------------------    -------------------
                         (clock clk_out2_clk_wiz_0 rise edge)
                                                      0.000     0.000 r  
    BUFGCTRL_X0Y2        BUFG                         0.000     0.000 r  clk_IBUF_BUFG_inst/O
                         net (fo=319, routed)         0.745     0.745    datapath/video_inst/mmcm_adv_inst_display_clocks/inst/clk_in1
    MMCME2_ADV_X1Y0      MMCME2_ADV (Prop_mmcme2_adv_CLKIN1_CLKOUT1)
                                                     -1.683    -0.938 r  datapath/video_inst/mmcm_adv_inst_display_clocks/inst/mmcm_adv_inst/CLKOUT1
                         net (fo=1, routed)           0.912    -0.026    datapath/video_inst/mmcm_adv_inst_display_clocks/inst/clk_out2_clk_wiz_0
    BUFGCTRL_X0Y0        BUFG (Prop_bufg_I_O)         0.026    -0.000 r  datapath/video_inst/mmcm_adv_inst_display_clocks/inst/clkout2_buf/O
                         net (fo=44, routed)          0.644     0.644    datapath/video_inst/inst_dvid/clk_out2
    SLICE_X163Y134       FDRE                                         r  datapath/video_inst/inst_dvid/shift_green_reg[9]/C
  -------------------------------------------------------------------    -------------------
    SLICE_X163Y134       FDRE (Prop_fdre_C_Q)         0.141     0.785 r  datapath/video_inst/inst_dvid/shift_green_reg[9]/Q
                         net (fo=1, routed)           0.208     0.992    datapath/video_inst/inst_dvid/shift_green[9]
    SLICE_X162Y135       LUT3 (Prop_lut3_I0_O)        0.049     1.041 r  datapath/video_inst/inst_dvid/shift_green[7]_i_1/O
                         net (fo=1, routed)           0.000     1.041    datapath/video_inst/inst_dvid/shift_green_1[7]
    SLICE_X162Y135       FDRE                                         r  datapath/video_inst/inst_dvid/shift_green_reg[7]/D
  -------------------------------------------------------------------    -------------------

                         (clock clk_out2_clk_wiz_0 rise edge)
                                                      0.000     0.000 r  
    BUFGCTRL_X0Y2        BUFG                         0.000     0.000 r  clk_IBUF_BUFG_inst/O
                         net (fo=319, routed)         1.022     1.022    datapath/video_inst/mmcm_adv_inst_display_clocks/inst/clk_in1
    MMCME2_ADV_X1Y0      MMCME2_ADV (Prop_mmcme2_adv_CLKIN1_CLKOUT1)
                                                     -2.040    -1.018 r  datapath/video_inst/mmcm_adv_inst_display_clocks/inst/mmcm_adv_inst/CLKOUT1
                         net (fo=1, routed)           0.989    -0.029    datapath/video_inst/mmcm_adv_inst_display_clocks/inst/clk_out2_clk_wiz_0
    BUFGCTRL_X0Y0        BUFG (Prop_bufg_I_O)         0.029    -0.000 r  datapath/video_inst/mmcm_adv_inst_display_clocks/inst/clkout2_buf/O
                         net (fo=44, routed)          0.916     0.916    datapath/video_inst/inst_dvid/clk_out2
    SLICE_X162Y135       FDRE                                         r  datapath/video_inst/inst_dvid/shift_green_reg[7]/C
                         clock pessimism             -0.257     0.659    
    SLICE_X162Y135       FDRE (Hold_fdre_C_D)         0.131     0.790    datapath/video_inst/inst_dvid/shift_green_reg[7]
  -------------------------------------------------------------------
                         required time                         -0.790    
                         arrival time                           1.041    
  -------------------------------------------------------------------
                         slack                                  0.252    

Slack (MET) :             0.263ns  (arrival time - required time)
  Source:                 datapath/video_inst/inst_dvid/shift_blue_reg[7]/C
                            (rising edge-triggered cell FDRE clocked by clk_out2_clk_wiz_0  {rise@0.000ns fall@4.000ns period=8.000ns})
  Destination:            datapath/video_inst/inst_dvid/shift_blue_reg[5]/D
                            (rising edge-triggered cell FDRE clocked by clk_out2_clk_wiz_0  {rise@0.000ns fall@4.000ns period=8.000ns})
  Path Group:             clk_out2_clk_wiz_0
  Path Type:              Hold (Min at Fast Process Corner)
  Requirement:            0.000ns  (clk_out2_clk_wiz_0 rise@0.000ns - clk_out2_clk_wiz_0 rise@0.000ns)
  Data Path Delay:        0.384ns  (logic 0.246ns (64.089%)  route 0.138ns (35.911%))
  Logic Levels:           1  (LUT3=1)
  Clock Path Skew:        0.000ns (DCD - SCD - CPR)
    Destination Clock Delay (DCD):    0.914ns
    Source Clock Delay      (SCD):    0.643ns
    Clock Pessimism Removal (CPR):    0.271ns

    Location             Delay type                Incr(ns)  Path(ns)    Netlist Resource(s)
  -------------------------------------------------------------------    -------------------
                         (clock clk_out2_clk_wiz_0 rise edge)
                                                      0.000     0.000 r  
    BUFGCTRL_X0Y2        BUFG                         0.000     0.000 r  clk_IBUF_BUFG_inst/O
                         net (fo=319, routed)         0.745     0.745    datapath/video_inst/mmcm_adv_inst_display_clocks/inst/clk_in1
    MMCME2_ADV_X1Y0      MMCME2_ADV (Prop_mmcme2_adv_CLKIN1_CLKOUT1)
                                                     -1.683    -0.938 r  datapath/video_inst/mmcm_adv_inst_display_clocks/inst/mmcm_adv_inst/CLKOUT1
                         net (fo=1, routed)           0.912    -0.026    datapath/video_inst/mmcm_adv_inst_display_clocks/inst/clk_out2_clk_wiz_0
    BUFGCTRL_X0Y0        BUFG (Prop_bufg_I_O)         0.026    -0.000 r  datapath/video_inst/mmcm_adv_inst_display_clocks/inst/clkout2_buf/O
                         net (fo=44, routed)          0.643     0.643    datapath/video_inst/inst_dvid/clk_out2
    SLICE_X162Y133       FDRE                                         r  datapath/video_inst/inst_dvid/shift_blue_reg[7]/C
  -------------------------------------------------------------------    -------------------
    SLICE_X162Y133       FDRE (Prop_fdre_C_Q)         0.148     0.791 r  datapath/video_inst/inst_dvid/shift_blue_reg[7]/Q
                         net (fo=1, routed)           0.138     0.928    datapath/video_inst/inst_dvid/shift_blue[7]
    SLICE_X162Y133       LUT3 (Prop_lut3_I0_O)        0.098     1.026 r  datapath/video_inst/inst_dvid/shift_blue[5]_i_1/O
                         net (fo=1, routed)           0.000     1.026    datapath/video_inst/inst_dvid/shift_blue_0[5]
    SLICE_X162Y133       FDRE                                         r  datapath/video_inst/inst_dvid/shift_blue_reg[5]/D
  -------------------------------------------------------------------    -------------------

                         (clock clk_out2_clk_wiz_0 rise edge)
                                                      0.000     0.000 r  
    BUFGCTRL_X0Y2        BUFG                         0.000     0.000 r  clk_IBUF_BUFG_inst/O
                         net (fo=319, routed)         1.022     1.022    datapath/video_inst/mmcm_adv_inst_display_clocks/inst/clk_in1
    MMCME2_ADV_X1Y0      MMCME2_ADV (Prop_mmcme2_adv_CLKIN1_CLKOUT1)
                                                     -2.040    -1.018 r  datapath/video_inst/mmcm_adv_inst_display_clocks/inst/mmcm_adv_inst/CLKOUT1
                         net (fo=1, routed)           0.989    -0.029    datapath/video_inst/mmcm_adv_inst_display_clocks/inst/clk_out2_clk_wiz_0
    BUFGCTRL_X0Y0        BUFG (Prop_bufg_I_O)         0.029    -0.000 r  datapath/video_inst/mmcm_adv_inst_display_clocks/inst/clkout2_buf/O
                         net (fo=44, routed)          0.914     0.914    datapath/video_inst/inst_dvid/clk_out2
    SLICE_X162Y133       FDRE                                         r  datapath/video_inst/inst_dvid/shift_blue_reg[5]/C
                         clock pessimism             -0.271     0.643    
    SLICE_X162Y133       FDRE (Hold_fdre_C_D)         0.121     0.764    datapath/video_inst/inst_dvid/shift_blue_reg[5]
  -------------------------------------------------------------------
                         required time                         -0.764    
                         arrival time                           1.026    
  -------------------------------------------------------------------
                         slack                                  0.263    





Pulse Width Checks
--------------------------------------------------------------------------------------
Clock Name:         clk_out2_clk_wiz_0
Waveform(ns):       { 0.000 4.000 }
Period(ns):         8.000
Sources:            { datapath/video_inst/mmcm_adv_inst_display_clocks/inst/mmcm_adv_inst/CLKOUT1 }

Check Type        Corner  Lib Pin             Reference Pin  Required(ns)  Actual(ns)  Slack(ns)  Location         Pin
Min Period        n/a     BUFG/I              n/a            2.155         8.000       5.845      BUFGCTRL_X0Y0    datapath/video_inst/mmcm_adv_inst_display_clocks/inst/clkout2_buf/I
Min Period        n/a     ODDR/C              n/a            1.474         8.000       6.526      OLOGIC_X1Y140    datapath/video_inst/inst_dvid/ODDR2_blue/C
Min Period        n/a     ODDR/C              n/a            1.474         8.000       6.526      OLOGIC_X1Y148    datapath/video_inst/inst_dvid/ODDR2_clock/C
Min Period        n/a     ODDR/C              n/a            1.474         8.000       6.526      OLOGIC_X1Y136    datapath/video_inst/inst_dvid/ODDR2_green/C
Min Period        n/a     ODDR/C              n/a            1.474         8.000       6.526      OLOGIC_X1Y134    datapath/video_inst/inst_dvid/ODDR2_red/C
Min Period        n/a     MMCME2_ADV/CLKOUT1  n/a            1.249         8.000       6.751      MMCME2_ADV_X1Y0  datapath/video_inst/mmcm_adv_inst_display_clocks/inst/mmcm_adv_inst/CLKOUT1
Min Period        n/a     FDRE/C              n/a            1.000         8.000       7.000      SLICE_X162Y133   datapath/video_inst/inst_dvid/shift_blue_reg[0]/C
Min Period        n/a     FDRE/C              n/a            1.000         8.000       7.000      SLICE_X162Y133   datapath/video_inst/inst_dvid/shift_blue_reg[1]/C
Min Period        n/a     FDRE/C              n/a            1.000         8.000       7.000      SLICE_X162Y133   datapath/video_inst/inst_dvid/shift_blue_reg[2]/C
Min Period        n/a     FDRE/C              n/a            1.000         8.000       7.000      SLICE_X162Y133   datapath/video_inst/inst_dvid/shift_blue_reg[3]/C
Max Period        n/a     MMCME2_ADV/CLKOUT1  n/a            213.360       8.000       205.360    MMCME2_ADV_X1Y0  datapath/video_inst/mmcm_adv_inst_display_clocks/inst/mmcm_adv_inst/CLKOUT1
Low Pulse Width   Slow    FDRE/C              n/a            0.500         4.000       3.500      SLICE_X162Y133   datapath/video_inst/inst_dvid/shift_blue_reg[0]/C
Low Pulse Width   Fast    FDRE/C              n/a            0.500         4.000       3.500      SLICE_X162Y133   datapath/video_inst/inst_dvid/shift_blue_reg[0]/C
Low Pulse Width   Slow    FDRE/C              n/a            0.500         4.000       3.500      SLICE_X162Y133   datapath/video_inst/inst_dvid/shift_blue_reg[1]/C
Low Pulse Width   Fast    FDRE/C              n/a            0.500         4.000       3.500      SLICE_X162Y133   datapath/video_inst/inst_dvid/shift_blue_reg[1]/C
Low Pulse Width   Slow    FDRE/C              n/a            0.500         4.000       3.500      SLICE_X162Y133   datapath/video_inst/inst_dvid/shift_blue_reg[2]/C
Low Pulse Width   Fast    FDRE/C              n/a            0.500         4.000       3.500      SLICE_X162Y133   datapath/video_inst/inst_dvid/shift_blue_reg[2]/C
Low Pulse Width   Slow    FDRE/C              n/a            0.500         4.000       3.500      SLICE_X162Y133   datapath/video_inst/inst_dvid/shift_blue_reg[3]/C
Low Pulse Width   Fast    FDRE/C              n/a            0.500         4.000       3.500      SLICE_X162Y133   datapath/video_inst/inst_dvid/shift_blue_reg[3]/C
Low Pulse Width   Slow    FDRE/C              n/a            0.500         4.000       3.500      SLICE_X162Y133   datapath/video_inst/inst_dvid/shift_blue_reg[4]/C
Low Pulse Width   Fast    FDRE/C              n/a            0.500         4.000       3.500      SLICE_X162Y133   datapath/video_inst/inst_dvid/shift_blue_reg[4]/C
High Pulse Width  Slow    FDRE/C              n/a            0.500         4.000       3.500      SLICE_X162Y133   datapath/video_inst/inst_dvid/shift_blue_reg[0]/C
High Pulse Width  Fast    FDRE/C              n/a            0.500         4.000       3.500      SLICE_X162Y133   datapath/video_inst/inst_dvid/shift_blue_reg[0]/C
High Pulse Width  Slow    FDRE/C              n/a            0.500         4.000       3.500      SLICE_X162Y133   datapath/video_inst/inst_dvid/shift_blue_reg[1]/C
High Pulse Width  Fast    FDRE/C              n/a            0.500         4.000       3.500      SLICE_X162Y133   datapath/video_inst/inst_dvid/shift_blue_reg[1]/C
High Pulse Width  Slow    FDRE/C              n/a            0.500         4.000       3.500      SLICE_X162Y133   datapath/video_inst/inst_dvid/shift_blue_reg[2]/C
High Pulse Width  Fast    FDRE/C              n/a            0.500         4.000       3.500      SLICE_X162Y133   datapath/video_inst/inst_dvid/shift_blue_reg[2]/C
High Pulse Width  Slow    FDRE/C              n/a            0.500         4.000       3.500      SLICE_X162Y133   datapath/video_inst/inst_dvid/shift_blue_reg[3]/C
High Pulse Width  Fast    FDRE/C              n/a            0.500         4.000       3.500      SLICE_X162Y133   datapath/video_inst/inst_dvid/shift_blue_reg[3]/C
High Pulse Width  Slow    FDRE/C              n/a            0.500         4.000       3.500      SLICE_X162Y133   datapath/video_inst/inst_dvid/shift_blue_reg[4]/C
High Pulse Width  Fast    FDRE/C              n/a            0.500         4.000       3.500      SLICE_X162Y133   datapath/video_inst/inst_dvid/shift_blue_reg[4]/C



---------------------------------------------------------------------------------------------------
From Clock:  clkfbout_clk_wiz_0
  To Clock:  clkfbout_clk_wiz_0

Setup :           NA  Failing Endpoints,  Worst Slack           NA  ,  Total Violation           NA
Hold  :           NA  Failing Endpoints,  Worst Slack           NA  ,  Total Violation           NA
PW    :            0  Failing Endpoints,  Worst Slack        7.845ns,  Total Violation        0.000ns
---------------------------------------------------------------------------------------------------


Pulse Width Checks
--------------------------------------------------------------------------------------
Clock Name:         clkfbout_clk_wiz_0
Waveform(ns):       { 0.000 5.000 }
Period(ns):         10.000
Sources:            { datapath/video_inst/mmcm_adv_inst_display_clocks/inst/mmcm_adv_inst/CLKFBOUT }

Check Type  Corner  Lib Pin              Reference Pin  Required(ns)  Actual(ns)  Slack(ns)  Location         Pin
Min Period  n/a     BUFG/I               n/a            2.155         10.000      7.845      BUFGCTRL_X0Y6    datapath/video_inst/mmcm_adv_inst_display_clocks/inst/clkf_buf/I
Min Period  n/a     MMCME2_ADV/CLKFBOUT  n/a            1.249         10.000      8.751      MMCME2_ADV_X1Y0  datapath/video_inst/mmcm_adv_inst_display_clocks/inst/mmcm_adv_inst/CLKFBOUT
Min Period  n/a     MMCME2_ADV/CLKFBIN   n/a            1.249         10.000      8.751      MMCME2_ADV_X1Y0  datapath/video_inst/mmcm_adv_inst_display_clocks/inst/mmcm_adv_inst/CLKFBIN
Max Period  n/a     MMCME2_ADV/CLKFBIN   n/a            100.000       10.000      90.000     MMCME2_ADV_X1Y0  datapath/video_inst/mmcm_adv_inst_display_clocks/inst/mmcm_adv_inst/CLKFBIN
Max Period  n/a     MMCME2_ADV/CLKFBOUT  n/a            213.360       10.000      203.360    MMCME2_ADV_X1Y0  datapath/video_inst/mmcm_adv_inst_display_clocks/inst/mmcm_adv_inst/CLKFBOUT



---------------------------------------------------------------------------------------------------
From Clock:  clk_out1_clk_wiz_0
  To Clock:  clk_out2_clk_wiz_0

Setup :            0  Failing Endpoints,  Worst Slack        4.679ns,  Total Violation        0.000ns
Hold  :            0  Failing Endpoints,  Worst Slack        0.053ns,  Total Violation        0.000ns
---------------------------------------------------------------------------------------------------


Max Delay Paths
--------------------------------------------------------------------------------------
Slack (MET) :             4.679ns  (required time - arrival time)
  Source:                 datapath/video_inst/inst_dvid/latched_green_reg[1]/C
                            (rising edge-triggered cell FDRE clocked by clk_out1_clk_wiz_0  {rise@0.000ns fall@20.000ns period=40.000ns})
  Destination:            datapath/video_inst/inst_dvid/shift_green_reg[7]/D
                            (rising edge-triggered cell FDRE clocked by clk_out2_clk_wiz_0  {rise@0.000ns fall@4.000ns period=8.000ns})
  Path Group:             clk_out2_clk_wiz_0
  Path Type:              Setup (Max at Slow Process Corner)
  Requirement:            8.000ns  (clk_out2_clk_wiz_0 rise@8.000ns - clk_out1_clk_wiz_0 rise@0.000ns)
  Data Path Delay:        2.979ns  (logic 0.613ns (20.577%)  route 2.366ns (79.423%))
  Logic Levels:           1  (LUT3=1)
  Clock Path Skew:        -0.245ns (DCD - SCD + CPR)
    Destination Clock Delay (DCD):    1.708ns = ( 9.708 - 8.000 ) 
    Source Clock Delay      (SCD):    1.825ns
    Clock Pessimism Removal (CPR):    -0.128ns
  Clock Uncertainty:      0.215ns  ((TSJ^2 + DJ^2)^1/2) / 2 + PE
    Total System Jitter     (TSJ):    0.071ns
    Discrete Jitter          (DJ):    0.175ns
    Phase Error              (PE):    0.120ns

    Location             Delay type                Incr(ns)  Path(ns)    Netlist Resource(s)
  -------------------------------------------------------------------    -------------------
                         (clock clk_out1_clk_wiz_0 rise edge)
                                                      0.000     0.000 r  
    BUFGCTRL_X0Y2        BUFG                         0.000     0.000 r  clk_IBUF_BUFG_inst/O
                         net (fo=319, routed)         2.106     2.106    datapath/video_inst/mmcm_adv_inst_display_clocks/inst/clk_in1
    MMCME2_ADV_X1Y0      MMCME2_ADV (Prop_mmcme2_adv_CLKIN1_CLKOUT0)
                                                     -4.900    -2.793 r  datapath/video_inst/mmcm_adv_inst_display_clocks/inst/mmcm_adv_inst/CLKOUT0
                         net (fo=1, routed)           2.697    -0.096    datapath/video_inst/mmcm_adv_inst_display_clocks/inst/clk_out1_clk_wiz_0
    BUFGCTRL_X0Y4        BUFG (Prop_bufg_I_O)         0.096    -0.000 r  datapath/video_inst/mmcm_adv_inst_display_clocks/inst/clkout1_buf/O
                         net (fo=83, routed)          1.825     1.825    datapath/video_inst/inst_dvid/clk_out1
    SLICE_X161Y134       FDRE                                         r  datapath/video_inst/inst_dvid/latched_green_reg[1]/C
  -------------------------------------------------------------------    -------------------
    SLICE_X161Y134       FDRE (Prop_fdre_C_Q)         0.456     2.281 r  datapath/video_inst/inst_dvid/latched_green_reg[1]/Q
                         net (fo=5, routed)           2.366     4.647    datapath/video_inst/inst_dvid/latched_green[1]
    SLICE_X162Y135       LUT3 (Prop_lut3_I2_O)        0.157     4.804 r  datapath/video_inst/inst_dvid/shift_green[7]_i_1/O
                         net (fo=1, routed)           0.000     4.804    datapath/video_inst/inst_dvid/shift_green_1[7]
    SLICE_X162Y135       FDRE                                         r  datapath/video_inst/inst_dvid/shift_green_reg[7]/D
  -------------------------------------------------------------------    -------------------

                         (clock clk_out2_clk_wiz_0 rise edge)
                                                      8.000     8.000 r  
    BUFGCTRL_X0Y2        BUFG                         0.000     8.000 r  clk_IBUF_BUFG_inst/O
                         net (fo=319, routed)         1.972     9.972    datapath/video_inst/mmcm_adv_inst_display_clocks/inst/clk_in1
    MMCME2_ADV_X1Y0      MMCME2_ADV (Prop_mmcme2_adv_CLKIN1_CLKOUT1)
                                                     -4.637     5.335 r  datapath/video_inst/mmcm_adv_inst_display_clocks/inst/mmcm_adv_inst/CLKOUT1
                         net (fo=1, routed)           2.574     7.909    datapath/video_inst/mmcm_adv_inst_display_clocks/inst/clk_out2_clk_wiz_0
    BUFGCTRL_X0Y0        BUFG (Prop_bufg_I_O)         0.091     8.000 r  datapath/video_inst/mmcm_adv_inst_display_clocks/inst/clkout2_buf/O
                         net (fo=44, routed)          1.708     9.708    datapath/video_inst/inst_dvid/clk_out2
    SLICE_X162Y135       FDRE                                         r  datapath/video_inst/inst_dvid/shift_green_reg[7]/C
                         clock pessimism             -0.128     9.580    
                         clock uncertainty           -0.215     9.366    
    SLICE_X162Y135       FDRE (Setup_fdre_C_D)        0.118     9.484    datapath/video_inst/inst_dvid/shift_green_reg[7]
  -------------------------------------------------------------------
                         required time                          9.484    
                         arrival time                          -4.804    
  -------------------------------------------------------------------
                         slack                                  4.679    

Slack (MET) :             4.869ns  (required time - arrival time)
  Source:                 datapath/video_inst/inst_dvid/latched_blue_reg[1]/C
                            (rising edge-triggered cell FDRE clocked by clk_out1_clk_wiz_0  {rise@0.000ns fall@20.000ns period=40.000ns})
  Destination:            datapath/video_inst/inst_dvid/shift_blue_reg[5]/D
                            (rising edge-triggered cell FDRE clocked by clk_out2_clk_wiz_0  {rise@0.000ns fall@4.000ns period=8.000ns})
  Path Group:             clk_out2_clk_wiz_0
  Path Type:              Setup (Max at Slow Process Corner)
  Requirement:            8.000ns  (clk_out2_clk_wiz_0 rise@8.000ns - clk_out1_clk_wiz_0 rise@0.000ns)
  Data Path Delay:        2.750ns  (logic 0.642ns (23.345%)  route 2.108ns (76.655%))
  Logic Levels:           1  (LUT3=1)
  Clock Path Skew:        -0.245ns (DCD - SCD + CPR)
    Destination Clock Delay (DCD):    1.706ns = ( 9.706 - 8.000 ) 
    Source Clock Delay      (SCD):    1.823ns
    Clock Pessimism Removal (CPR):    -0.128ns
  Clock Uncertainty:      0.215ns  ((TSJ^2 + DJ^2)^1/2) / 2 + PE
    Total System Jitter     (TSJ):    0.071ns
    Discrete Jitter          (DJ):    0.175ns
    Phase Error              (PE):    0.120ns

    Location             Delay type                Incr(ns)  Path(ns)    Netlist Resource(s)
  -------------------------------------------------------------------    -------------------
                         (clock clk_out1_clk_wiz_0 rise edge)
                                                      0.000     0.000 r  
    BUFGCTRL_X0Y2        BUFG                         0.000     0.000 r  clk_IBUF_BUFG_inst/O
                         net (fo=319, routed)         2.106     2.106    datapath/video_inst/mmcm_adv_inst_display_clocks/inst/clk_in1
    MMCME2_ADV_X1Y0      MMCME2_ADV (Prop_mmcme2_adv_CLKIN1_CLKOUT0)
                                                     -4.900    -2.793 r  datapath/video_inst/mmcm_adv_inst_display_clocks/inst/mmcm_adv_inst/CLKOUT0
                         net (fo=1, routed)           2.697    -0.096    datapath/video_inst/mmcm_adv_inst_display_clocks/inst/clk_out1_clk_wiz_0
    BUFGCTRL_X0Y4        BUFG (Prop_bufg_I_O)         0.096    -0.000 r  datapath/video_inst/mmcm_adv_inst_display_clocks/inst/clkout1_buf/O
                         net (fo=83, routed)          1.823     1.823    datapath/video_inst/inst_dvid/clk_out1
    SLICE_X162Y132       FDRE                                         r  datapath/video_inst/inst_dvid/latched_blue_reg[1]/C
  -------------------------------------------------------------------    -------------------
    SLICE_X162Y132       FDRE (Prop_fdre_C_Q)         0.518     2.341 r  datapath/video_inst/inst_dvid/latched_blue_reg[1]/Q
                         net (fo=4, routed)           2.108     4.449    datapath/video_inst/inst_dvid/latched_blue[1]
    SLICE_X162Y133       LUT3 (Prop_lut3_I2_O)        0.124     4.573 r  datapath/video_inst/inst_dvid/shift_blue[5]_i_1/O
                         net (fo=1, routed)           0.000     4.573    datapath/video_inst/inst_dvid/shift_blue_0[5]
    SLICE_X162Y133       FDRE                                         r  datapath/video_inst/inst_dvid/shift_blue_reg[5]/D
  -------------------------------------------------------------------    -------------------

                         (clock clk_out2_clk_wiz_0 rise edge)
                                                      8.000     8.000 r  
    BUFGCTRL_X0Y2        BUFG                         0.000     8.000 r  clk_IBUF_BUFG_inst/O
                         net (fo=319, routed)         1.972     9.972    datapath/video_inst/mmcm_adv_inst_display_clocks/inst/clk_in1
    MMCME2_ADV_X1Y0      MMCME2_ADV (Prop_mmcme2_adv_CLKIN1_CLKOUT1)
                                                     -4.637     5.335 r  datapath/video_inst/mmcm_adv_inst_display_clocks/inst/mmcm_adv_inst/CLKOUT1
                         net (fo=1, routed)           2.574     7.909    datapath/video_inst/mmcm_adv_inst_display_clocks/inst/clk_out2_clk_wiz_0
    BUFGCTRL_X0Y0        BUFG (Prop_bufg_I_O)         0.091     8.000 r  datapath/video_inst/mmcm_adv_inst_display_clocks/inst/clkout2_buf/O
                         net (fo=44, routed)          1.706     9.706    datapath/video_inst/inst_dvid/clk_out2
    SLICE_X162Y133       FDRE                                         r  datapath/video_inst/inst_dvid/shift_blue_reg[5]/C
                         clock pessimism             -0.128     9.578    
                         clock uncertainty           -0.215     9.364    
    SLICE_X162Y133       FDRE (Setup_fdre_C_D)        0.079     9.443    datapath/video_inst/inst_dvid/shift_blue_reg[5]
  -------------------------------------------------------------------
                         required time                          9.443    
                         arrival time                          -4.573    
  -------------------------------------------------------------------
                         slack                                  4.869    

Slack (MET) :             4.872ns  (required time - arrival time)
  Source:                 datapath/video_inst/inst_dvid/latched_red_reg[2]/C
                            (rising edge-triggered cell FDRE clocked by clk_out1_clk_wiz_0  {rise@0.000ns fall@20.000ns period=40.000ns})
  Destination:            datapath/video_inst/inst_dvid/shift_red_reg[2]/D
                            (rising edge-triggered cell FDRE clocked by clk_out2_clk_wiz_0  {rise@0.000ns fall@4.000ns period=8.000ns})
  Path Group:             clk_out2_clk_wiz_0
  Path Type:              Setup (Max at Slow Process Corner)
  Requirement:            8.000ns  (clk_out2_clk_wiz_0 rise@8.000ns - clk_out1_clk_wiz_0 rise@0.000ns)
  Data Path Delay:        2.697ns  (logic 0.580ns (21.503%)  route 2.117ns (78.497%))
  Logic Levels:           1  (LUT3=1)
  Clock Path Skew:        -0.245ns (DCD - SCD + CPR)
    Destination Clock Delay (DCD):    1.708ns = ( 9.708 - 8.000 ) 
    Source Clock Delay      (SCD):    1.825ns
    Clock Pessimism Removal (CPR):    -0.128ns
  Clock Uncertainty:      0.215ns  ((TSJ^2 + DJ^2)^1/2) / 2 + PE
    Total System Jitter     (TSJ):    0.071ns
    Discrete Jitter          (DJ):    0.175ns
    Phase Error              (PE):    0.120ns

    Location             Delay type                Incr(ns)  Path(ns)    Netlist Resource(s)
  -------------------------------------------------------------------    -------------------
                         (clock clk_out1_clk_wiz_0 rise edge)
                                                      0.000     0.000 r  
    BUFGCTRL_X0Y2        BUFG                         0.000     0.000 r  clk_IBUF_BUFG_inst/O
                         net (fo=319, routed)         2.106     2.106    datapath/video_inst/mmcm_adv_inst_display_clocks/inst/clk_in1
    MMCME2_ADV_X1Y0      MMCME2_ADV (Prop_mmcme2_adv_CLKIN1_CLKOUT0)
                                                     -4.900    -2.793 r  datapath/video_inst/mmcm_adv_inst_display_clocks/inst/mmcm_adv_inst/CLKOUT0
                         net (fo=1, routed)           2.697    -0.096    datapath/video_inst/mmcm_adv_inst_display_clocks/inst/clk_out1_clk_wiz_0
    BUFGCTRL_X0Y4        BUFG (Prop_bufg_I_O)         0.096    -0.000 r  datapath/video_inst/mmcm_adv_inst_display_clocks/inst/clkout1_buf/O
                         net (fo=83, routed)          1.825     1.825    datapath/video_inst/inst_dvid/clk_out1
    SLICE_X161Y134       FDRE                                         r  datapath/video_inst/inst_dvid/latched_red_reg[2]/C
  -------------------------------------------------------------------    -------------------
    SLICE_X161Y134       FDRE (Prop_fdre_C_Q)         0.456     2.281 r  datapath/video_inst/inst_dvid/latched_red_reg[2]/Q
                         net (fo=3, routed)           2.117     4.399    datapath/video_inst/inst_dvid/latched_red[2]
    SLICE_X163Y135       LUT3 (Prop_lut3_I2_O)        0.124     4.523 r  datapath/video_inst/inst_dvid/shift_red[2]_i_1/O
                         net (fo=1, routed)           0.000     4.523    datapath/video_inst/inst_dvid/shift_red[2]
    SLICE_X163Y135       FDRE                                         r  datapath/video_inst/inst_dvid/shift_red_reg[2]/D
  -------------------------------------------------------------------    -------------------

                         (clock clk_out2_clk_wiz_0 rise edge)
                                                      8.000     8.000 r  
    BUFGCTRL_X0Y2        BUFG                         0.000     8.000 r  clk_IBUF_BUFG_inst/O
                         net (fo=319, routed)         1.972     9.972    datapath/video_inst/mmcm_adv_inst_display_clocks/inst/clk_in1
    MMCME2_ADV_X1Y0      MMCME2_ADV (Prop_mmcme2_adv_CLKIN1_CLKOUT1)
                                                     -4.637     5.335 r  datapath/video_inst/mmcm_adv_inst_display_clocks/inst/mmcm_adv_inst/CLKOUT1
                         net (fo=1, routed)           2.574     7.909    datapath/video_inst/mmcm_adv_inst_display_clocks/inst/clk_out2_clk_wiz_0
    BUFGCTRL_X0Y0        BUFG (Prop_bufg_I_O)         0.091     8.000 r  datapath/video_inst/mmcm_adv_inst_display_clocks/inst/clkout2_buf/O
                         net (fo=44, routed)          1.708     9.708    datapath/video_inst/inst_dvid/clk_out2
    SLICE_X163Y135       FDRE                                         r  datapath/video_inst/inst_dvid/shift_red_reg[2]/C
                         clock pessimism             -0.128     9.580    
                         clock uncertainty           -0.215     9.366    
    SLICE_X163Y135       FDRE (Setup_fdre_C_D)        0.029     9.395    datapath/video_inst/inst_dvid/shift_red_reg[2]
  -------------------------------------------------------------------
                         required time                          9.395    
                         arrival time                          -4.523    
  -------------------------------------------------------------------
                         slack                                  4.872    

Slack (MET) :             4.876ns  (required time - arrival time)
  Source:                 datapath/video_inst/inst_dvid/latched_blue_reg[1]/C
                            (rising edge-triggered cell FDRE clocked by clk_out1_clk_wiz_0  {rise@0.000ns fall@20.000ns period=40.000ns})
  Destination:            datapath/video_inst/inst_dvid/shift_blue_reg[7]/D
                            (rising edge-triggered cell FDRE clocked by clk_out2_clk_wiz_0  {rise@0.000ns fall@4.000ns period=8.000ns})
  Path Group:             clk_out2_clk_wiz_0
  Path Type:              Setup (Max at Slow Process Corner)
  Requirement:            8.000ns  (clk_out2_clk_wiz_0 rise@8.000ns - clk_out1_clk_wiz_0 rise@0.000ns)
  Data Path Delay:        2.782ns  (logic 0.674ns (24.227%)  route 2.108ns (75.773%))
  Logic Levels:           1  (LUT3=1)
  Clock Path Skew:        -0.245ns (DCD - SCD + CPR)
    Destination Clock Delay (DCD):    1.706ns = ( 9.706 - 8.000 ) 
    Source Clock Delay      (SCD):    1.823ns
    Clock Pessimism Removal (CPR):    -0.128ns
  Clock Uncertainty:      0.215ns  ((TSJ^2 + DJ^2)^1/2) / 2 + PE
    Total System Jitter     (TSJ):    0.071ns
    Discrete Jitter          (DJ):    0.175ns
    Phase Error              (PE):    0.120ns

    Location             Delay type                Incr(ns)  Path(ns)    Netlist Resource(s)
  -------------------------------------------------------------------    -------------------
                         (clock clk_out1_clk_wiz_0 rise edge)
                                                      0.000     0.000 r  
    BUFGCTRL_X0Y2        BUFG                         0.000     0.000 r  clk_IBUF_BUFG_inst/O
                         net (fo=319, routed)         2.106     2.106    datapath/video_inst/mmcm_adv_inst_display_clocks/inst/clk_in1
    MMCME2_ADV_X1Y0      MMCME2_ADV (Prop_mmcme2_adv_CLKIN1_CLKOUT0)
                                                     -4.900    -2.793 r  datapath/video_inst/mmcm_adv_inst_display_clocks/inst/mmcm_adv_inst/CLKOUT0
                         net (fo=1, routed)           2.697    -0.096    datapath/video_inst/mmcm_adv_inst_display_clocks/inst/clk_out1_clk_wiz_0
    BUFGCTRL_X0Y4        BUFG (Prop_bufg_I_O)         0.096    -0.000 r  datapath/video_inst/mmcm_adv_inst_display_clocks/inst/clkout1_buf/O
                         net (fo=83, routed)          1.823     1.823    datapath/video_inst/inst_dvid/clk_out1
    SLICE_X162Y132       FDRE                                         r  datapath/video_inst/inst_dvid/latched_blue_reg[1]/C
  -------------------------------------------------------------------    -------------------
    SLICE_X162Y132       FDRE (Prop_fdre_C_Q)         0.518     2.341 r  datapath/video_inst/inst_dvid/latched_blue_reg[1]/Q
                         net (fo=4, routed)           2.108     4.449    datapath/video_inst/inst_dvid/latched_blue[1]
    SLICE_X162Y133       LUT3 (Prop_lut3_I2_O)        0.156     4.605 r  datapath/video_inst/inst_dvid/shift_blue[7]_i_1/O
                         net (fo=1, routed)           0.000     4.605    datapath/video_inst/inst_dvid/shift_blue_0[7]
    SLICE_X162Y133       FDRE                                         r  datapath/video_inst/inst_dvid/shift_blue_reg[7]/D
  -------------------------------------------------------------------    -------------------

                         (clock clk_out2_clk_wiz_0 rise edge)
                                                      8.000     8.000 r  
    BUFGCTRL_X0Y2        BUFG                         0.000     8.000 r  clk_IBUF_BUFG_inst/O
                         net (fo=319, routed)         1.972     9.972    datapath/video_inst/mmcm_adv_inst_display_clocks/inst/clk_in1
    MMCME2_ADV_X1Y0      MMCME2_ADV (Prop_mmcme2_adv_CLKIN1_CLKOUT1)
                                                     -4.637     5.335 r  datapath/video_inst/mmcm_adv_inst_display_clocks/inst/mmcm_adv_inst/CLKOUT1
                         net (fo=1, routed)           2.574     7.909    datapath/video_inst/mmcm_adv_inst_display_clocks/inst/clk_out2_clk_wiz_0
    BUFGCTRL_X0Y0        BUFG (Prop_bufg_I_O)         0.091     8.000 r  datapath/video_inst/mmcm_adv_inst_display_clocks/inst/clkout2_buf/O
                         net (fo=44, routed)          1.706     9.706    datapath/video_inst/inst_dvid/clk_out2
    SLICE_X162Y133       FDRE                                         r  datapath/video_inst/inst_dvid/shift_blue_reg[7]/C
                         clock pessimism             -0.128     9.578    
                         clock uncertainty           -0.215     9.364    
    SLICE_X162Y133       FDRE (Setup_fdre_C_D)        0.118     9.482    datapath/video_inst/inst_dvid/shift_blue_reg[7]
  -------------------------------------------------------------------
                         required time                          9.482    
                         arrival time                          -4.605    
  -------------------------------------------------------------------
                         slack                                  4.876    

Slack (MET) :             4.890ns  (required time - arrival time)
  Source:                 datapath/video_inst/inst_dvid/latched_red_reg[2]/C
                            (rising edge-triggered cell FDRE clocked by clk_out1_clk_wiz_0  {rise@0.000ns fall@20.000ns period=40.000ns})
  Destination:            datapath/video_inst/inst_dvid/shift_red_reg[4]/D
                            (rising edge-triggered cell FDRE clocked by clk_out2_clk_wiz_0  {rise@0.000ns fall@4.000ns period=8.000ns})
  Path Group:             clk_out2_clk_wiz_0
  Path Type:              Setup (Max at Slow Process Corner)
  Requirement:            8.000ns  (clk_out2_clk_wiz_0 rise@8.000ns - clk_out1_clk_wiz_0 rise@0.000ns)
  Data Path Delay:        2.725ns  (logic 0.608ns (22.310%)  route 2.117ns (77.690%))
  Logic Levels:           1  (LUT3=1)
  Clock Path Skew:        -0.245ns (DCD - SCD + CPR)
    Destination Clock Delay (DCD):    1.708ns = ( 9.708 - 8.000 ) 
    Source Clock Delay      (SCD):    1.825ns
    Clock Pessimism Removal (CPR):    -0.128ns
  Clock Uncertainty:      0.215ns  ((TSJ^2 + DJ^2)^1/2) / 2 + PE
    Total System Jitter     (TSJ):    0.071ns
    Discrete Jitter          (DJ):    0.175ns
    Phase Error              (PE):    0.120ns

    Location             Delay type                Incr(ns)  Path(ns)    Netlist Resource(s)
  -------------------------------------------------------------------    -------------------
                         (clock clk_out1_clk_wiz_0 rise edge)
                                                      0.000     0.000 r  
    BUFGCTRL_X0Y2        BUFG                         0.000     0.000 r  clk_IBUF_BUFG_inst/O
                         net (fo=319, routed)         2.106     2.106    datapath/video_inst/mmcm_adv_inst_display_clocks/inst/clk_in1
    MMCME2_ADV_X1Y0      MMCME2_ADV (Prop_mmcme2_adv_CLKIN1_CLKOUT0)
                                                     -4.900    -2.793 r  datapath/video_inst/mmcm_adv_inst_display_clocks/inst/mmcm_adv_inst/CLKOUT0
                         net (fo=1, routed)           2.697    -0.096    datapath/video_inst/mmcm_adv_inst_display_clocks/inst/clk_out1_clk_wiz_0
    BUFGCTRL_X0Y4        BUFG (Prop_bufg_I_O)         0.096    -0.000 r  datapath/video_inst/mmcm_adv_inst_display_clocks/inst/clkout1_buf/O
                         net (fo=83, routed)          1.825     1.825    datapath/video_inst/inst_dvid/clk_out1
    SLICE_X161Y134       FDRE                                         r  datapath/video_inst/inst_dvid/latched_red_reg[2]/C
  -------------------------------------------------------------------    -------------------
    SLICE_X161Y134       FDRE (Prop_fdre_C_Q)         0.456     2.281 r  datapath/video_inst/inst_dvid/latched_red_reg[2]/Q
                         net (fo=3, routed)           2.117     4.399    datapath/video_inst/inst_dvid/latched_red[2]
    SLICE_X163Y135       LUT3 (Prop_lut3_I2_O)        0.152     4.551 r  datapath/video_inst/inst_dvid/shift_red[4]_i_1/O
                         net (fo=1, routed)           0.000     4.551    datapath/video_inst/inst_dvid/shift_red[4]
    SLICE_X163Y135       FDRE                                         r  datapath/video_inst/inst_dvid/shift_red_reg[4]/D
  -------------------------------------------------------------------    -------------------

                         (clock clk_out2_clk_wiz_0 rise edge)
                                                      8.000     8.000 r  
    BUFGCTRL_X0Y2        BUFG                         0.000     8.000 r  clk_IBUF_BUFG_inst/O
                         net (fo=319, routed)         1.972     9.972    datapath/video_inst/mmcm_adv_inst_display_clocks/inst/clk_in1
    MMCME2_ADV_X1Y0      MMCME2_ADV (Prop_mmcme2_adv_CLKIN1_CLKOUT1)
                                                     -4.637     5.335 r  datapath/video_inst/mmcm_adv_inst_display_clocks/inst/mmcm_adv_inst/CLKOUT1
                         net (fo=1, routed)           2.574     7.909    datapath/video_inst/mmcm_adv_inst_display_clocks/inst/clk_out2_clk_wiz_0
    BUFGCTRL_X0Y0        BUFG (Prop_bufg_I_O)         0.091     8.000 r  datapath/video_inst/mmcm_adv_inst_display_clocks/inst/clkout2_buf/O
                         net (fo=44, routed)          1.708     9.708    datapath/video_inst/inst_dvid/clk_out2
    SLICE_X163Y135       FDRE                                         r  datapath/video_inst/inst_dvid/shift_red_reg[4]/C
                         clock pessimism             -0.128     9.580    
                         clock uncertainty           -0.215     9.366    
    SLICE_X163Y135       FDRE (Setup_fdre_C_D)        0.075     9.441    datapath/video_inst/inst_dvid/shift_red_reg[4]
  -------------------------------------------------------------------
                         required time                          9.441    
                         arrival time                          -4.551    
  -------------------------------------------------------------------
                         slack                                  4.890    

Slack (MET) :             4.910ns  (required time - arrival time)
  Source:                 datapath/video_inst/inst_dvid/latched_blue_reg[1]/C
                            (rising edge-triggered cell FDRE clocked by clk_out1_clk_wiz_0  {rise@0.000ns fall@20.000ns period=40.000ns})
  Destination:            datapath/video_inst/inst_dvid/shift_blue_reg[1]/D
                            (rising edge-triggered cell FDRE clocked by clk_out2_clk_wiz_0  {rise@0.000ns fall@4.000ns period=8.000ns})
  Path Group:             clk_out2_clk_wiz_0
  Path Type:              Setup (Max at Slow Process Corner)
  Requirement:            8.000ns  (clk_out2_clk_wiz_0 rise@8.000ns - clk_out1_clk_wiz_0 rise@0.000ns)
  Data Path Delay:        2.748ns  (logic 0.666ns (24.233%)  route 2.082ns (75.767%))
  Logic Levels:           1  (LUT3=1)
  Clock Path Skew:        -0.245ns (DCD - SCD + CPR)
    Destination Clock Delay (DCD):    1.706ns = ( 9.706 - 8.000 ) 
    Source Clock Delay      (SCD):    1.823ns
    Clock Pessimism Removal (CPR):    -0.128ns
  Clock Uncertainty:      0.215ns  ((TSJ^2 + DJ^2)^1/2) / 2 + PE
    Total System Jitter     (TSJ):    0.071ns
    Discrete Jitter          (DJ):    0.175ns
    Phase Error              (PE):    0.120ns

    Location             Delay type                Incr(ns)  Path(ns)    Netlist Resource(s)
  -------------------------------------------------------------------    -------------------
                         (clock clk_out1_clk_wiz_0 rise edge)
                                                      0.000     0.000 r  
    BUFGCTRL_X0Y2        BUFG                         0.000     0.000 r  clk_IBUF_BUFG_inst/O
                         net (fo=319, routed)         2.106     2.106    datapath/video_inst/mmcm_adv_inst_display_clocks/inst/clk_in1
    MMCME2_ADV_X1Y0      MMCME2_ADV (Prop_mmcme2_adv_CLKIN1_CLKOUT0)
                                                     -4.900    -2.793 r  datapath/video_inst/mmcm_adv_inst_display_clocks/inst/mmcm_adv_inst/CLKOUT0
                         net (fo=1, routed)           2.697    -0.096    datapath/video_inst/mmcm_adv_inst_display_clocks/inst/clk_out1_clk_wiz_0
    BUFGCTRL_X0Y4        BUFG (Prop_bufg_I_O)         0.096    -0.000 r  datapath/video_inst/mmcm_adv_inst_display_clocks/inst/clkout1_buf/O
                         net (fo=83, routed)          1.823     1.823    datapath/video_inst/inst_dvid/clk_out1
    SLICE_X162Y132       FDRE                                         r  datapath/video_inst/inst_dvid/latched_blue_reg[1]/C
  -------------------------------------------------------------------    -------------------
    SLICE_X162Y132       FDRE (Prop_fdre_C_Q)         0.518     2.341 r  datapath/video_inst/inst_dvid/latched_blue_reg[1]/Q
                         net (fo=4, routed)           2.082     4.424    datapath/video_inst/inst_dvid/latched_blue[1]
    SLICE_X162Y133       LUT3 (Prop_lut3_I2_O)        0.148     4.572 r  datapath/video_inst/inst_dvid/shift_blue[1]_i_1/O
                         net (fo=1, routed)           0.000     4.572    datapath/video_inst/inst_dvid/shift_blue_0[1]
    SLICE_X162Y133       FDRE                                         r  datapath/video_inst/inst_dvid/shift_blue_reg[1]/D
  -------------------------------------------------------------------    -------------------

                         (clock clk_out2_clk_wiz_0 rise edge)
                                                      8.000     8.000 r  
    BUFGCTRL_X0Y2        BUFG                         0.000     8.000 r  clk_IBUF_BUFG_inst/O
                         net (fo=319, routed)         1.972     9.972    datapath/video_inst/mmcm_adv_inst_display_clocks/inst/clk_in1
    MMCME2_ADV_X1Y0      MMCME2_ADV (Prop_mmcme2_adv_CLKIN1_CLKOUT1)
                                                     -4.637     5.335 r  datapath/video_inst/mmcm_adv_inst_display_clocks/inst/mmcm_adv_inst/CLKOUT1
                         net (fo=1, routed)           2.574     7.909    datapath/video_inst/mmcm_adv_inst_display_clocks/inst/clk_out2_clk_wiz_0
    BUFGCTRL_X0Y0        BUFG (Prop_bufg_I_O)         0.091     8.000 r  datapath/video_inst/mmcm_adv_inst_display_clocks/inst/clkout2_buf/O
                         net (fo=44, routed)          1.706     9.706    datapath/video_inst/inst_dvid/clk_out2
    SLICE_X162Y133       FDRE                                         r  datapath/video_inst/inst_dvid/shift_blue_reg[1]/C
                         clock pessimism             -0.128     9.578    
                         clock uncertainty           -0.215     9.364    
    SLICE_X162Y133       FDRE (Setup_fdre_C_D)        0.118     9.482    datapath/video_inst/inst_dvid/shift_blue_reg[1]
  -------------------------------------------------------------------
                         required time                          9.482    
                         arrival time                          -4.572    
  -------------------------------------------------------------------
                         slack                                  4.910    

Slack (MET) :             5.026ns  (required time - arrival time)
  Source:                 datapath/video_inst/inst_dvid/latched_red_reg[0]/C
                            (rising edge-triggered cell FDRE clocked by clk_out1_clk_wiz_0  {rise@0.000ns fall@20.000ns period=40.000ns})
  Destination:            datapath/video_inst/inst_dvid/shift_red_reg[0]/S
                            (rising edge-triggered cell FDSE clocked by clk_out2_clk_wiz_0  {rise@0.000ns fall@4.000ns period=8.000ns})
  Path Group:             clk_out2_clk_wiz_0
  Path Type:              Setup (Max at Slow Process Corner)
  Requirement:            8.000ns  (clk_out2_clk_wiz_0 rise@8.000ns - clk_out1_clk_wiz_0 rise@0.000ns)
  Data Path Delay:        1.990ns  (logic 0.718ns (36.085%)  route 1.272ns (63.915%))
  Logic Levels:           1  (LUT2=1)
  Clock Path Skew:        -0.245ns (DCD - SCD + CPR)
    Destination Clock Delay (DCD):    1.707ns = ( 9.707 - 8.000 ) 
    Source Clock Delay      (SCD):    1.824ns
    Clock Pessimism Removal (CPR):    -0.128ns
  Clock Uncertainty:      0.215ns  ((TSJ^2 + DJ^2)^1/2) / 2 + PE
    Total System Jitter     (TSJ):    0.071ns
    Discrete Jitter          (DJ):    0.175ns
    Phase Error              (PE):    0.120ns

    Location             Delay type                Incr(ns)  Path(ns)    Netlist Resource(s)
  -------------------------------------------------------------------    -------------------
                         (clock clk_out1_clk_wiz_0 rise edge)
                                                      0.000     0.000 r  
    BUFGCTRL_X0Y2        BUFG                         0.000     0.000 r  clk_IBUF_BUFG_inst/O
                         net (fo=319, routed)         2.106     2.106    datapath/video_inst/mmcm_adv_inst_display_clocks/inst/clk_in1
    MMCME2_ADV_X1Y0      MMCME2_ADV (Prop_mmcme2_adv_CLKIN1_CLKOUT0)
                                                     -4.900    -2.793 r  datapath/video_inst/mmcm_adv_inst_display_clocks/inst/mmcm_adv_inst/CLKOUT0
                         net (fo=1, routed)           2.697    -0.096    datapath/video_inst/mmcm_adv_inst_display_clocks/inst/clk_out1_clk_wiz_0
    BUFGCTRL_X0Y4        BUFG (Prop_bufg_I_O)         0.096    -0.000 r  datapath/video_inst/mmcm_adv_inst_display_clocks/inst/clkout1_buf/O
                         net (fo=83, routed)          1.824     1.824    datapath/video_inst/inst_dvid/clk_out1
    SLICE_X161Y133       FDRE                                         r  datapath/video_inst/inst_dvid/latched_red_reg[0]/C
  -------------------------------------------------------------------    -------------------
    SLICE_X161Y133       FDRE (Prop_fdre_C_Q)         0.419     2.243 r  datapath/video_inst/inst_dvid/latched_red_reg[0]/Q
                         net (fo=1, routed)           0.742     2.986    datapath/video_inst/inst_dvid/latched_red[0]
    SLICE_X162Y134       LUT2 (Prop_lut2_I0_O)        0.299     3.285 r  datapath/video_inst/inst_dvid/shift_red[7]_i_1/O
                         net (fo=5, routed)           0.529     3.814    datapath/video_inst/inst_dvid/shift_red[7]_i_1_n_0
    SLICE_X162Y134       FDSE                                         r  datapath/video_inst/inst_dvid/shift_red_reg[0]/S
  -------------------------------------------------------------------    -------------------

                         (clock clk_out2_clk_wiz_0 rise edge)
                                                      8.000     8.000 r  
    BUFGCTRL_X0Y2        BUFG                         0.000     8.000 r  clk_IBUF_BUFG_inst/O
                         net (fo=319, routed)         1.972     9.972    datapath/video_inst/mmcm_adv_inst_display_clocks/inst/clk_in1
    MMCME2_ADV_X1Y0      MMCME2_ADV (Prop_mmcme2_adv_CLKIN1_CLKOUT1)
                                                     -4.637     5.335 r  datapath/video_inst/mmcm_adv_inst_display_clocks/inst/mmcm_adv_inst/CLKOUT1
                         net (fo=1, routed)           2.574     7.909    datapath/video_inst/mmcm_adv_inst_display_clocks/inst/clk_out2_clk_wiz_0
    BUFGCTRL_X0Y0        BUFG (Prop_bufg_I_O)         0.091     8.000 r  datapath/video_inst/mmcm_adv_inst_display_clocks/inst/clkout2_buf/O
                         net (fo=44, routed)          1.707     9.707    datapath/video_inst/inst_dvid/clk_out2
    SLICE_X162Y134       FDSE                                         r  datapath/video_inst/inst_dvid/shift_red_reg[0]/C
                         clock pessimism             -0.128     9.579    
                         clock uncertainty           -0.215     9.365    
    SLICE_X162Y134       FDSE (Setup_fdse_C_S)       -0.524     8.841    datapath/video_inst/inst_dvid/shift_red_reg[0]
  -------------------------------------------------------------------
                         required time                          8.841    
                         arrival time                          -3.814    
  -------------------------------------------------------------------
                         slack                                  5.026    

Slack (MET) :             5.026ns  (required time - arrival time)
  Source:                 datapath/video_inst/inst_dvid/latched_red_reg[0]/C
                            (rising edge-triggered cell FDRE clocked by clk_out1_clk_wiz_0  {rise@0.000ns fall@20.000ns period=40.000ns})
  Destination:            datapath/video_inst/inst_dvid/shift_red_reg[1]/S
                            (rising edge-triggered cell FDSE clocked by clk_out2_clk_wiz_0  {rise@0.000ns fall@4.000ns period=8.000ns})
  Path Group:             clk_out2_clk_wiz_0
  Path Type:              Setup (Max at Slow Process Corner)
  Requirement:            8.000ns  (clk_out2_clk_wiz_0 rise@8.000ns - clk_out1_clk_wiz_0 rise@0.000ns)
  Data Path Delay:        1.990ns  (logic 0.718ns (36.085%)  route 1.272ns (63.915%))
  Logic Levels:           1  (LUT2=1)
  Clock Path Skew:        -0.245ns (DCD - SCD + CPR)
    Destination Clock Delay (DCD):    1.707ns = ( 9.707 - 8.000 ) 
    Source Clock Delay      (SCD):    1.824ns
    Clock Pessimism Removal (CPR):    -0.128ns
  Clock Uncertainty:      0.215ns  ((TSJ^2 + DJ^2)^1/2) / 2 + PE
    Total System Jitter     (TSJ):    0.071ns
    Discrete Jitter          (DJ):    0.175ns
    Phase Error              (PE):    0.120ns

    Location             Delay type                Incr(ns)  Path(ns)    Netlist Resource(s)
  -------------------------------------------------------------------    -------------------
                         (clock clk_out1_clk_wiz_0 rise edge)
                                                      0.000     0.000 r  
    BUFGCTRL_X0Y2        BUFG                         0.000     0.000 r  clk_IBUF_BUFG_inst/O
                         net (fo=319, routed)         2.106     2.106    datapath/video_inst/mmcm_adv_inst_display_clocks/inst/clk_in1
    MMCME2_ADV_X1Y0      MMCME2_ADV (Prop_mmcme2_adv_CLKIN1_CLKOUT0)
                                                     -4.900    -2.793 r  datapath/video_inst/mmcm_adv_inst_display_clocks/inst/mmcm_adv_inst/CLKOUT0
                         net (fo=1, routed)           2.697    -0.096    datapath/video_inst/mmcm_adv_inst_display_clocks/inst/clk_out1_clk_wiz_0
    BUFGCTRL_X0Y4        BUFG (Prop_bufg_I_O)         0.096    -0.000 r  datapath/video_inst/mmcm_adv_inst_display_clocks/inst/clkout1_buf/O
                         net (fo=83, routed)          1.824     1.824    datapath/video_inst/inst_dvid/clk_out1
    SLICE_X161Y133       FDRE                                         r  datapath/video_inst/inst_dvid/latched_red_reg[0]/C
  -------------------------------------------------------------------    -------------------
    SLICE_X161Y133       FDRE (Prop_fdre_C_Q)         0.419     2.243 r  datapath/video_inst/inst_dvid/latched_red_reg[0]/Q
                         net (fo=1, routed)           0.742     2.986    datapath/video_inst/inst_dvid/latched_red[0]
    SLICE_X162Y134       LUT2 (Prop_lut2_I0_O)        0.299     3.285 r  datapath/video_inst/inst_dvid/shift_red[7]_i_1/O
                         net (fo=5, routed)           0.529     3.814    datapath/video_inst/inst_dvid/shift_red[7]_i_1_n_0
    SLICE_X162Y134       FDSE                                         r  datapath/video_inst/inst_dvid/shift_red_reg[1]/S
  -------------------------------------------------------------------    -------------------

                         (clock clk_out2_clk_wiz_0 rise edge)
                                                      8.000     8.000 r  
    BUFGCTRL_X0Y2        BUFG                         0.000     8.000 r  clk_IBUF_BUFG_inst/O
                         net (fo=319, routed)         1.972     9.972    datapath/video_inst/mmcm_adv_inst_display_clocks/inst/clk_in1
    MMCME2_ADV_X1Y0      MMCME2_ADV (Prop_mmcme2_adv_CLKIN1_CLKOUT1)
                                                     -4.637     5.335 r  datapath/video_inst/mmcm_adv_inst_display_clocks/inst/mmcm_adv_inst/CLKOUT1
                         net (fo=1, routed)           2.574     7.909    datapath/video_inst/mmcm_adv_inst_display_clocks/inst/clk_out2_clk_wiz_0
    BUFGCTRL_X0Y0        BUFG (Prop_bufg_I_O)         0.091     8.000 r  datapath/video_inst/mmcm_adv_inst_display_clocks/inst/clkout2_buf/O
                         net (fo=44, routed)          1.707     9.707    datapath/video_inst/inst_dvid/clk_out2
    SLICE_X162Y134       FDSE                                         r  datapath/video_inst/inst_dvid/shift_red_reg[1]/C
                         clock pessimism             -0.128     9.579    
                         clock uncertainty           -0.215     9.365    
    SLICE_X162Y134       FDSE (Setup_fdse_C_S)       -0.524     8.841    datapath/video_inst/inst_dvid/shift_red_reg[1]
  -------------------------------------------------------------------
                         required time                          8.841    
                         arrival time                          -3.814    
  -------------------------------------------------------------------
                         slack                                  5.026    

Slack (MET) :             5.026ns  (required time - arrival time)
  Source:                 datapath/video_inst/inst_dvid/latched_red_reg[0]/C
                            (rising edge-triggered cell FDRE clocked by clk_out1_clk_wiz_0  {rise@0.000ns fall@20.000ns period=40.000ns})
  Destination:            datapath/video_inst/inst_dvid/shift_red_reg[3]/S
                            (rising edge-triggered cell FDSE clocked by clk_out2_clk_wiz_0  {rise@0.000ns fall@4.000ns period=8.000ns})
  Path Group:             clk_out2_clk_wiz_0
  Path Type:              Setup (Max at Slow Process Corner)
  Requirement:            8.000ns  (clk_out2_clk_wiz_0 rise@8.000ns - clk_out1_clk_wiz_0 rise@0.000ns)
  Data Path Delay:        1.990ns  (logic 0.718ns (36.085%)  route 1.272ns (63.915%))
  Logic Levels:           1  (LUT2=1)
  Clock Path Skew:        -0.245ns (DCD - SCD + CPR)
    Destination Clock Delay (DCD):    1.707ns = ( 9.707 - 8.000 ) 
    Source Clock Delay      (SCD):    1.824ns
    Clock Pessimism Removal (CPR):    -0.128ns
  Clock Uncertainty:      0.215ns  ((TSJ^2 + DJ^2)^1/2) / 2 + PE
    Total System Jitter     (TSJ):    0.071ns
    Discrete Jitter          (DJ):    0.175ns
    Phase Error              (PE):    0.120ns

    Location             Delay type                Incr(ns)  Path(ns)    Netlist Resource(s)
  -------------------------------------------------------------------    -------------------
                         (clock clk_out1_clk_wiz_0 rise edge)
                                                      0.000     0.000 r  
    BUFGCTRL_X0Y2        BUFG                         0.000     0.000 r  clk_IBUF_BUFG_inst/O
                         net (fo=319, routed)         2.106     2.106    datapath/video_inst/mmcm_adv_inst_display_clocks/inst/clk_in1
    MMCME2_ADV_X1Y0      MMCME2_ADV (Prop_mmcme2_adv_CLKIN1_CLKOUT0)
                                                     -4.900    -2.793 r  datapath/video_inst/mmcm_adv_inst_display_clocks/inst/mmcm_adv_inst/CLKOUT0
                         net (fo=1, routed)           2.697    -0.096    datapath/video_inst/mmcm_adv_inst_display_clocks/inst/clk_out1_clk_wiz_0
    BUFGCTRL_X0Y4        BUFG (Prop_bufg_I_O)         0.096    -0.000 r  datapath/video_inst/mmcm_adv_inst_display_clocks/inst/clkout1_buf/O
                         net (fo=83, routed)          1.824     1.824    datapath/video_inst/inst_dvid/clk_out1
    SLICE_X161Y133       FDRE                                         r  datapath/video_inst/inst_dvid/latched_red_reg[0]/C
  -------------------------------------------------------------------    -------------------
    SLICE_X161Y133       FDRE (Prop_fdre_C_Q)         0.419     2.243 r  datapath/video_inst/inst_dvid/latched_red_reg[0]/Q
                         net (fo=1, routed)           0.742     2.986    datapath/video_inst/inst_dvid/latched_red[0]
    SLICE_X162Y134       LUT2 (Prop_lut2_I0_O)        0.299     3.285 r  datapath/video_inst/inst_dvid/shift_red[7]_i_1/O
                         net (fo=5, routed)           0.529     3.814    datapath/video_inst/inst_dvid/shift_red[7]_i_1_n_0
    SLICE_X162Y134       FDSE                                         r  datapath/video_inst/inst_dvid/shift_red_reg[3]/S
  -------------------------------------------------------------------    -------------------

                         (clock clk_out2_clk_wiz_0 rise edge)
                                                      8.000     8.000 r  
    BUFGCTRL_X0Y2        BUFG                         0.000     8.000 r  clk_IBUF_BUFG_inst/O
                         net (fo=319, routed)         1.972     9.972    datapath/video_inst/mmcm_adv_inst_display_clocks/inst/clk_in1
    MMCME2_ADV_X1Y0      MMCME2_ADV (Prop_mmcme2_adv_CLKIN1_CLKOUT1)
                                                     -4.637     5.335 r  datapath/video_inst/mmcm_adv_inst_display_clocks/inst/mmcm_adv_inst/CLKOUT1
                         net (fo=1, routed)           2.574     7.909    datapath/video_inst/mmcm_adv_inst_display_clocks/inst/clk_out2_clk_wiz_0
    BUFGCTRL_X0Y0        BUFG (Prop_bufg_I_O)         0.091     8.000 r  datapath/video_inst/mmcm_adv_inst_display_clocks/inst/clkout2_buf/O
                         net (fo=44, routed)          1.707     9.707    datapath/video_inst/inst_dvid/clk_out2
    SLICE_X162Y134       FDSE                                         r  datapath/video_inst/inst_dvid/shift_red_reg[3]/C
                         clock pessimism             -0.128     9.579    
                         clock uncertainty           -0.215     9.365    
    SLICE_X162Y134       FDSE (Setup_fdse_C_S)       -0.524     8.841    datapath/video_inst/inst_dvid/shift_red_reg[3]
  -------------------------------------------------------------------
                         required time                          8.841    
                         arrival time                          -3.814    
  -------------------------------------------------------------------
                         slack                                  5.026    

Slack (MET) :             5.026ns  (required time - arrival time)
  Source:                 datapath/video_inst/inst_dvid/latched_red_reg[0]/C
                            (rising edge-triggered cell FDRE clocked by clk_out1_clk_wiz_0  {rise@0.000ns fall@20.000ns period=40.000ns})
  Destination:            datapath/video_inst/inst_dvid/shift_red_reg[5]/S
                            (rising edge-triggered cell FDSE clocked by clk_out2_clk_wiz_0  {rise@0.000ns fall@4.000ns period=8.000ns})
  Path Group:             clk_out2_clk_wiz_0
  Path Type:              Setup (Max at Slow Process Corner)
  Requirement:            8.000ns  (clk_out2_clk_wiz_0 rise@8.000ns - clk_out1_clk_wiz_0 rise@0.000ns)
  Data Path Delay:        1.990ns  (logic 0.718ns (36.085%)  route 1.272ns (63.915%))
  Logic Levels:           1  (LUT2=1)
  Clock Path Skew:        -0.245ns (DCD - SCD + CPR)
    Destination Clock Delay (DCD):    1.707ns = ( 9.707 - 8.000 ) 
    Source Clock Delay      (SCD):    1.824ns
    Clock Pessimism Removal (CPR):    -0.128ns
  Clock Uncertainty:      0.215ns  ((TSJ^2 + DJ^2)^1/2) / 2 + PE
    Total System Jitter     (TSJ):    0.071ns
    Discrete Jitter          (DJ):    0.175ns
    Phase Error              (PE):    0.120ns

    Location             Delay type                Incr(ns)  Path(ns)    Netlist Resource(s)
  -------------------------------------------------------------------    -------------------
                         (clock clk_out1_clk_wiz_0 rise edge)
                                                      0.000     0.000 r  
    BUFGCTRL_X0Y2        BUFG                         0.000     0.000 r  clk_IBUF_BUFG_inst/O
                         net (fo=319, routed)         2.106     2.106    datapath/video_inst/mmcm_adv_inst_display_clocks/inst/clk_in1
    MMCME2_ADV_X1Y0      MMCME2_ADV (Prop_mmcme2_adv_CLKIN1_CLKOUT0)
                                                     -4.900    -2.793 r  datapath/video_inst/mmcm_adv_inst_display_clocks/inst/mmcm_adv_inst/CLKOUT0
                         net (fo=1, routed)           2.697    -0.096    datapath/video_inst/mmcm_adv_inst_display_clocks/inst/clk_out1_clk_wiz_0
    BUFGCTRL_X0Y4        BUFG (Prop_bufg_I_O)         0.096    -0.000 r  datapath/video_inst/mmcm_adv_inst_display_clocks/inst/clkout1_buf/O
                         net (fo=83, routed)          1.824     1.824    datapath/video_inst/inst_dvid/clk_out1
    SLICE_X161Y133       FDRE                                         r  datapath/video_inst/inst_dvid/latched_red_reg[0]/C
  -------------------------------------------------------------------    -------------------
    SLICE_X161Y133       FDRE (Prop_fdre_C_Q)         0.419     2.243 r  datapath/video_inst/inst_dvid/latched_red_reg[0]/Q
                         net (fo=1, routed)           0.742     2.986    datapath/video_inst/inst_dvid/latched_red[0]
    SLICE_X162Y134       LUT2 (Prop_lut2_I0_O)        0.299     3.285 r  datapath/video_inst/inst_dvid/shift_red[7]_i_1/O
                         net (fo=5, routed)           0.529     3.814    datapath/video_inst/inst_dvid/shift_red[7]_i_1_n_0
    SLICE_X162Y134       FDSE                                         r  datapath/video_inst/inst_dvid/shift_red_reg[5]/S
  -------------------------------------------------------------------    -------------------

                         (clock clk_out2_clk_wiz_0 rise edge)
                                                      8.000     8.000 r  
    BUFGCTRL_X0Y2        BUFG                         0.000     8.000 r  clk_IBUF_BUFG_inst/O
                         net (fo=319, routed)         1.972     9.972    datapath/video_inst/mmcm_adv_inst_display_clocks/inst/clk_in1
    MMCME2_ADV_X1Y0      MMCME2_ADV (Prop_mmcme2_adv_CLKIN1_CLKOUT1)
                                                     -4.637     5.335 r  datapath/video_inst/mmcm_adv_inst_display_clocks/inst/mmcm_adv_inst/CLKOUT1
                         net (fo=1, routed)           2.574     7.909    datapath/video_inst/mmcm_adv_inst_display_clocks/inst/clk_out2_clk_wiz_0
    BUFGCTRL_X0Y0        BUFG (Prop_bufg_I_O)         0.091     8.000 r  datapath/video_inst/mmcm_adv_inst_display_clocks/inst/clkout2_buf/O
                         net (fo=44, routed)          1.707     9.707    datapath/video_inst/inst_dvid/clk_out2
    SLICE_X162Y134       FDSE                                         r  datapath/video_inst/inst_dvid/shift_red_reg[5]/C
                         clock pessimism             -0.128     9.579    
                         clock uncertainty           -0.215     9.365    
    SLICE_X162Y134       FDSE (Setup_fdse_C_S)       -0.524     8.841    datapath/video_inst/inst_dvid/shift_red_reg[5]
  -------------------------------------------------------------------
                         required time                          8.841    
                         arrival time                          -3.814    
  -------------------------------------------------------------------
                         slack                                  5.026    





Min Delay Paths
--------------------------------------------------------------------------------------
Slack (MET) :             0.053ns  (arrival time - required time)
  Source:                 datapath/video_inst/inst_dvid/latched_red_reg[0]/C
                            (rising edge-triggered cell FDRE clocked by clk_out1_clk_wiz_0  {rise@0.000ns fall@20.000ns period=40.000ns})
  Destination:            datapath/video_inst/inst_dvid/shift_red_reg[0]/S
                            (rising edge-triggered cell FDSE clocked by clk_out2_clk_wiz_0  {rise@0.000ns fall@4.000ns period=8.000ns})
  Path Group:             clk_out2_clk_wiz_0
  Path Type:              Hold (Min at Fast Process Corner)
  Requirement:            0.000ns  (clk_out2_clk_wiz_0 rise@0.000ns - clk_out1_clk_wiz_0 rise@0.000ns)
  Data Path Delay:        0.629ns  (logic 0.226ns (35.943%)  route 0.403ns (64.057%))
  Logic Levels:           1  (LUT2=1)
  Clock Path Skew:        0.352ns (DCD - SCD - CPR)
    Destination Clock Delay (DCD):    0.915ns
    Source Clock Delay      (SCD):    0.643ns
    Clock Pessimism Removal (CPR):    -0.080ns
  Clock Uncertainty:      0.215ns  ((TSJ^2 + DJ^2)^1/2) / 2 + PE
    Total System Jitter     (TSJ):    0.071ns
    Discrete Jitter          (DJ):    0.175ns
    Phase Error              (PE):    0.120ns

    Location             Delay type                Incr(ns)  Path(ns)    Netlist Resource(s)
  -------------------------------------------------------------------    -------------------
                         (clock clk_out1_clk_wiz_0 rise edge)
                                                      0.000     0.000 r  
    BUFGCTRL_X0Y2        BUFG                         0.000     0.000 r  clk_IBUF_BUFG_inst/O
                         net (fo=319, routed)         0.745     0.745    datapath/video_inst/mmcm_adv_inst_display_clocks/inst/clk_in1
    MMCME2_ADV_X1Y0      MMCME2_ADV (Prop_mmcme2_adv_CLKIN1_CLKOUT0)
                                                     -1.683    -0.938 r  datapath/video_inst/mmcm_adv_inst_display_clocks/inst/mmcm_adv_inst/CLKOUT0
                         net (fo=1, routed)           0.912    -0.026    datapath/video_inst/mmcm_adv_inst_display_clocks/inst/clk_out1_clk_wiz_0
    BUFGCTRL_X0Y4        BUFG (Prop_bufg_I_O)         0.026    -0.000 r  datapath/video_inst/mmcm_adv_inst_display_clocks/inst/clkout1_buf/O
                         net (fo=83, routed)          0.643     0.643    datapath/video_inst/inst_dvid/clk_out1
    SLICE_X161Y133       FDRE                                         r  datapath/video_inst/inst_dvid/latched_red_reg[0]/C
  -------------------------------------------------------------------    -------------------
    SLICE_X161Y133       FDRE (Prop_fdre_C_Q)         0.128     0.771 r  datapath/video_inst/inst_dvid/latched_red_reg[0]/Q
                         net (fo=1, routed)           0.227     0.998    datapath/video_inst/inst_dvid/latched_red[0]
    SLICE_X162Y134       LUT2 (Prop_lut2_I0_O)        0.098     1.096 r  datapath/video_inst/inst_dvid/shift_red[7]_i_1/O
                         net (fo=5, routed)           0.175     1.271    datapath/video_inst/inst_dvid/shift_red[7]_i_1_n_0
    SLICE_X162Y134       FDSE                                         r  datapath/video_inst/inst_dvid/shift_red_reg[0]/S
  -------------------------------------------------------------------    -------------------

                         (clock clk_out2_clk_wiz_0 rise edge)
                                                      0.000     0.000 r  
    BUFGCTRL_X0Y2        BUFG                         0.000     0.000 r  clk_IBUF_BUFG_inst/O
                         net (fo=319, routed)         1.022     1.022    datapath/video_inst/mmcm_adv_inst_display_clocks/inst/clk_in1
    MMCME2_ADV_X1Y0      MMCME2_ADV (Prop_mmcme2_adv_CLKIN1_CLKOUT1)
                                                     -2.040    -1.018 r  datapath/video_inst/mmcm_adv_inst_display_clocks/inst/mmcm_adv_inst/CLKOUT1
                         net (fo=1, routed)           0.989    -0.029    datapath/video_inst/mmcm_adv_inst_display_clocks/inst/clk_out2_clk_wiz_0
    BUFGCTRL_X0Y0        BUFG (Prop_bufg_I_O)         0.029    -0.000 r  datapath/video_inst/mmcm_adv_inst_display_clocks/inst/clkout2_buf/O
                         net (fo=44, routed)          0.915     0.915    datapath/video_inst/inst_dvid/clk_out2
    SLICE_X162Y134       FDSE                                         r  datapath/video_inst/inst_dvid/shift_red_reg[0]/C
                         clock pessimism              0.080     0.995    
                         clock uncertainty            0.215     1.209    
    SLICE_X162Y134       FDSE (Hold_fdse_C_S)         0.009     1.218    datapath/video_inst/inst_dvid/shift_red_reg[0]
  -------------------------------------------------------------------
                         required time                         -1.218    
                         arrival time                           1.271    
  -------------------------------------------------------------------
                         slack                                  0.053    

Slack (MET) :             0.053ns  (arrival time - required time)
  Source:                 datapath/video_inst/inst_dvid/latched_red_reg[0]/C
                            (rising edge-triggered cell FDRE clocked by clk_out1_clk_wiz_0  {rise@0.000ns fall@20.000ns period=40.000ns})
  Destination:            datapath/video_inst/inst_dvid/shift_red_reg[1]/S
                            (rising edge-triggered cell FDSE clocked by clk_out2_clk_wiz_0  {rise@0.000ns fall@4.000ns period=8.000ns})
  Path Group:             clk_out2_clk_wiz_0
  Path Type:              Hold (Min at Fast Process Corner)
  Requirement:            0.000ns  (clk_out2_clk_wiz_0 rise@0.000ns - clk_out1_clk_wiz_0 rise@0.000ns)
  Data Path Delay:        0.629ns  (logic 0.226ns (35.943%)  route 0.403ns (64.057%))
  Logic Levels:           1  (LUT2=1)
  Clock Path Skew:        0.352ns (DCD - SCD - CPR)
    Destination Clock Delay (DCD):    0.915ns
    Source Clock Delay      (SCD):    0.643ns
    Clock Pessimism Removal (CPR):    -0.080ns
  Clock Uncertainty:      0.215ns  ((TSJ^2 + DJ^2)^1/2) / 2 + PE
    Total System Jitter     (TSJ):    0.071ns
    Discrete Jitter          (DJ):    0.175ns
    Phase Error              (PE):    0.120ns

    Location             Delay type                Incr(ns)  Path(ns)    Netlist Resource(s)
  -------------------------------------------------------------------    -------------------
                         (clock clk_out1_clk_wiz_0 rise edge)
                                                      0.000     0.000 r  
    BUFGCTRL_X0Y2        BUFG                         0.000     0.000 r  clk_IBUF_BUFG_inst/O
                         net (fo=319, routed)         0.745     0.745    datapath/video_inst/mmcm_adv_inst_display_clocks/inst/clk_in1
    MMCME2_ADV_X1Y0      MMCME2_ADV (Prop_mmcme2_adv_CLKIN1_CLKOUT0)
                                                     -1.683    -0.938 r  datapath/video_inst/mmcm_adv_inst_display_clocks/inst/mmcm_adv_inst/CLKOUT0
                         net (fo=1, routed)           0.912    -0.026    datapath/video_inst/mmcm_adv_inst_display_clocks/inst/clk_out1_clk_wiz_0
    BUFGCTRL_X0Y4        BUFG (Prop_bufg_I_O)         0.026    -0.000 r  datapath/video_inst/mmcm_adv_inst_display_clocks/inst/clkout1_buf/O
                         net (fo=83, routed)          0.643     0.643    datapath/video_inst/inst_dvid/clk_out1
    SLICE_X161Y133       FDRE                                         r  datapath/video_inst/inst_dvid/latched_red_reg[0]/C
  -------------------------------------------------------------------    -------------------
    SLICE_X161Y133       FDRE (Prop_fdre_C_Q)         0.128     0.771 r  datapath/video_inst/inst_dvid/latched_red_reg[0]/Q
                         net (fo=1, routed)           0.227     0.998    datapath/video_inst/inst_dvid/latched_red[0]
    SLICE_X162Y134       LUT2 (Prop_lut2_I0_O)        0.098     1.096 r  datapath/video_inst/inst_dvid/shift_red[7]_i_1/O
                         net (fo=5, routed)           0.175     1.271    datapath/video_inst/inst_dvid/shift_red[7]_i_1_n_0
    SLICE_X162Y134       FDSE                                         r  datapath/video_inst/inst_dvid/shift_red_reg[1]/S
  -------------------------------------------------------------------    -------------------

                         (clock clk_out2_clk_wiz_0 rise edge)
                                                      0.000     0.000 r  
    BUFGCTRL_X0Y2        BUFG                         0.000     0.000 r  clk_IBUF_BUFG_inst/O
                         net (fo=319, routed)         1.022     1.022    datapath/video_inst/mmcm_adv_inst_display_clocks/inst/clk_in1
    MMCME2_ADV_X1Y0      MMCME2_ADV (Prop_mmcme2_adv_CLKIN1_CLKOUT1)
                                                     -2.040    -1.018 r  datapath/video_inst/mmcm_adv_inst_display_clocks/inst/mmcm_adv_inst/CLKOUT1
                         net (fo=1, routed)           0.989    -0.029    datapath/video_inst/mmcm_adv_inst_display_clocks/inst/clk_out2_clk_wiz_0
    BUFGCTRL_X0Y0        BUFG (Prop_bufg_I_O)         0.029    -0.000 r  datapath/video_inst/mmcm_adv_inst_display_clocks/inst/clkout2_buf/O
                         net (fo=44, routed)          0.915     0.915    datapath/video_inst/inst_dvid/clk_out2
    SLICE_X162Y134       FDSE                                         r  datapath/video_inst/inst_dvid/shift_red_reg[1]/C
                         clock pessimism              0.080     0.995    
                         clock uncertainty            0.215     1.209    
    SLICE_X162Y134       FDSE (Hold_fdse_C_S)         0.009     1.218    datapath/video_inst/inst_dvid/shift_red_reg[1]
  -------------------------------------------------------------------
                         required time                         -1.218    
                         arrival time                           1.271    
  -------------------------------------------------------------------
                         slack                                  0.053    

Slack (MET) :             0.053ns  (arrival time - required time)
  Source:                 datapath/video_inst/inst_dvid/latched_red_reg[0]/C
                            (rising edge-triggered cell FDRE clocked by clk_out1_clk_wiz_0  {rise@0.000ns fall@20.000ns period=40.000ns})
  Destination:            datapath/video_inst/inst_dvid/shift_red_reg[3]/S
                            (rising edge-triggered cell FDSE clocked by clk_out2_clk_wiz_0  {rise@0.000ns fall@4.000ns period=8.000ns})
  Path Group:             clk_out2_clk_wiz_0
  Path Type:              Hold (Min at Fast Process Corner)
  Requirement:            0.000ns  (clk_out2_clk_wiz_0 rise@0.000ns - clk_out1_clk_wiz_0 rise@0.000ns)
  Data Path Delay:        0.629ns  (logic 0.226ns (35.943%)  route 0.403ns (64.057%))
  Logic Levels:           1  (LUT2=1)
  Clock Path Skew:        0.352ns (DCD - SCD - CPR)
    Destination Clock Delay (DCD):    0.915ns
    Source Clock Delay      (SCD):    0.643ns
    Clock Pessimism Removal (CPR):    -0.080ns
  Clock Uncertainty:      0.215ns  ((TSJ^2 + DJ^2)^1/2) / 2 + PE
    Total System Jitter     (TSJ):    0.071ns
    Discrete Jitter          (DJ):    0.175ns
    Phase Error              (PE):    0.120ns

    Location             Delay type                Incr(ns)  Path(ns)    Netlist Resource(s)
  -------------------------------------------------------------------    -------------------
                         (clock clk_out1_clk_wiz_0 rise edge)
                                                      0.000     0.000 r  
    BUFGCTRL_X0Y2        BUFG                         0.000     0.000 r  clk_IBUF_BUFG_inst/O
                         net (fo=319, routed)         0.745     0.745    datapath/video_inst/mmcm_adv_inst_display_clocks/inst/clk_in1
    MMCME2_ADV_X1Y0      MMCME2_ADV (Prop_mmcme2_adv_CLKIN1_CLKOUT0)
                                                     -1.683    -0.938 r  datapath/video_inst/mmcm_adv_inst_display_clocks/inst/mmcm_adv_inst/CLKOUT0
                         net (fo=1, routed)           0.912    -0.026    datapath/video_inst/mmcm_adv_inst_display_clocks/inst/clk_out1_clk_wiz_0
    BUFGCTRL_X0Y4        BUFG (Prop_bufg_I_O)         0.026    -0.000 r  datapath/video_inst/mmcm_adv_inst_display_clocks/inst/clkout1_buf/O
                         net (fo=83, routed)          0.643     0.643    datapath/video_inst/inst_dvid/clk_out1
    SLICE_X161Y133       FDRE                                         r  datapath/video_inst/inst_dvid/latched_red_reg[0]/C
  -------------------------------------------------------------------    -------------------
    SLICE_X161Y133       FDRE (Prop_fdre_C_Q)         0.128     0.771 r  datapath/video_inst/inst_dvid/latched_red_reg[0]/Q
                         net (fo=1, routed)           0.227     0.998    datapath/video_inst/inst_dvid/latched_red[0]
    SLICE_X162Y134       LUT2 (Prop_lut2_I0_O)        0.098     1.096 r  datapath/video_inst/inst_dvid/shift_red[7]_i_1/O
                         net (fo=5, routed)           0.175     1.271    datapath/video_inst/inst_dvid/shift_red[7]_i_1_n_0
    SLICE_X162Y134       FDSE                                         r  datapath/video_inst/inst_dvid/shift_red_reg[3]/S
  -------------------------------------------------------------------    -------------------

                         (clock clk_out2_clk_wiz_0 rise edge)
                                                      0.000     0.000 r  
    BUFGCTRL_X0Y2        BUFG                         0.000     0.000 r  clk_IBUF_BUFG_inst/O
                         net (fo=319, routed)         1.022     1.022    datapath/video_inst/mmcm_adv_inst_display_clocks/inst/clk_in1
    MMCME2_ADV_X1Y0      MMCME2_ADV (Prop_mmcme2_adv_CLKIN1_CLKOUT1)
                                                     -2.040    -1.018 r  datapath/video_inst/mmcm_adv_inst_display_clocks/inst/mmcm_adv_inst/CLKOUT1
                         net (fo=1, routed)           0.989    -0.029    datapath/video_inst/mmcm_adv_inst_display_clocks/inst/clk_out2_clk_wiz_0
    BUFGCTRL_X0Y0        BUFG (Prop_bufg_I_O)         0.029    -0.000 r  datapath/video_inst/mmcm_adv_inst_display_clocks/inst/clkout2_buf/O
                         net (fo=44, routed)          0.915     0.915    datapath/video_inst/inst_dvid/clk_out2
    SLICE_X162Y134       FDSE                                         r  datapath/video_inst/inst_dvid/shift_red_reg[3]/C
                         clock pessimism              0.080     0.995    
                         clock uncertainty            0.215     1.209    
    SLICE_X162Y134       FDSE (Hold_fdse_C_S)         0.009     1.218    datapath/video_inst/inst_dvid/shift_red_reg[3]
  -------------------------------------------------------------------
                         required time                         -1.218    
                         arrival time                           1.271    
  -------------------------------------------------------------------
                         slack                                  0.053    

Slack (MET) :             0.053ns  (arrival time - required time)
  Source:                 datapath/video_inst/inst_dvid/latched_red_reg[0]/C
                            (rising edge-triggered cell FDRE clocked by clk_out1_clk_wiz_0  {rise@0.000ns fall@20.000ns period=40.000ns})
  Destination:            datapath/video_inst/inst_dvid/shift_red_reg[5]/S
                            (rising edge-triggered cell FDSE clocked by clk_out2_clk_wiz_0  {rise@0.000ns fall@4.000ns period=8.000ns})
  Path Group:             clk_out2_clk_wiz_0
  Path Type:              Hold (Min at Fast Process Corner)
  Requirement:            0.000ns  (clk_out2_clk_wiz_0 rise@0.000ns - clk_out1_clk_wiz_0 rise@0.000ns)
  Data Path Delay:        0.629ns  (logic 0.226ns (35.943%)  route 0.403ns (64.057%))
  Logic Levels:           1  (LUT2=1)
  Clock Path Skew:        0.352ns (DCD - SCD - CPR)
    Destination Clock Delay (DCD):    0.915ns
    Source Clock Delay      (SCD):    0.643ns
    Clock Pessimism Removal (CPR):    -0.080ns
  Clock Uncertainty:      0.215ns  ((TSJ^2 + DJ^2)^1/2) / 2 + PE
    Total System Jitter     (TSJ):    0.071ns
    Discrete Jitter          (DJ):    0.175ns
    Phase Error              (PE):    0.120ns

    Location             Delay type                Incr(ns)  Path(ns)    Netlist Resource(s)
  -------------------------------------------------------------------    -------------------
                         (clock clk_out1_clk_wiz_0 rise edge)
                                                      0.000     0.000 r  
    BUFGCTRL_X0Y2        BUFG                         0.000     0.000 r  clk_IBUF_BUFG_inst/O
                         net (fo=319, routed)         0.745     0.745    datapath/video_inst/mmcm_adv_inst_display_clocks/inst/clk_in1
    MMCME2_ADV_X1Y0      MMCME2_ADV (Prop_mmcme2_adv_CLKIN1_CLKOUT0)
                                                     -1.683    -0.938 r  datapath/video_inst/mmcm_adv_inst_display_clocks/inst/mmcm_adv_inst/CLKOUT0
                         net (fo=1, routed)           0.912    -0.026    datapath/video_inst/mmcm_adv_inst_display_clocks/inst/clk_out1_clk_wiz_0
    BUFGCTRL_X0Y4        BUFG (Prop_bufg_I_O)         0.026    -0.000 r  datapath/video_inst/mmcm_adv_inst_display_clocks/inst/clkout1_buf/O
                         net (fo=83, routed)          0.643     0.643    datapath/video_inst/inst_dvid/clk_out1
    SLICE_X161Y133       FDRE                                         r  datapath/video_inst/inst_dvid/latched_red_reg[0]/C
  -------------------------------------------------------------------    -------------------
    SLICE_X161Y133       FDRE (Prop_fdre_C_Q)         0.128     0.771 r  datapath/video_inst/inst_dvid/latched_red_reg[0]/Q
                         net (fo=1, routed)           0.227     0.998    datapath/video_inst/inst_dvid/latched_red[0]
    SLICE_X162Y134       LUT2 (Prop_lut2_I0_O)        0.098     1.096 r  datapath/video_inst/inst_dvid/shift_red[7]_i_1/O
                         net (fo=5, routed)           0.175     1.271    datapath/video_inst/inst_dvid/shift_red[7]_i_1_n_0
    SLICE_X162Y134       FDSE                                         r  datapath/video_inst/inst_dvid/shift_red_reg[5]/S
  -------------------------------------------------------------------    -------------------

                         (clock clk_out2_clk_wiz_0 rise edge)
                                                      0.000     0.000 r  
    BUFGCTRL_X0Y2        BUFG                         0.000     0.000 r  clk_IBUF_BUFG_inst/O
                         net (fo=319, routed)         1.022     1.022    datapath/video_inst/mmcm_adv_inst_display_clocks/inst/clk_in1
    MMCME2_ADV_X1Y0      MMCME2_ADV (Prop_mmcme2_adv_CLKIN1_CLKOUT1)
                                                     -2.040    -1.018 r  datapath/video_inst/mmcm_adv_inst_display_clocks/inst/mmcm_adv_inst/CLKOUT1
                         net (fo=1, routed)           0.989    -0.029    datapath/video_inst/mmcm_adv_inst_display_clocks/inst/clk_out2_clk_wiz_0
    BUFGCTRL_X0Y0        BUFG (Prop_bufg_I_O)         0.029    -0.000 r  datapath/video_inst/mmcm_adv_inst_display_clocks/inst/clkout2_buf/O
                         net (fo=44, routed)          0.915     0.915    datapath/video_inst/inst_dvid/clk_out2
    SLICE_X162Y134       FDSE                                         r  datapath/video_inst/inst_dvid/shift_red_reg[5]/C
                         clock pessimism              0.080     0.995    
                         clock uncertainty            0.215     1.209    
    SLICE_X162Y134       FDSE (Hold_fdse_C_S)         0.009     1.218    datapath/video_inst/inst_dvid/shift_red_reg[5]
  -------------------------------------------------------------------
                         required time                         -1.218    
                         arrival time                           1.271    
  -------------------------------------------------------------------
                         slack                                  0.053    

Slack (MET) :             0.053ns  (arrival time - required time)
  Source:                 datapath/video_inst/inst_dvid/latched_red_reg[0]/C
                            (rising edge-triggered cell FDRE clocked by clk_out1_clk_wiz_0  {rise@0.000ns fall@20.000ns period=40.000ns})
  Destination:            datapath/video_inst/inst_dvid/shift_red_reg[7]/S
                            (rising edge-triggered cell FDSE clocked by clk_out2_clk_wiz_0  {rise@0.000ns fall@4.000ns period=8.000ns})
  Path Group:             clk_out2_clk_wiz_0
  Path Type:              Hold (Min at Fast Process Corner)
  Requirement:            0.000ns  (clk_out2_clk_wiz_0 rise@0.000ns - clk_out1_clk_wiz_0 rise@0.000ns)
  Data Path Delay:        0.629ns  (logic 0.226ns (35.943%)  route 0.403ns (64.057%))
  Logic Levels:           1  (LUT2=1)
  Clock Path Skew:        0.352ns (DCD - SCD - CPR)
    Destination Clock Delay (DCD):    0.915ns
    Source Clock Delay      (SCD):    0.643ns
    Clock Pessimism Removal (CPR):    -0.080ns
  Clock Uncertainty:      0.215ns  ((TSJ^2 + DJ^2)^1/2) / 2 + PE
    Total System Jitter     (TSJ):    0.071ns
    Discrete Jitter          (DJ):    0.175ns
    Phase Error              (PE):    0.120ns

    Location             Delay type                Incr(ns)  Path(ns)    Netlist Resource(s)
  -------------------------------------------------------------------    -------------------
                         (clock clk_out1_clk_wiz_0 rise edge)
                                                      0.000     0.000 r  
    BUFGCTRL_X0Y2        BUFG                         0.000     0.000 r  clk_IBUF_BUFG_inst/O
                         net (fo=319, routed)         0.745     0.745    datapath/video_inst/mmcm_adv_inst_display_clocks/inst/clk_in1
    MMCME2_ADV_X1Y0      MMCME2_ADV (Prop_mmcme2_adv_CLKIN1_CLKOUT0)
                                                     -1.683    -0.938 r  datapath/video_inst/mmcm_adv_inst_display_clocks/inst/mmcm_adv_inst/CLKOUT0
                         net (fo=1, routed)           0.912    -0.026    datapath/video_inst/mmcm_adv_inst_display_clocks/inst/clk_out1_clk_wiz_0
    BUFGCTRL_X0Y4        BUFG (Prop_bufg_I_O)         0.026    -0.000 r  datapath/video_inst/mmcm_adv_inst_display_clocks/inst/clkout1_buf/O
                         net (fo=83, routed)          0.643     0.643    datapath/video_inst/inst_dvid/clk_out1
    SLICE_X161Y133       FDRE                                         r  datapath/video_inst/inst_dvid/latched_red_reg[0]/C
  -------------------------------------------------------------------    -------------------
    SLICE_X161Y133       FDRE (Prop_fdre_C_Q)         0.128     0.771 r  datapath/video_inst/inst_dvid/latched_red_reg[0]/Q
                         net (fo=1, routed)           0.227     0.998    datapath/video_inst/inst_dvid/latched_red[0]
    SLICE_X162Y134       LUT2 (Prop_lut2_I0_O)        0.098     1.096 r  datapath/video_inst/inst_dvid/shift_red[7]_i_1/O
                         net (fo=5, routed)           0.175     1.271    datapath/video_inst/inst_dvid/shift_red[7]_i_1_n_0
    SLICE_X162Y134       FDSE                                         r  datapath/video_inst/inst_dvid/shift_red_reg[7]/S
  -------------------------------------------------------------------    -------------------

                         (clock clk_out2_clk_wiz_0 rise edge)
                                                      0.000     0.000 r  
    BUFGCTRL_X0Y2        BUFG                         0.000     0.000 r  clk_IBUF_BUFG_inst/O
                         net (fo=319, routed)         1.022     1.022    datapath/video_inst/mmcm_adv_inst_display_clocks/inst/clk_in1
    MMCME2_ADV_X1Y0      MMCME2_ADV (Prop_mmcme2_adv_CLKIN1_CLKOUT1)
                                                     -2.040    -1.018 r  datapath/video_inst/mmcm_adv_inst_display_clocks/inst/mmcm_adv_inst/CLKOUT1
                         net (fo=1, routed)           0.989    -0.029    datapath/video_inst/mmcm_adv_inst_display_clocks/inst/clk_out2_clk_wiz_0
    BUFGCTRL_X0Y0        BUFG (Prop_bufg_I_O)         0.029    -0.000 r  datapath/video_inst/mmcm_adv_inst_display_clocks/inst/clkout2_buf/O
                         net (fo=44, routed)          0.915     0.915    datapath/video_inst/inst_dvid/clk_out2
    SLICE_X162Y134       FDSE                                         r  datapath/video_inst/inst_dvid/shift_red_reg[7]/C
                         clock pessimism              0.080     0.995    
                         clock uncertainty            0.215     1.209    
    SLICE_X162Y134       FDSE (Hold_fdse_C_S)         0.009     1.218    datapath/video_inst/inst_dvid/shift_red_reg[7]
  -------------------------------------------------------------------
                         required time                         -1.218    
                         arrival time                           1.271    
  -------------------------------------------------------------------
                         slack                                  0.053    

Slack (MET) :             0.142ns  (arrival time - required time)
  Source:                 datapath/video_inst/inst_dvid/latched_blue_reg[2]/C
                            (rising edge-triggered cell FDRE clocked by clk_out1_clk_wiz_0  {rise@0.000ns fall@20.000ns period=40.000ns})
  Destination:            datapath/video_inst/inst_dvid/shift_blue_reg[2]/D
                            (rising edge-triggered cell FDRE clocked by clk_out2_clk_wiz_0  {rise@0.000ns fall@4.000ns period=8.000ns})
  Path Group:             clk_out2_clk_wiz_0
  Path Type:              Hold (Min at Fast Process Corner)
  Requirement:            0.000ns  (clk_out2_clk_wiz_0 rise@0.000ns - clk_out1_clk_wiz_0 rise@0.000ns)
  Data Path Delay:        0.829ns  (logic 0.227ns (27.391%)  route 0.602ns (72.609%))
  Logic Levels:           1  (LUT3=1)
  Clock Path Skew:        0.351ns (DCD - SCD - CPR)
    Destination Clock Delay (DCD):    0.914ns
    Source Clock Delay      (SCD):    0.643ns
    Clock Pessimism Removal (CPR):    -0.080ns
  Clock Uncertainty:      0.215ns  ((TSJ^2 + DJ^2)^1/2) / 2 + PE
    Total System Jitter     (TSJ):    0.071ns
    Discrete Jitter          (DJ):    0.175ns
    Phase Error              (PE):    0.120ns

    Location             Delay type                Incr(ns)  Path(ns)    Netlist Resource(s)
  -------------------------------------------------------------------    -------------------
                         (clock clk_out1_clk_wiz_0 rise edge)
                                                      0.000     0.000 r  
    BUFGCTRL_X0Y2        BUFG                         0.000     0.000 r  clk_IBUF_BUFG_inst/O
                         net (fo=319, routed)         0.745     0.745    datapath/video_inst/mmcm_adv_inst_display_clocks/inst/clk_in1
    MMCME2_ADV_X1Y0      MMCME2_ADV (Prop_mmcme2_adv_CLKIN1_CLKOUT0)
                                                     -1.683    -0.938 r  datapath/video_inst/mmcm_adv_inst_display_clocks/inst/mmcm_adv_inst/CLKOUT0
                         net (fo=1, routed)           0.912    -0.026    datapath/video_inst/mmcm_adv_inst_display_clocks/inst/clk_out1_clk_wiz_0
    BUFGCTRL_X0Y4        BUFG (Prop_bufg_I_O)         0.026    -0.000 r  datapath/video_inst/mmcm_adv_inst_display_clocks/inst/clkout1_buf/O
                         net (fo=83, routed)          0.643     0.643    datapath/video_inst/inst_dvid/clk_out1
    SLICE_X161Y133       FDRE                                         r  datapath/video_inst/inst_dvid/latched_blue_reg[2]/C
  -------------------------------------------------------------------    -------------------
    SLICE_X161Y133       FDRE (Prop_fdre_C_Q)         0.128     0.771 r  datapath/video_inst/inst_dvid/latched_blue_reg[2]/Q
                         net (fo=1, routed)           0.602     1.372    datapath/video_inst/inst_dvid/latched_blue[2]
    SLICE_X162Y133       LUT3 (Prop_lut3_I2_O)        0.099     1.471 r  datapath/video_inst/inst_dvid/shift_blue[2]_i_1/O
                         net (fo=1, routed)           0.000     1.471    datapath/video_inst/inst_dvid/shift_blue_0[2]
    SLICE_X162Y133       FDRE                                         r  datapath/video_inst/inst_dvid/shift_blue_reg[2]/D
  -------------------------------------------------------------------    -------------------

                         (clock clk_out2_clk_wiz_0 rise edge)
                                                      0.000     0.000 r  
    BUFGCTRL_X0Y2        BUFG                         0.000     0.000 r  clk_IBUF_BUFG_inst/O
                         net (fo=319, routed)         1.022     1.022    datapath/video_inst/mmcm_adv_inst_display_clocks/inst/clk_in1
    MMCME2_ADV_X1Y0      MMCME2_ADV (Prop_mmcme2_adv_CLKIN1_CLKOUT1)
                                                     -2.040    -1.018 r  datapath/video_inst/mmcm_adv_inst_display_clocks/inst/mmcm_adv_inst/CLKOUT1
                         net (fo=1, routed)           0.989    -0.029    datapath/video_inst/mmcm_adv_inst_display_clocks/inst/clk_out2_clk_wiz_0
    BUFGCTRL_X0Y0        BUFG (Prop_bufg_I_O)         0.029    -0.000 r  datapath/video_inst/mmcm_adv_inst_display_clocks/inst/clkout2_buf/O
                         net (fo=44, routed)          0.914     0.914    datapath/video_inst/inst_dvid/clk_out2
    SLICE_X162Y133       FDRE                                         r  datapath/video_inst/inst_dvid/shift_blue_reg[2]/C
                         clock pessimism              0.080     0.994    
                         clock uncertainty            0.215     1.208    
    SLICE_X162Y133       FDRE (Hold_fdre_C_D)         0.121     1.329    datapath/video_inst/inst_dvid/shift_blue_reg[2]
  -------------------------------------------------------------------
                         required time                         -1.329    
                         arrival time                           1.471    
  -------------------------------------------------------------------
                         slack                                  0.142    

Slack (MET) :             0.157ns  (arrival time - required time)
  Source:                 datapath/video_inst/inst_dvid/latched_red_reg[2]/C
                            (rising edge-triggered cell FDRE clocked by clk_out1_clk_wiz_0  {rise@0.000ns fall@20.000ns period=40.000ns})
  Destination:            datapath/video_inst/inst_dvid/shift_red_reg[6]/D
                            (rising edge-triggered cell FDRE clocked by clk_out2_clk_wiz_0  {rise@0.000ns fall@4.000ns period=8.000ns})
  Path Group:             clk_out2_clk_wiz_0
  Path Type:              Hold (Min at Fast Process Corner)
  Requirement:            0.000ns  (clk_out2_clk_wiz_0 rise@0.000ns - clk_out1_clk_wiz_0 rise@0.000ns)
  Data Path Delay:        0.816ns  (logic 0.186ns (22.800%)  route 0.630ns (77.200%))
  Logic Levels:           1  (LUT3=1)
  Clock Path Skew:        0.352ns (DCD - SCD - CPR)
    Destination Clock Delay (DCD):    0.916ns
    Source Clock Delay      (SCD):    0.644ns
    Clock Pessimism Removal (CPR):    -0.080ns
  Clock Uncertainty:      0.215ns  ((TSJ^2 + DJ^2)^1/2) / 2 + PE
    Total System Jitter     (TSJ):    0.071ns
    Discrete Jitter          (DJ):    0.175ns
    Phase Error              (PE):    0.120ns

    Location             Delay type                Incr(ns)  Path(ns)    Netlist Resource(s)
  -------------------------------------------------------------------    -------------------
                         (clock clk_out1_clk_wiz_0 rise edge)
                                                      0.000     0.000 r  
    BUFGCTRL_X0Y2        BUFG                         0.000     0.000 r  clk_IBUF_BUFG_inst/O
                         net (fo=319, routed)         0.745     0.745    datapath/video_inst/mmcm_adv_inst_display_clocks/inst/clk_in1
    MMCME2_ADV_X1Y0      MMCME2_ADV (Prop_mmcme2_adv_CLKIN1_CLKOUT0)
                                                     -1.683    -0.938 r  datapath/video_inst/mmcm_adv_inst_display_clocks/inst/mmcm_adv_inst/CLKOUT0
                         net (fo=1, routed)           0.912    -0.026    datapath/video_inst/mmcm_adv_inst_display_clocks/inst/clk_out1_clk_wiz_0
    BUFGCTRL_X0Y4        BUFG (Prop_bufg_I_O)         0.026    -0.000 r  datapath/video_inst/mmcm_adv_inst_display_clocks/inst/clkout1_buf/O
                         net (fo=83, routed)          0.644     0.644    datapath/video_inst/inst_dvid/clk_out1
    SLICE_X161Y134       FDRE                                         r  datapath/video_inst/inst_dvid/latched_red_reg[2]/C
  -------------------------------------------------------------------    -------------------
    SLICE_X161Y134       FDRE (Prop_fdre_C_Q)         0.141     0.785 r  datapath/video_inst/inst_dvid/latched_red_reg[2]/Q
                         net (fo=3, routed)           0.630     1.414    datapath/video_inst/inst_dvid/latched_red[2]
    SLICE_X163Y135       LUT3 (Prop_lut3_I2_O)        0.045     1.459 r  datapath/video_inst/inst_dvid/shift_red[6]_i_1/O
                         net (fo=1, routed)           0.000     1.459    datapath/video_inst/inst_dvid/shift_red[6]
    SLICE_X163Y135       FDRE                                         r  datapath/video_inst/inst_dvid/shift_red_reg[6]/D
  -------------------------------------------------------------------    -------------------

                         (clock clk_out2_clk_wiz_0 rise edge)
                                                      0.000     0.000 r  
    BUFGCTRL_X0Y2        BUFG                         0.000     0.000 r  clk_IBUF_BUFG_inst/O
                         net (fo=319, routed)         1.022     1.022    datapath/video_inst/mmcm_adv_inst_display_clocks/inst/clk_in1
    MMCME2_ADV_X1Y0      MMCME2_ADV (Prop_mmcme2_adv_CLKIN1_CLKOUT1)
                                                     -2.040    -1.018 r  datapath/video_inst/mmcm_adv_inst_display_clocks/inst/mmcm_adv_inst/CLKOUT1
                         net (fo=1, routed)           0.989    -0.029    datapath/video_inst/mmcm_adv_inst_display_clocks/inst/clk_out2_clk_wiz_0
    BUFGCTRL_X0Y0        BUFG (Prop_bufg_I_O)         0.029    -0.000 r  datapath/video_inst/mmcm_adv_inst_display_clocks/inst/clkout2_buf/O
                         net (fo=44, routed)          0.916     0.916    datapath/video_inst/inst_dvid/clk_out2
    SLICE_X163Y135       FDRE                                         r  datapath/video_inst/inst_dvid/shift_red_reg[6]/C
                         clock pessimism              0.080     0.996    
                         clock uncertainty            0.215     1.210    
    SLICE_X163Y135       FDRE (Hold_fdre_C_D)         0.092     1.302    datapath/video_inst/inst_dvid/shift_red_reg[6]
  -------------------------------------------------------------------
                         required time                         -1.302    
                         arrival time                           1.459    
  -------------------------------------------------------------------
                         slack                                  0.157    

Slack (MET) :             0.167ns  (arrival time - required time)
  Source:                 datapath/video_inst/inst_dvid/latched_blue_reg[8]/C
                            (rising edge-triggered cell FDRE clocked by clk_out1_clk_wiz_0  {rise@0.000ns fall@20.000ns period=40.000ns})
  Destination:            datapath/video_inst/inst_dvid/shift_blue_reg[8]/D
                            (rising edge-triggered cell FDRE clocked by clk_out2_clk_wiz_0  {rise@0.000ns fall@4.000ns period=8.000ns})
  Path Group:             clk_out2_clk_wiz_0
  Path Type:              Hold (Min at Fast Process Corner)
  Requirement:            0.000ns  (clk_out2_clk_wiz_0 rise@0.000ns - clk_out1_clk_wiz_0 rise@0.000ns)
  Data Path Delay:        0.804ns  (logic 0.164ns (20.407%)  route 0.640ns (79.593%))
  Logic Levels:           0  
  Clock Path Skew:        0.352ns (DCD - SCD - CPR)
    Destination Clock Delay (DCD):    0.914ns
    Source Clock Delay      (SCD):    0.642ns
    Clock Pessimism Removal (CPR):    -0.080ns
  Clock Uncertainty:      0.215ns  ((TSJ^2 + DJ^2)^1/2) / 2 + PE
    Total System Jitter     (TSJ):    0.071ns
    Discrete Jitter          (DJ):    0.175ns
    Phase Error              (PE):    0.120ns

    Location             Delay type                Incr(ns)  Path(ns)    Netlist Resource(s)
  -------------------------------------------------------------------    -------------------
                         (clock clk_out1_clk_wiz_0 rise edge)
                                                      0.000     0.000 r  
    BUFGCTRL_X0Y2        BUFG                         0.000     0.000 r  clk_IBUF_BUFG_inst/O
                         net (fo=319, routed)         0.745     0.745    datapath/video_inst/mmcm_adv_inst_display_clocks/inst/clk_in1
    MMCME2_ADV_X1Y0      MMCME2_ADV (Prop_mmcme2_adv_CLKIN1_CLKOUT0)
                                                     -1.683    -0.938 r  datapath/video_inst/mmcm_adv_inst_display_clocks/inst/mmcm_adv_inst/CLKOUT0
                         net (fo=1, routed)           0.912    -0.026    datapath/video_inst/mmcm_adv_inst_display_clocks/inst/clk_out1_clk_wiz_0
    BUFGCTRL_X0Y4        BUFG (Prop_bufg_I_O)         0.026    -0.000 r  datapath/video_inst/mmcm_adv_inst_display_clocks/inst/clkout1_buf/O
                         net (fo=83, routed)          0.642     0.642    datapath/video_inst/inst_dvid/clk_out1
    SLICE_X162Y132       FDRE                                         r  datapath/video_inst/inst_dvid/latched_blue_reg[8]/C
  -------------------------------------------------------------------    -------------------
    SLICE_X162Y132       FDRE (Prop_fdre_C_Q)         0.164     0.806 r  datapath/video_inst/inst_dvid/latched_blue_reg[8]/Q
                         net (fo=1, routed)           0.640     1.445    datapath/video_inst/inst_dvid/latched_blue[8]
    SLICE_X163Y133       FDRE                                         r  datapath/video_inst/inst_dvid/shift_blue_reg[8]/D
  -------------------------------------------------------------------    -------------------

                         (clock clk_out2_clk_wiz_0 rise edge)
                                                      0.000     0.000 r  
    BUFGCTRL_X0Y2        BUFG                         0.000     0.000 r  clk_IBUF_BUFG_inst/O
                         net (fo=319, routed)         1.022     1.022    datapath/video_inst/mmcm_adv_inst_display_clocks/inst/clk_in1
    MMCME2_ADV_X1Y0      MMCME2_ADV (Prop_mmcme2_adv_CLKIN1_CLKOUT1)
                                                     -2.040    -1.018 r  datapath/video_inst/mmcm_adv_inst_display_clocks/inst/mmcm_adv_inst/CLKOUT1
                         net (fo=1, routed)           0.989    -0.029    datapath/video_inst/mmcm_adv_inst_display_clocks/inst/clk_out2_clk_wiz_0
    BUFGCTRL_X0Y0        BUFG (Prop_bufg_I_O)         0.029    -0.000 r  datapath/video_inst/mmcm_adv_inst_display_clocks/inst/clkout2_buf/O
                         net (fo=44, routed)          0.914     0.914    datapath/video_inst/inst_dvid/clk_out2
    SLICE_X163Y133       FDRE                                         r  datapath/video_inst/inst_dvid/shift_blue_reg[8]/C
                         clock pessimism              0.080     0.994    
                         clock uncertainty            0.215     1.208    
    SLICE_X163Y133       FDRE (Hold_fdre_C_D)         0.070     1.278    datapath/video_inst/inst_dvid/shift_blue_reg[8]
  -------------------------------------------------------------------
                         required time                         -1.278    
                         arrival time                           1.445    
  -------------------------------------------------------------------
                         slack                                  0.167    

Slack (MET) :             0.224ns  (arrival time - required time)
  Source:                 datapath/video_inst/inst_dvid/latched_blue_reg[9]/C
                            (rising edge-triggered cell FDRE clocked by clk_out1_clk_wiz_0  {rise@0.000ns fall@20.000ns period=40.000ns})
  Destination:            datapath/video_inst/inst_dvid/shift_blue_reg[9]/D
                            (rising edge-triggered cell FDRE clocked by clk_out2_clk_wiz_0  {rise@0.000ns fall@4.000ns period=8.000ns})
  Path Group:             clk_out2_clk_wiz_0
  Path Type:              Hold (Min at Fast Process Corner)
  Requirement:            0.000ns  (clk_out2_clk_wiz_0 rise@0.000ns - clk_out1_clk_wiz_0 rise@0.000ns)
  Data Path Delay:        0.803ns  (logic 0.128ns (15.933%)  route 0.675ns (84.067%))
  Logic Levels:           0  
  Clock Path Skew:        0.351ns (DCD - SCD - CPR)
    Destination Clock Delay (DCD):    0.914ns
    Source Clock Delay      (SCD):    0.643ns
    Clock Pessimism Removal (CPR):    -0.080ns
  Clock Uncertainty:      0.215ns  ((TSJ^2 + DJ^2)^1/2) / 2 + PE
    Total System Jitter     (TSJ):    0.071ns
    Discrete Jitter          (DJ):    0.175ns
    Phase Error              (PE):    0.120ns

    Location             Delay type                Incr(ns)  Path(ns)    Netlist Resource(s)
  -------------------------------------------------------------------    -------------------
                         (clock clk_out1_clk_wiz_0 rise edge)
                                                      0.000     0.000 r  
    BUFGCTRL_X0Y2        BUFG                         0.000     0.000 r  clk_IBUF_BUFG_inst/O
                         net (fo=319, routed)         0.745     0.745    datapath/video_inst/mmcm_adv_inst_display_clocks/inst/clk_in1
    MMCME2_ADV_X1Y0      MMCME2_ADV (Prop_mmcme2_adv_CLKIN1_CLKOUT0)
                                                     -1.683    -0.938 r  datapath/video_inst/mmcm_adv_inst_display_clocks/inst/mmcm_adv_inst/CLKOUT0
                         net (fo=1, routed)           0.912    -0.026    datapath/video_inst/mmcm_adv_inst_display_clocks/inst/clk_out1_clk_wiz_0
    BUFGCTRL_X0Y4        BUFG (Prop_bufg_I_O)         0.026    -0.000 r  datapath/video_inst/mmcm_adv_inst_display_clocks/inst/clkout1_buf/O
                         net (fo=83, routed)          0.643     0.643    datapath/video_inst/inst_dvid/clk_out1
    SLICE_X161Y133       FDRE                                         r  datapath/video_inst/inst_dvid/latched_blue_reg[9]/C
  -------------------------------------------------------------------    -------------------
    SLICE_X161Y133       FDRE (Prop_fdre_C_Q)         0.128     0.771 r  datapath/video_inst/inst_dvid/latched_blue_reg[9]/Q
                         net (fo=1, routed)           0.675     1.446    datapath/video_inst/inst_dvid/latched_blue[9]
    SLICE_X163Y133       FDRE                                         r  datapath/video_inst/inst_dvid/shift_blue_reg[9]/D
  -------------------------------------------------------------------    -------------------

                         (clock clk_out2_clk_wiz_0 rise edge)
                                                      0.000     0.000 r  
    BUFGCTRL_X0Y2        BUFG                         0.000     0.000 r  clk_IBUF_BUFG_inst/O
                         net (fo=319, routed)         1.022     1.022    datapath/video_inst/mmcm_adv_inst_display_clocks/inst/clk_in1
    MMCME2_ADV_X1Y0      MMCME2_ADV (Prop_mmcme2_adv_CLKIN1_CLKOUT1)
                                                     -2.040    -1.018 r  datapath/video_inst/mmcm_adv_inst_display_clocks/inst/mmcm_adv_inst/CLKOUT1
                         net (fo=1, routed)           0.989    -0.029    datapath/video_inst/mmcm_adv_inst_display_clocks/inst/clk_out2_clk_wiz_0
    BUFGCTRL_X0Y0        BUFG (Prop_bufg_I_O)         0.029    -0.000 r  datapath/video_inst/mmcm_adv_inst_display_clocks/inst/clkout2_buf/O
                         net (fo=44, routed)          0.914     0.914    datapath/video_inst/inst_dvid/clk_out2
    SLICE_X163Y133       FDRE                                         r  datapath/video_inst/inst_dvid/shift_blue_reg[9]/C
                         clock pessimism              0.080     0.994    
                         clock uncertainty            0.215     1.208    
    SLICE_X163Y133       FDRE (Hold_fdre_C_D)         0.013     1.221    datapath/video_inst/inst_dvid/shift_blue_reg[9]
  -------------------------------------------------------------------
                         required time                         -1.221    
                         arrival time                           1.446    
  -------------------------------------------------------------------
                         slack                                  0.224    

Slack (MET) :             0.234ns  (arrival time - required time)
  Source:                 datapath/video_inst/inst_dvid/latched_green_reg[8]/C
                            (rising edge-triggered cell FDRE clocked by clk_out1_clk_wiz_0  {rise@0.000ns fall@20.000ns period=40.000ns})
  Destination:            datapath/video_inst/inst_dvid/shift_green_reg[8]/D
                            (rising edge-triggered cell FDRE clocked by clk_out2_clk_wiz_0  {rise@0.000ns fall@4.000ns period=8.000ns})
  Path Group:             clk_out2_clk_wiz_0
  Path Type:              Hold (Min at Fast Process Corner)
  Requirement:            0.000ns  (clk_out2_clk_wiz_0 rise@0.000ns - clk_out1_clk_wiz_0 rise@0.000ns)
  Data Path Delay:        0.873ns  (logic 0.164ns (18.784%)  route 0.709ns (81.216%))
  Logic Levels:           0  
  Clock Path Skew:        0.354ns (DCD - SCD - CPR)
    Destination Clock Delay (DCD):    0.915ns
    Source Clock Delay      (SCD):    0.641ns
    Clock Pessimism Removal (CPR):    -0.080ns
  Clock Uncertainty:      0.215ns  ((TSJ^2 + DJ^2)^1/2) / 2 + PE
    Total System Jitter     (TSJ):    0.071ns
    Discrete Jitter          (DJ):    0.175ns
    Phase Error              (PE):    0.120ns

    Location             Delay type                Incr(ns)  Path(ns)    Netlist Resource(s)
  -------------------------------------------------------------------    -------------------
                         (clock clk_out1_clk_wiz_0 rise edge)
                                                      0.000     0.000 r  
    BUFGCTRL_X0Y2        BUFG                         0.000     0.000 r  clk_IBUF_BUFG_inst/O
                         net (fo=319, routed)         0.745     0.745    datapath/video_inst/mmcm_adv_inst_display_clocks/inst/clk_in1
    MMCME2_ADV_X1Y0      MMCME2_ADV (Prop_mmcme2_adv_CLKIN1_CLKOUT0)
                                                     -1.683    -0.938 r  datapath/video_inst/mmcm_adv_inst_display_clocks/inst/mmcm_adv_inst/CLKOUT0
                         net (fo=1, routed)           0.912    -0.026    datapath/video_inst/mmcm_adv_inst_display_clocks/inst/clk_out1_clk_wiz_0
    BUFGCTRL_X0Y4        BUFG (Prop_bufg_I_O)         0.026    -0.000 r  datapath/video_inst/mmcm_adv_inst_display_clocks/inst/clkout1_buf/O
                         net (fo=83, routed)          0.641     0.641    datapath/video_inst/inst_dvid/clk_out1
    SLICE_X158Y132       FDRE                                         r  datapath/video_inst/inst_dvid/latched_green_reg[8]/C
  -------------------------------------------------------------------    -------------------
    SLICE_X158Y132       FDRE (Prop_fdre_C_Q)         0.164     0.805 r  datapath/video_inst/inst_dvid/latched_green_reg[8]/Q
                         net (fo=1, routed)           0.709     1.514    datapath/video_inst/inst_dvid/latched_green[8]
    SLICE_X163Y134       FDRE                                         r  datapath/video_inst/inst_dvid/shift_green_reg[8]/D
  -------------------------------------------------------------------    -------------------

                         (clock clk_out2_clk_wiz_0 rise edge)
                                                      0.000     0.000 r  
    BUFGCTRL_X0Y2        BUFG                         0.000     0.000 r  clk_IBUF_BUFG_inst/O
                         net (fo=319, routed)         1.022     1.022    datapath/video_inst/mmcm_adv_inst_display_clocks/inst/clk_in1
    MMCME2_ADV_X1Y0      MMCME2_ADV (Prop_mmcme2_adv_CLKIN1_CLKOUT1)
                                                     -2.040    -1.018 r  datapath/video_inst/mmcm_adv_inst_display_clocks/inst/mmcm_adv_inst/CLKOUT1
                         net (fo=1, routed)           0.989    -0.029    datapath/video_inst/mmcm_adv_inst_display_clocks/inst/clk_out2_clk_wiz_0
    BUFGCTRL_X0Y0        BUFG (Prop_bufg_I_O)         0.029    -0.000 r  datapath/video_inst/mmcm_adv_inst_display_clocks/inst/clkout2_buf/O
                         net (fo=44, routed)          0.915     0.915    datapath/video_inst/inst_dvid/clk_out2
    SLICE_X163Y134       FDRE                                         r  datapath/video_inst/inst_dvid/shift_green_reg[8]/C
                         clock pessimism              0.080     0.995    
                         clock uncertainty            0.215     1.209    
    SLICE_X163Y134       FDRE (Hold_fdre_C_D)         0.070     1.279    datapath/video_inst/inst_dvid/shift_green_reg[8]
  -------------------------------------------------------------------
                         required time                         -1.279    
                         arrival time                           1.514    
  -------------------------------------------------------------------
                         slack                                  0.234    





--------------------------------------------------------------------------------------
Path Group:  (none)
From Clock:  
  To Clock:  

Max Delay           920 Endpoints
Min Delay           920 Endpoints
--------------------------------------------------------------------------------------


Max Delay Paths
--------------------------------------------------------------------------------------
Slack:                    inf
  Source:                 btn[0]
                            (input port)
  Destination:            datapath/v_trigger_stepper/db_cnt_reg[11]/R
  Path Group:             (none)
  Path Type:              Max at Slow Process Corner
  Data Path Delay:        12.178ns  (logic 1.193ns (9.800%)  route 10.985ns (90.200%))
  Logic Levels:           2  (IBUF=1 LUT6=1)

    Location             Delay type                Incr(ns)  Path(ns)    Netlist Resource(s)
  -------------------------------------------------------------------    -------------------
    F15                                               0.000     0.000 r  btn[0] (IN)
                         net (fo=0)                   0.000     0.000    btn[0]
    F15                  IBUF (Prop_ibuf_I_O)         1.069     1.069 r  btn_IBUF[0]_inst/O
                         net (fo=12, routed)         10.327    11.396    datapath/v_trigger_stepper/btn_IBUF[0]
    SLICE_X149Y114       LUT6 (Prop_lut6_I3_O)        0.124    11.520 r  datapath/v_trigger_stepper/db_cnt[16]_i_1/O
                         net (fo=14, routed)          0.658    12.178    datapath/v_trigger_stepper/db_cnt[16]_i_1_n_0
    SLICE_X148Y114       FDRE                                         r  datapath/v_trigger_stepper/db_cnt_reg[11]/R
  -------------------------------------------------------------------    -------------------

Slack:                    inf
  Source:                 btn[0]
                            (input port)
  Destination:            datapath/v_trigger_stepper/db_cnt_reg[12]/R
  Path Group:             (none)
  Path Type:              Max at Slow Process Corner
  Data Path Delay:        12.178ns  (logic 1.193ns (9.800%)  route 10.985ns (90.200%))
  Logic Levels:           2  (IBUF=1 LUT6=1)

    Location             Delay type                Incr(ns)  Path(ns)    Netlist Resource(s)
  -------------------------------------------------------------------    -------------------
    F15                                               0.000     0.000 r  btn[0] (IN)
                         net (fo=0)                   0.000     0.000    btn[0]
    F15                  IBUF (Prop_ibuf_I_O)         1.069     1.069 r  btn_IBUF[0]_inst/O
                         net (fo=12, routed)         10.327    11.396    datapath/v_trigger_stepper/btn_IBUF[0]
    SLICE_X149Y114       LUT6 (Prop_lut6_I3_O)        0.124    11.520 r  datapath/v_trigger_stepper/db_cnt[16]_i_1/O
                         net (fo=14, routed)          0.658    12.178    datapath/v_trigger_stepper/db_cnt[16]_i_1_n_0
    SLICE_X148Y114       FDRE                                         r  datapath/v_trigger_stepper/db_cnt_reg[12]/R
  -------------------------------------------------------------------    -------------------

Slack:                    inf
  Source:                 btn[0]
                            (input port)
  Destination:            datapath/v_trigger_stepper/db_cnt_reg[9]/R
  Path Group:             (none)
  Path Type:              Max at Slow Process Corner
  Data Path Delay:        12.178ns  (logic 1.193ns (9.800%)  route 10.985ns (90.200%))
  Logic Levels:           2  (IBUF=1 LUT6=1)

    Location             Delay type                Incr(ns)  Path(ns)    Netlist Resource(s)
  -------------------------------------------------------------------    -------------------
    F15                                               0.000     0.000 r  btn[0] (IN)
                         net (fo=0)                   0.000     0.000    btn[0]
    F15                  IBUF (Prop_ibuf_I_O)         1.069     1.069 r  btn_IBUF[0]_inst/O
                         net (fo=12, routed)         10.327    11.396    datapath/v_trigger_stepper/btn_IBUF[0]
    SLICE_X149Y114       LUT6 (Prop_lut6_I3_O)        0.124    11.520 r  datapath/v_trigger_stepper/db_cnt[16]_i_1/O
                         net (fo=14, routed)          0.658    12.178    datapath/v_trigger_stepper/db_cnt[16]_i_1_n_0
    SLICE_X148Y114       FDRE                                         r  datapath/v_trigger_stepper/db_cnt_reg[9]/R
  -------------------------------------------------------------------    -------------------

Slack:                    inf
  Source:                 btn[0]
                            (input port)
  Destination:            datapath/v_trigger_stepper/db_cnt_reg[1]/R
  Path Group:             (none)
  Path Type:              Max at Slow Process Corner
  Data Path Delay:        12.071ns  (logic 1.193ns (9.886%)  route 10.878ns (90.114%))
  Logic Levels:           2  (IBUF=1 LUT6=1)

    Location             Delay type                Incr(ns)  Path(ns)    Netlist Resource(s)
  -------------------------------------------------------------------    -------------------
    F15                                               0.000     0.000 r  btn[0] (IN)
                         net (fo=0)                   0.000     0.000    btn[0]
    F15                  IBUF (Prop_ibuf_I_O)         1.069     1.069 r  btn_IBUF[0]_inst/O
                         net (fo=12, routed)         10.327    11.396    datapath/v_trigger_stepper/btn_IBUF[0]
    SLICE_X149Y114       LUT6 (Prop_lut6_I3_O)        0.124    11.520 r  datapath/v_trigger_stepper/db_cnt[16]_i_1/O
                         net (fo=14, routed)          0.551    12.071    datapath/v_trigger_stepper/db_cnt[16]_i_1_n_0
    SLICE_X148Y112       FDRE                                         r  datapath/v_trigger_stepper/db_cnt_reg[1]/R
  -------------------------------------------------------------------    -------------------

Slack:                    inf
  Source:                 btn[0]
                            (input port)
  Destination:            datapath/v_trigger_stepper/db_cnt_reg[2]/R
  Path Group:             (none)
  Path Type:              Max at Slow Process Corner
  Data Path Delay:        12.071ns  (logic 1.193ns (9.886%)  route 10.878ns (90.114%))
  Logic Levels:           2  (IBUF=1 LUT6=1)

    Location             Delay type                Incr(ns)  Path(ns)    Netlist Resource(s)
  -------------------------------------------------------------------    -------------------
    F15                                               0.000     0.000 r  btn[0] (IN)
                         net (fo=0)                   0.000     0.000    btn[0]
    F15                  IBUF (Prop_ibuf_I_O)         1.069     1.069 r  btn_IBUF[0]_inst/O
                         net (fo=12, routed)         10.327    11.396    datapath/v_trigger_stepper/btn_IBUF[0]
    SLICE_X149Y114       LUT6 (Prop_lut6_I3_O)        0.124    11.520 r  datapath/v_trigger_stepper/db_cnt[16]_i_1/O
                         net (fo=14, routed)          0.551    12.071    datapath/v_trigger_stepper/db_cnt[16]_i_1_n_0
    SLICE_X148Y112       FDRE                                         r  datapath/v_trigger_stepper/db_cnt_reg[2]/R
  -------------------------------------------------------------------    -------------------

Slack:                    inf
  Source:                 btn[0]
                            (input port)
  Destination:            datapath/v_trigger_stepper/db_cnt_reg[3]/R
  Path Group:             (none)
  Path Type:              Max at Slow Process Corner
  Data Path Delay:        12.071ns  (logic 1.193ns (9.886%)  route 10.878ns (90.114%))
  Logic Levels:           2  (IBUF=1 LUT6=1)

    Location             Delay type                Incr(ns)  Path(ns)    Netlist Resource(s)
  -------------------------------------------------------------------    -------------------
    F15                                               0.000     0.000 r  btn[0] (IN)
                         net (fo=0)                   0.000     0.000    btn[0]
    F15                  IBUF (Prop_ibuf_I_O)         1.069     1.069 r  btn_IBUF[0]_inst/O
                         net (fo=12, routed)         10.327    11.396    datapath/v_trigger_stepper/btn_IBUF[0]
    SLICE_X149Y114       LUT6 (Prop_lut6_I3_O)        0.124    11.520 r  datapath/v_trigger_stepper/db_cnt[16]_i_1/O
                         net (fo=14, routed)          0.551    12.071    datapath/v_trigger_stepper/db_cnt[16]_i_1_n_0
    SLICE_X148Y112       FDRE                                         r  datapath/v_trigger_stepper/db_cnt_reg[3]/R
  -------------------------------------------------------------------    -------------------

Slack:                    inf
  Source:                 btn[0]
                            (input port)
  Destination:            datapath/v_trigger_stepper/db_cnt_reg[4]/R
  Path Group:             (none)
  Path Type:              Max at Slow Process Corner
  Data Path Delay:        12.071ns  (logic 1.193ns (9.886%)  route 10.878ns (90.114%))
  Logic Levels:           2  (IBUF=1 LUT6=1)

    Location             Delay type                Incr(ns)  Path(ns)    Netlist Resource(s)
  -------------------------------------------------------------------    -------------------
    F15                                               0.000     0.000 r  btn[0] (IN)
                         net (fo=0)                   0.000     0.000    btn[0]
    F15                  IBUF (Prop_ibuf_I_O)         1.069     1.069 r  btn_IBUF[0]_inst/O
                         net (fo=12, routed)         10.327    11.396    datapath/v_trigger_stepper/btn_IBUF[0]
    SLICE_X149Y114       LUT6 (Prop_lut6_I3_O)        0.124    11.520 r  datapath/v_trigger_stepper/db_cnt[16]_i_1/O
                         net (fo=14, routed)          0.551    12.071    datapath/v_trigger_stepper/db_cnt[16]_i_1_n_0
    SLICE_X148Y112       FDRE                                         r  datapath/v_trigger_stepper/db_cnt_reg[4]/R
  -------------------------------------------------------------------    -------------------

Slack:                    inf
  Source:                 btn[0]
                            (input port)
  Destination:            datapath/v_trigger_stepper/db_cnt_reg[0]/R
  Path Group:             (none)
  Path Type:              Max at Slow Process Corner
  Data Path Delay:        12.040ns  (logic 1.193ns (9.912%)  route 10.846ns (90.088%))
  Logic Levels:           2  (IBUF=1 LUT6=1)

    Location             Delay type                Incr(ns)  Path(ns)    Netlist Resource(s)
  -------------------------------------------------------------------    -------------------
    F15                                               0.000     0.000 r  btn[0] (IN)
                         net (fo=0)                   0.000     0.000    btn[0]
    F15                  IBUF (Prop_ibuf_I_O)         1.069     1.069 r  btn_IBUF[0]_inst/O
                         net (fo=12, routed)         10.327    11.396    datapath/v_trigger_stepper/btn_IBUF[0]
    SLICE_X149Y114       LUT6 (Prop_lut6_I3_O)        0.124    11.520 r  datapath/v_trigger_stepper/db_cnt[16]_i_1/O
                         net (fo=14, routed)          0.520    12.040    datapath/v_trigger_stepper/db_cnt[16]_i_1_n_0
    SLICE_X149Y113       FDRE                                         r  datapath/v_trigger_stepper/db_cnt_reg[0]/R
  -------------------------------------------------------------------    -------------------

Slack:                    inf
  Source:                 btn[0]
                            (input port)
  Destination:            datapath/v_trigger_stepper/db_cnt_reg[5]/R
  Path Group:             (none)
  Path Type:              Max at Slow Process Corner
  Data Path Delay:        12.040ns  (logic 1.193ns (9.912%)  route 10.846ns (90.088%))
  Logic Levels:           2  (IBUF=1 LUT6=1)

    Location             Delay type                Incr(ns)  Path(ns)    Netlist Resource(s)
  -------------------------------------------------------------------    -------------------
    F15                                               0.000     0.000 r  btn[0] (IN)
                         net (fo=0)                   0.000     0.000    btn[0]
    F15                  IBUF (Prop_ibuf_I_O)         1.069     1.069 r  btn_IBUF[0]_inst/O
                         net (fo=12, routed)         10.327    11.396    datapath/v_trigger_stepper/btn_IBUF[0]
    SLICE_X149Y114       LUT6 (Prop_lut6_I3_O)        0.124    11.520 r  datapath/v_trigger_stepper/db_cnt[16]_i_1/O
                         net (fo=14, routed)          0.520    12.040    datapath/v_trigger_stepper/db_cnt[16]_i_1_n_0
    SLICE_X148Y113       FDRE                                         r  datapath/v_trigger_stepper/db_cnt_reg[5]/R
  -------------------------------------------------------------------    -------------------

Slack:                    inf
  Source:                 btn[0]
                            (input port)
  Destination:            datapath/v_trigger_stepper/db_cnt_reg[6]/R
  Path Group:             (none)
  Path Type:              Max at Slow Process Corner
  Data Path Delay:        12.040ns  (logic 1.193ns (9.912%)  route 10.846ns (90.088%))
  Logic Levels:           2  (IBUF=1 LUT6=1)

    Location             Delay type                Incr(ns)  Path(ns)    Netlist Resource(s)
  -------------------------------------------------------------------    -------------------
    F15                                               0.000     0.000 r  btn[0] (IN)
                         net (fo=0)                   0.000     0.000    btn[0]
    F15                  IBUF (Prop_ibuf_I_O)         1.069     1.069 r  btn_IBUF[0]_inst/O
                         net (fo=12, routed)         10.327    11.396    datapath/v_trigger_stepper/btn_IBUF[0]
    SLICE_X149Y114       LUT6 (Prop_lut6_I3_O)        0.124    11.520 r  datapath/v_trigger_stepper/db_cnt[16]_i_1/O
                         net (fo=14, routed)          0.520    12.040    datapath/v_trigger_stepper/db_cnt[16]_i_1_n_0
    SLICE_X148Y113       FDRE                                         r  datapath/v_trigger_stepper/db_cnt_reg[6]/R
  -------------------------------------------------------------------    -------------------





Min Delay Paths
--------------------------------------------------------------------------------------
Slack:                    inf
  Source:                 datapath/ch2_reg[incoming_sample][7]/C
                            (rising edge-triggered cell FDRE)
  Destination:            datapath/ch2_reg[current_sample][7]/D
  Path Group:             (none)
  Path Type:              Min at Fast Process Corner
  Data Path Delay:        0.207ns  (logic 0.148ns (71.328%)  route 0.059ns (28.672%))
  Logic Levels:           1  (FDRE=1)

    Location             Delay type                Incr(ns)  Path(ns)    Netlist Resource(s)
  -------------------------------------------------------------------    -------------------
    SLICE_X142Y122       FDRE                         0.000     0.000 r  datapath/ch2_reg[incoming_sample][7]/C
    SLICE_X142Y122       FDRE (Prop_fdre_C_Q)         0.148     0.148 r  datapath/ch2_reg[incoming_sample][7]/Q
                         net (fo=1, routed)           0.059     0.207    datapath/ch2_reg[incoming_sample_n_0_][7]
    SLICE_X143Y122       FDRE                                         r  datapath/ch2_reg[current_sample][7]/D
  -------------------------------------------------------------------    -------------------

Slack:                    inf
  Source:                 datapath/ch2_reg[to_ac][0]/C
                            (rising edge-triggered cell FDRE)
  Destination:            datapath/Audio_Codec/audio_inout/Data_Out_int_reg[13]/D
  Path Group:             (none)
  Path Type:              Min at Fast Process Corner
  Data Path Delay:        0.244ns  (logic 0.186ns (76.126%)  route 0.058ns (23.874%))
  Logic Levels:           2  (FDRE=1 LUT5=1)

    Location             Delay type                Incr(ns)  Path(ns)    Netlist Resource(s)
  -------------------------------------------------------------------    -------------------
    SLICE_X139Y122       FDRE                         0.000     0.000 r  datapath/ch2_reg[to_ac][0]/C
    SLICE_X139Y122       FDRE (Prop_fdre_C_Q)         0.141     0.141 r  datapath/ch2_reg[to_ac][0]/Q
                         net (fo=1, routed)           0.058     0.199    datapath/Audio_Codec/audio_inout/Q[0]
    SLICE_X138Y122       LUT5 (Prop_lut5_I3_O)        0.045     0.244 r  datapath/Audio_Codec/audio_inout/Data_Out_int[13]_i_1/O
                         net (fo=1, routed)           0.000     0.244    datapath/Audio_Codec/audio_inout/Data_Out_int[13]_i_1_n_0
    SLICE_X138Y122       FDRE                                         r  datapath/Audio_Codec/audio_inout/Data_Out_int_reg[13]/D
  -------------------------------------------------------------------    -------------------

Slack:                    inf
  Source:                 datapath/ch1_reg[to_ac][2]/C
                            (rising edge-triggered cell FDRE)
  Destination:            datapath/Audio_Codec/audio_inout/Data_Out_int_reg[15]/D
  Path Group:             (none)
  Path Type:              Min at Fast Process Corner
  Data Path Delay:        0.244ns  (logic 0.186ns (76.078%)  route 0.058ns (23.922%))
  Logic Levels:           2  (FDRE=1 LUT6=1)

    Location             Delay type                Incr(ns)  Path(ns)    Netlist Resource(s)
  -------------------------------------------------------------------    -------------------
    SLICE_X139Y122       FDRE                         0.000     0.000 r  datapath/ch1_reg[to_ac][2]/C
    SLICE_X139Y122       FDRE (Prop_fdre_C_Q)         0.141     0.141 r  datapath/ch1_reg[to_ac][2]/Q
                         net (fo=1, routed)           0.058     0.199    datapath/Audio_Codec/audio_inout/Data_Out_int_reg[30]_0[2]
    SLICE_X138Y122       LUT6 (Prop_lut6_I5_O)        0.045     0.244 r  datapath/Audio_Codec/audio_inout/Data_Out_int[15]_i_1/O
                         net (fo=1, routed)           0.000     0.244    datapath/Audio_Codec/audio_inout/Data_Out_int[15]_i_1_n_0
    SLICE_X138Y122       FDRE                                         r  datapath/Audio_Codec/audio_inout/Data_Out_int_reg[15]/D
  -------------------------------------------------------------------    -------------------

Slack:                    inf
  Source:                 datapath/Audio_Codec/audio_inout/Data_In_int_reg[30]/C
                            (rising edge-triggered cell FDRE)
  Destination:            datapath/Audio_Codec/audio_inout/Data_In_int_reg[31]/D
  Path Group:             (none)
  Path Type:              Min at Fast Process Corner
  Data Path Delay:        0.260ns  (logic 0.128ns (49.242%)  route 0.132ns (50.758%))
  Logic Levels:           1  (FDRE=1)

    Location             Delay type                Incr(ns)  Path(ns)    Netlist Resource(s)
  -------------------------------------------------------------------    -------------------
    SLICE_X138Y123       FDRE                         0.000     0.000 r  datapath/Audio_Codec/audio_inout/Data_In_int_reg[30]/C
    SLICE_X138Y123       FDRE (Prop_fdre_C_Q)         0.128     0.128 r  datapath/Audio_Codec/audio_inout/Data_In_int_reg[30]/Q
                         net (fo=3, routed)           0.132     0.260    datapath/Audio_Codec/audio_inout/Data_In_int[30]
    SLICE_X138Y123       FDRE                                         r  datapath/Audio_Codec/audio_inout/Data_In_int_reg[31]/D
  -------------------------------------------------------------------    -------------------

Slack:                    inf
  Source:                 datapath/ch2_reg[incoming_sample][12]/C
                            (rising edge-triggered cell FDRE)
  Destination:            datapath/ch2_reg[current_sample][12]/D
  Path Group:             (none)
  Path Type:              Min at Fast Process Corner
  Data Path Delay:        0.261ns  (logic 0.148ns (56.607%)  route 0.113ns (43.393%))
  Logic Levels:           1  (FDRE=1)

    Location             Delay type                Incr(ns)  Path(ns)    Netlist Resource(s)
  -------------------------------------------------------------------    -------------------
    SLICE_X142Y123       FDRE                         0.000     0.000 r  datapath/ch2_reg[incoming_sample][12]/C
    SLICE_X142Y123       FDRE (Prop_fdre_C_Q)         0.148     0.148 r  datapath/ch2_reg[incoming_sample][12]/Q
                         net (fo=1, routed)           0.113     0.261    datapath/ch2_reg[incoming_sample_n_0_][12]
    SLICE_X143Y122       FDRE                                         r  datapath/ch2_reg[current_sample][12]/D
  -------------------------------------------------------------------    -------------------

Slack:                    inf
  Source:                 datapath/Audio_Codec/audio_inout/Data_In_int_reg[28]/C
                            (rising edge-triggered cell FDRE)
  Destination:            datapath/Audio_Codec/audio_inout/D_R_O_int_reg[20]/D
  Path Group:             (none)
  Path Type:              Min at Fast Process Corner
  Data Path Delay:        0.264ns  (logic 0.128ns (48.417%)  route 0.136ns (51.583%))
  Logic Levels:           1  (FDRE=1)

    Location             Delay type                Incr(ns)  Path(ns)    Netlist Resource(s)
  -------------------------------------------------------------------    -------------------
    SLICE_X138Y123       FDRE                         0.000     0.000 r  datapath/Audio_Codec/audio_inout/Data_In_int_reg[28]/C
    SLICE_X138Y123       FDRE (Prop_fdre_C_Q)         0.128     0.128 r  datapath/Audio_Codec/audio_inout/Data_In_int_reg[28]/Q
                         net (fo=3, routed)           0.136     0.264    datapath/Audio_Codec/audio_inout/Data_In_int[28]
    SLICE_X139Y123       FDRE                                         r  datapath/Audio_Codec/audio_inout/D_R_O_int_reg[20]/D
  -------------------------------------------------------------------    -------------------

Slack:                    inf
  Source:                 datapath/Audio_Codec/audio_inout/Data_In_int_reg[18]/C
                            (rising edge-triggered cell FDRE)
  Destination:            datapath/Audio_Codec/audio_inout/D_R_O_int_reg[10]/D
  Path Group:             (none)
  Path Type:              Min at Fast Process Corner
  Data Path Delay:        0.272ns  (logic 0.141ns (51.867%)  route 0.131ns (48.133%))
  Logic Levels:           1  (FDRE=1)

    Location             Delay type                Incr(ns)  Path(ns)    Netlist Resource(s)
  -------------------------------------------------------------------    -------------------
    SLICE_X138Y123       FDRE                         0.000     0.000 r  datapath/Audio_Codec/audio_inout/Data_In_int_reg[18]/C
    SLICE_X138Y123       FDRE (Prop_fdre_C_Q)         0.141     0.141 r  datapath/Audio_Codec/audio_inout/Data_In_int_reg[18]/Q
                         net (fo=3, routed)           0.131     0.272    datapath/Audio_Codec/audio_inout/Data_In_int[18]
    SLICE_X138Y124       FDRE                                         r  datapath/Audio_Codec/audio_inout/D_R_O_int_reg[10]/D
  -------------------------------------------------------------------    -------------------

Slack:                    inf
  Source:                 datapath/ch1_reg[incoming_sample][11]/C
                            (rising edge-triggered cell FDRE)
  Destination:            datapath/ch1_reg[current_sample][11]/D
  Path Group:             (none)
  Path Type:              Min at Fast Process Corner
  Data Path Delay:        0.273ns  (logic 0.141ns (51.661%)  route 0.132ns (48.339%))
  Logic Levels:           1  (FDRE=1)

    Location             Delay type                Incr(ns)  Path(ns)    Netlist Resource(s)
  -------------------------------------------------------------------    -------------------
    SLICE_X143Y121       FDRE                         0.000     0.000 r  datapath/ch1_reg[incoming_sample][11]/C
    SLICE_X143Y121       FDRE (Prop_fdre_C_Q)         0.141     0.141 r  datapath/ch1_reg[incoming_sample][11]/Q
                         net (fo=1, routed)           0.132     0.273    datapath/make_unsigned[11]
    SLICE_X144Y121       FDRE                                         r  datapath/ch1_reg[current_sample][11]/D
  -------------------------------------------------------------------    -------------------

Slack:                    inf
  Source:                 datapath/ch1_reg[incoming_sample][12]/C
                            (rising edge-triggered cell FDRE)
  Destination:            datapath/ch1_reg[current_sample][12]/D
  Path Group:             (none)
  Path Type:              Min at Fast Process Corner
  Data Path Delay:        0.273ns  (logic 0.141ns (51.661%)  route 0.132ns (48.339%))
  Logic Levels:           1  (FDRE=1)

    Location             Delay type                Incr(ns)  Path(ns)    Netlist Resource(s)
  -------------------------------------------------------------------    -------------------
    SLICE_X143Y121       FDRE                         0.000     0.000 r  datapath/ch1_reg[incoming_sample][12]/C
    SLICE_X143Y121       FDRE (Prop_fdre_C_Q)         0.141     0.141 r  datapath/ch1_reg[incoming_sample][12]/Q
                         net (fo=1, routed)           0.132     0.273    datapath/make_unsigned[12]
    SLICE_X144Y121       FDRE                                         r  datapath/ch1_reg[current_sample][12]/D
  -------------------------------------------------------------------    -------------------

Slack:                    inf
  Source:                 datapath/Audio_Codec/count_reg[3]/C
                            (rising edge-triggered cell FDRE)
  Destination:            datapath/Audio_Codec/count_reg[5]/D
  Path Group:             (none)
  Path Type:              Min at Fast Process Corner
  Data Path Delay:        0.274ns  (logic 0.186ns (67.773%)  route 0.088ns (32.227%))
  Logic Levels:           2  (FDRE=1 LUT6=1)

    Location             Delay type                Incr(ns)  Path(ns)    Netlist Resource(s)
  -------------------------------------------------------------------    -------------------
    SLICE_X141Y120       FDRE                         0.000     0.000 r  datapath/Audio_Codec/count_reg[3]/C
    SLICE_X141Y120       FDRE (Prop_fdre_C_Q)         0.141     0.141 r  datapath/Audio_Codec/count_reg[3]/Q
                         net (fo=6, routed)           0.088     0.229    datapath/Audio_Codec/count_reg[3]
    SLICE_X140Y120       LUT6 (Prop_lut6_I0_O)        0.045     0.274 r  datapath/Audio_Codec/count[5]_i_1/O
                         net (fo=1, routed)           0.000     0.274    datapath/Audio_Codec/plusOp__1[5]
    SLICE_X140Y120       FDRE                                         r  datapath/Audio_Codec/count_reg[5]/D
  -------------------------------------------------------------------    -------------------





--------------------------------------------------------------------------------------
Path Group:  (none)
From Clock:  clk_out1_clk_wiz_0
  To Clock:  

Max Delay            20 Endpoints
Min Delay            20 Endpoints
--------------------------------------------------------------------------------------


Max Delay Paths
--------------------------------------------------------------------------------------
Slack:                    inf
  Source:                 datapath/video_inst/Inst_vga/vga_signal_generator_Final/position_reg[col][5]/C
                            (rising edge-triggered cell FDRE clocked by clk_out1_clk_wiz_0  {rise@0.000ns fall@20.000ns period=40.000ns})
  Destination:            datapath/leftChannelMemory/sdp_bl.ramb18_dp_bl.ram18_bl/ADDRARDADDR[9]
  Path Group:             (none)
  Path Type:              Max at Slow Process Corner
  Data Path Delay:        2.412ns  (logic 0.456ns (18.903%)  route 1.956ns (81.097%))
  Logic Levels:           0  
  Clock Uncertainty:      0.190ns  ((TSJ^2 + DJ^2)^1/2) / 2 + PE
    Total System Jitter     (TSJ):    0.050ns
    Discrete Jitter          (DJ):    0.175ns
    Phase Error              (PE):    0.099ns

    Location             Delay type                Incr(ns)  Path(ns)    Netlist Resource(s)
  -------------------------------------------------------------------    -------------------
                         (clock clk_out1_clk_wiz_0 rise edge)
                                                      0.000     0.000 r  
    BUFGCTRL_X0Y2        BUFG                         0.000     0.000 r  clk_IBUF_BUFG_inst/O
                         net (fo=319, routed)         2.106     2.106    datapath/video_inst/mmcm_adv_inst_display_clocks/inst/clk_in1
    MMCME2_ADV_X1Y0      MMCME2_ADV (Prop_mmcme2_adv_CLKIN1_CLKOUT0)
                                                     -4.900    -2.793 r  datapath/video_inst/mmcm_adv_inst_display_clocks/inst/mmcm_adv_inst/CLKOUT0
                         net (fo=1, routed)           2.697    -0.096    datapath/video_inst/mmcm_adv_inst_display_clocks/inst/clk_out1_clk_wiz_0
    BUFGCTRL_X0Y4        BUFG (Prop_bufg_I_O)         0.096    -0.000 r  datapath/video_inst/mmcm_adv_inst_display_clocks/inst/clkout1_buf/O
                         net (fo=83, routed)          1.817     1.817    datapath/video_inst/Inst_vga/vga_signal_generator_Final/clk_out1
    SLICE_X156Y129       FDRE                                         r  datapath/video_inst/Inst_vga/vga_signal_generator_Final/position_reg[col][5]/C
  -------------------------------------------------------------------    -------------------
    SLICE_X156Y129       FDRE (Prop_fdre_C_Q)         0.456     2.273 r  datapath/video_inst/Inst_vga/vga_signal_generator_Final/position_reg[col][5]/Q
                         net (fo=11, routed)          1.956     4.230    datapath/leftChannelMemory/Q[5]
    RAMB18_X8Y48         RAMB18E1                                     r  datapath/leftChannelMemory/sdp_bl.ramb18_dp_bl.ram18_bl/ADDRARDADDR[9]
  -------------------------------------------------------------------    -------------------

Slack:                    inf
  Source:                 datapath/video_inst/Inst_vga/vga_signal_generator_Final/position_reg[col][5]/C
                            (rising edge-triggered cell FDRE clocked by clk_out1_clk_wiz_0  {rise@0.000ns fall@20.000ns period=40.000ns})
  Destination:            datapath/rightChannelMemory/sdp_bl.ramb18_dp_bl.ram18_bl/ADDRARDADDR[9]
  Path Group:             (none)
  Path Type:              Max at Slow Process Corner
  Data Path Delay:        2.412ns  (logic 0.456ns (18.903%)  route 1.956ns (81.097%))
  Logic Levels:           0  
  Clock Uncertainty:      0.190ns  ((TSJ^2 + DJ^2)^1/2) / 2 + PE
    Total System Jitter     (TSJ):    0.050ns
    Discrete Jitter          (DJ):    0.175ns
    Phase Error              (PE):    0.099ns

    Location             Delay type                Incr(ns)  Path(ns)    Netlist Resource(s)
  -------------------------------------------------------------------    -------------------
                         (clock clk_out1_clk_wiz_0 rise edge)
                                                      0.000     0.000 r  
    BUFGCTRL_X0Y2        BUFG                         0.000     0.000 r  clk_IBUF_BUFG_inst/O
                         net (fo=319, routed)         2.106     2.106    datapath/video_inst/mmcm_adv_inst_display_clocks/inst/clk_in1
    MMCME2_ADV_X1Y0      MMCME2_ADV (Prop_mmcme2_adv_CLKIN1_CLKOUT0)
                                                     -4.900    -2.793 r  datapath/video_inst/mmcm_adv_inst_display_clocks/inst/mmcm_adv_inst/CLKOUT0
                         net (fo=1, routed)           2.697    -0.096    datapath/video_inst/mmcm_adv_inst_display_clocks/inst/clk_out1_clk_wiz_0
    BUFGCTRL_X0Y4        BUFG (Prop_bufg_I_O)         0.096    -0.000 r  datapath/video_inst/mmcm_adv_inst_display_clocks/inst/clkout1_buf/O
                         net (fo=83, routed)          1.817     1.817    datapath/video_inst/Inst_vga/vga_signal_generator_Final/clk_out1
    SLICE_X156Y129       FDRE                                         r  datapath/video_inst/Inst_vga/vga_signal_generator_Final/position_reg[col][5]/C
  -------------------------------------------------------------------    -------------------
    SLICE_X156Y129       FDRE (Prop_fdre_C_Q)         0.456     2.273 r  datapath/video_inst/Inst_vga/vga_signal_generator_Final/position_reg[col][5]/Q
                         net (fo=11, routed)          1.956     4.230    datapath/rightChannelMemory/Q[5]
    RAMB18_X8Y49         RAMB18E1                                     r  datapath/rightChannelMemory/sdp_bl.ramb18_dp_bl.ram18_bl/ADDRARDADDR[9]
  -------------------------------------------------------------------    -------------------

Slack:                    inf
  Source:                 datapath/video_inst/Inst_vga/vga_signal_generator_Final/position_reg[col][9]/C
                            (rising edge-triggered cell FDRE clocked by clk_out1_clk_wiz_0  {rise@0.000ns fall@20.000ns period=40.000ns})
  Destination:            datapath/leftChannelMemory/sdp_bl.ramb18_dp_bl.ram18_bl/ADDRARDADDR[13]
  Path Group:             (none)
  Path Type:              Max at Slow Process Corner
  Data Path Delay:        2.394ns  (logic 0.456ns (19.049%)  route 1.938ns (80.951%))
  Logic Levels:           0  
  Clock Uncertainty:      0.190ns  ((TSJ^2 + DJ^2)^1/2) / 2 + PE
    Total System Jitter     (TSJ):    0.050ns
    Discrete Jitter          (DJ):    0.175ns
    Phase Error              (PE):    0.099ns

    Location             Delay type                Incr(ns)  Path(ns)    Netlist Resource(s)
  -------------------------------------------------------------------    -------------------
                         (clock clk_out1_clk_wiz_0 rise edge)
                                                      0.000     0.000 r  
    BUFGCTRL_X0Y2        BUFG                         0.000     0.000 r  clk_IBUF_BUFG_inst/O
                         net (fo=319, routed)         2.106     2.106    datapath/video_inst/mmcm_adv_inst_display_clocks/inst/clk_in1
    MMCME2_ADV_X1Y0      MMCME2_ADV (Prop_mmcme2_adv_CLKIN1_CLKOUT0)
                                                     -4.900    -2.793 r  datapath/video_inst/mmcm_adv_inst_display_clocks/inst/mmcm_adv_inst/CLKOUT0
                         net (fo=1, routed)           2.697    -0.096    datapath/video_inst/mmcm_adv_inst_display_clocks/inst/clk_out1_clk_wiz_0
    BUFGCTRL_X0Y4        BUFG (Prop_bufg_I_O)         0.096    -0.000 r  datapath/video_inst/mmcm_adv_inst_display_clocks/inst/clkout1_buf/O
                         net (fo=83, routed)          1.817     1.817    datapath/video_inst/Inst_vga/vga_signal_generator_Final/clk_out1
    SLICE_X156Y129       FDRE                                         r  datapath/video_inst/Inst_vga/vga_signal_generator_Final/position_reg[col][9]/C
  -------------------------------------------------------------------    -------------------
    SLICE_X156Y129       FDRE (Prop_fdre_C_Q)         0.456     2.273 r  datapath/video_inst/Inst_vga/vga_signal_generator_Final/position_reg[col][9]/Q
                         net (fo=22, routed)          1.938     4.211    datapath/leftChannelMemory/Q[9]
    RAMB18_X8Y48         RAMB18E1                                     r  datapath/leftChannelMemory/sdp_bl.ramb18_dp_bl.ram18_bl/ADDRARDADDR[13]
  -------------------------------------------------------------------    -------------------

Slack:                    inf
  Source:                 datapath/video_inst/Inst_vga/vga_signal_generator_Final/position_reg[col][9]/C
                            (rising edge-triggered cell FDRE clocked by clk_out1_clk_wiz_0  {rise@0.000ns fall@20.000ns period=40.000ns})
  Destination:            datapath/rightChannelMemory/sdp_bl.ramb18_dp_bl.ram18_bl/ADDRARDADDR[13]
  Path Group:             (none)
  Path Type:              Max at Slow Process Corner
  Data Path Delay:        2.394ns  (logic 0.456ns (19.049%)  route 1.938ns (80.951%))
  Logic Levels:           0  
  Clock Uncertainty:      0.190ns  ((TSJ^2 + DJ^2)^1/2) / 2 + PE
    Total System Jitter     (TSJ):    0.050ns
    Discrete Jitter          (DJ):    0.175ns
    Phase Error              (PE):    0.099ns

    Location             Delay type                Incr(ns)  Path(ns)    Netlist Resource(s)
  -------------------------------------------------------------------    -------------------
                         (clock clk_out1_clk_wiz_0 rise edge)
                                                      0.000     0.000 r  
    BUFGCTRL_X0Y2        BUFG                         0.000     0.000 r  clk_IBUF_BUFG_inst/O
                         net (fo=319, routed)         2.106     2.106    datapath/video_inst/mmcm_adv_inst_display_clocks/inst/clk_in1
    MMCME2_ADV_X1Y0      MMCME2_ADV (Prop_mmcme2_adv_CLKIN1_CLKOUT0)
                                                     -4.900    -2.793 r  datapath/video_inst/mmcm_adv_inst_display_clocks/inst/mmcm_adv_inst/CLKOUT0
                         net (fo=1, routed)           2.697    -0.096    datapath/video_inst/mmcm_adv_inst_display_clocks/inst/clk_out1_clk_wiz_0
    BUFGCTRL_X0Y4        BUFG (Prop_bufg_I_O)         0.096    -0.000 r  datapath/video_inst/mmcm_adv_inst_display_clocks/inst/clkout1_buf/O
                         net (fo=83, routed)          1.817     1.817    datapath/video_inst/Inst_vga/vga_signal_generator_Final/clk_out1
    SLICE_X156Y129       FDRE                                         r  datapath/video_inst/Inst_vga/vga_signal_generator_Final/position_reg[col][9]/C
  -------------------------------------------------------------------    -------------------
    SLICE_X156Y129       FDRE (Prop_fdre_C_Q)         0.456     2.273 r  datapath/video_inst/Inst_vga/vga_signal_generator_Final/position_reg[col][9]/Q
                         net (fo=22, routed)          1.938     4.211    datapath/rightChannelMemory/Q[9]
    RAMB18_X8Y49         RAMB18E1                                     r  datapath/rightChannelMemory/sdp_bl.ramb18_dp_bl.ram18_bl/ADDRARDADDR[13]
  -------------------------------------------------------------------    -------------------

Slack:                    inf
  Source:                 datapath/video_inst/Inst_vga/vga_signal_generator_Final/position_reg[col][6]/C
                            (rising edge-triggered cell FDRE clocked by clk_out1_clk_wiz_0  {rise@0.000ns fall@20.000ns period=40.000ns})
  Destination:            datapath/leftChannelMemory/sdp_bl.ramb18_dp_bl.ram18_bl/ADDRARDADDR[10]
  Path Group:             (none)
  Path Type:              Max at Slow Process Corner
  Data Path Delay:        2.293ns  (logic 0.518ns (22.590%)  route 1.775ns (77.410%))
  Logic Levels:           0  
  Clock Uncertainty:      0.190ns  ((TSJ^2 + DJ^2)^1/2) / 2 + PE
    Total System Jitter     (TSJ):    0.050ns
    Discrete Jitter          (DJ):    0.175ns
    Phase Error              (PE):    0.099ns

    Location             Delay type                Incr(ns)  Path(ns)    Netlist Resource(s)
  -------------------------------------------------------------------    -------------------
                         (clock clk_out1_clk_wiz_0 rise edge)
                                                      0.000     0.000 r  
    BUFGCTRL_X0Y2        BUFG                         0.000     0.000 r  clk_IBUF_BUFG_inst/O
                         net (fo=319, routed)         2.106     2.106    datapath/video_inst/mmcm_adv_inst_display_clocks/inst/clk_in1
    MMCME2_ADV_X1Y0      MMCME2_ADV (Prop_mmcme2_adv_CLKIN1_CLKOUT0)
                                                     -4.900    -2.793 r  datapath/video_inst/mmcm_adv_inst_display_clocks/inst/mmcm_adv_inst/CLKOUT0
                         net (fo=1, routed)           2.697    -0.096    datapath/video_inst/mmcm_adv_inst_display_clocks/inst/clk_out1_clk_wiz_0
    BUFGCTRL_X0Y4        BUFG (Prop_bufg_I_O)         0.096    -0.000 r  datapath/video_inst/mmcm_adv_inst_display_clocks/inst/clkout1_buf/O
                         net (fo=83, routed)          1.818     1.818    datapath/video_inst/Inst_vga/vga_signal_generator_Final/clk_out1
    SLICE_X158Y130       FDRE                                         r  datapath/video_inst/Inst_vga/vga_signal_generator_Final/position_reg[col][6]/C
  -------------------------------------------------------------------    -------------------
    SLICE_X158Y130       FDRE (Prop_fdre_C_Q)         0.518     2.336 r  datapath/video_inst/Inst_vga/vga_signal_generator_Final/position_reg[col][6]/Q
                         net (fo=22, routed)          1.775     4.111    datapath/leftChannelMemory/Q[6]
    RAMB18_X8Y48         RAMB18E1                                     r  datapath/leftChannelMemory/sdp_bl.ramb18_dp_bl.ram18_bl/ADDRARDADDR[10]
  -------------------------------------------------------------------    -------------------

Slack:                    inf
  Source:                 datapath/video_inst/Inst_vga/vga_signal_generator_Final/position_reg[col][6]/C
                            (rising edge-triggered cell FDRE clocked by clk_out1_clk_wiz_0  {rise@0.000ns fall@20.000ns period=40.000ns})
  Destination:            datapath/rightChannelMemory/sdp_bl.ramb18_dp_bl.ram18_bl/ADDRARDADDR[10]
  Path Group:             (none)
  Path Type:              Max at Slow Process Corner
  Data Path Delay:        2.293ns  (logic 0.518ns (22.590%)  route 1.775ns (77.410%))
  Logic Levels:           0  
  Clock Uncertainty:      0.190ns  ((TSJ^2 + DJ^2)^1/2) / 2 + PE
    Total System Jitter     (TSJ):    0.050ns
    Discrete Jitter          (DJ):    0.175ns
    Phase Error              (PE):    0.099ns

    Location             Delay type                Incr(ns)  Path(ns)    Netlist Resource(s)
  -------------------------------------------------------------------    -------------------
                         (clock clk_out1_clk_wiz_0 rise edge)
                                                      0.000     0.000 r  
    BUFGCTRL_X0Y2        BUFG                         0.000     0.000 r  clk_IBUF_BUFG_inst/O
                         net (fo=319, routed)         2.106     2.106    datapath/video_inst/mmcm_adv_inst_display_clocks/inst/clk_in1
    MMCME2_ADV_X1Y0      MMCME2_ADV (Prop_mmcme2_adv_CLKIN1_CLKOUT0)
                                                     -4.900    -2.793 r  datapath/video_inst/mmcm_adv_inst_display_clocks/inst/mmcm_adv_inst/CLKOUT0
                         net (fo=1, routed)           2.697    -0.096    datapath/video_inst/mmcm_adv_inst_display_clocks/inst/clk_out1_clk_wiz_0
    BUFGCTRL_X0Y4        BUFG (Prop_bufg_I_O)         0.096    -0.000 r  datapath/video_inst/mmcm_adv_inst_display_clocks/inst/clkout1_buf/O
                         net (fo=83, routed)          1.818     1.818    datapath/video_inst/Inst_vga/vga_signal_generator_Final/clk_out1
    SLICE_X158Y130       FDRE                                         r  datapath/video_inst/Inst_vga/vga_signal_generator_Final/position_reg[col][6]/C
  -------------------------------------------------------------------    -------------------
    SLICE_X158Y130       FDRE (Prop_fdre_C_Q)         0.518     2.336 r  datapath/video_inst/Inst_vga/vga_signal_generator_Final/position_reg[col][6]/Q
                         net (fo=22, routed)          1.775     4.111    datapath/rightChannelMemory/Q[6]
    RAMB18_X8Y49         RAMB18E1                                     r  datapath/rightChannelMemory/sdp_bl.ramb18_dp_bl.ram18_bl/ADDRARDADDR[10]
  -------------------------------------------------------------------    -------------------

Slack:                    inf
  Source:                 datapath/video_inst/Inst_vga/vga_signal_generator_Final/position_reg[col][3]/C
                            (rising edge-triggered cell FDRE clocked by clk_out1_clk_wiz_0  {rise@0.000ns fall@20.000ns period=40.000ns})
  Destination:            datapath/leftChannelMemory/sdp_bl.ramb18_dp_bl.ram18_bl/ADDRARDADDR[7]
  Path Group:             (none)
  Path Type:              Max at Slow Process Corner
  Data Path Delay:        2.344ns  (logic 0.518ns (22.094%)  route 1.826ns (77.906%))
  Logic Levels:           0  
  Clock Uncertainty:      0.190ns  ((TSJ^2 + DJ^2)^1/2) / 2 + PE
    Total System Jitter     (TSJ):    0.050ns
    Discrete Jitter          (DJ):    0.175ns
    Phase Error              (PE):    0.099ns

    Location             Delay type                Incr(ns)  Path(ns)    Netlist Resource(s)
  -------------------------------------------------------------------    -------------------
                         (clock clk_out1_clk_wiz_0 rise edge)
                                                      0.000     0.000 r  
    BUFGCTRL_X0Y2        BUFG                         0.000     0.000 r  clk_IBUF_BUFG_inst/O
                         net (fo=319, routed)         2.106     2.106    datapath/video_inst/mmcm_adv_inst_display_clocks/inst/clk_in1
    MMCME2_ADV_X1Y0      MMCME2_ADV (Prop_mmcme2_adv_CLKIN1_CLKOUT0)
                                                     -4.900    -2.793 r  datapath/video_inst/mmcm_adv_inst_display_clocks/inst/mmcm_adv_inst/CLKOUT0
                         net (fo=1, routed)           2.697    -0.096    datapath/video_inst/mmcm_adv_inst_display_clocks/inst/clk_out1_clk_wiz_0
    BUFGCTRL_X0Y4        BUFG (Prop_bufg_I_O)         0.096    -0.000 r  datapath/video_inst/mmcm_adv_inst_display_clocks/inst/clkout1_buf/O
                         net (fo=83, routed)          1.744     1.744    datapath/video_inst/Inst_vga/vga_signal_generator_Final/clk_out1
    SLICE_X154Y129       FDRE                                         r  datapath/video_inst/Inst_vga/vga_signal_generator_Final/position_reg[col][3]/C
  -------------------------------------------------------------------    -------------------
    SLICE_X154Y129       FDRE (Prop_fdre_C_Q)         0.518     2.262 r  datapath/video_inst/Inst_vga/vga_signal_generator_Final/position_reg[col][3]/Q
                         net (fo=17, routed)          1.826     4.089    datapath/leftChannelMemory/Q[3]
    RAMB18_X8Y48         RAMB18E1                                     r  datapath/leftChannelMemory/sdp_bl.ramb18_dp_bl.ram18_bl/ADDRARDADDR[7]
  -------------------------------------------------------------------    -------------------

Slack:                    inf
  Source:                 datapath/video_inst/Inst_vga/vga_signal_generator_Final/position_reg[col][3]/C
                            (rising edge-triggered cell FDRE clocked by clk_out1_clk_wiz_0  {rise@0.000ns fall@20.000ns period=40.000ns})
  Destination:            datapath/rightChannelMemory/sdp_bl.ramb18_dp_bl.ram18_bl/ADDRARDADDR[7]
  Path Group:             (none)
  Path Type:              Max at Slow Process Corner
  Data Path Delay:        2.344ns  (logic 0.518ns (22.094%)  route 1.826ns (77.906%))
  Logic Levels:           0  
  Clock Uncertainty:      0.190ns  ((TSJ^2 + DJ^2)^1/2) / 2 + PE
    Total System Jitter     (TSJ):    0.050ns
    Discrete Jitter          (DJ):    0.175ns
    Phase Error              (PE):    0.099ns

    Location             Delay type                Incr(ns)  Path(ns)    Netlist Resource(s)
  -------------------------------------------------------------------    -------------------
                         (clock clk_out1_clk_wiz_0 rise edge)
                                                      0.000     0.000 r  
    BUFGCTRL_X0Y2        BUFG                         0.000     0.000 r  clk_IBUF_BUFG_inst/O
                         net (fo=319, routed)         2.106     2.106    datapath/video_inst/mmcm_adv_inst_display_clocks/inst/clk_in1
    MMCME2_ADV_X1Y0      MMCME2_ADV (Prop_mmcme2_adv_CLKIN1_CLKOUT0)
                                                     -4.900    -2.793 r  datapath/video_inst/mmcm_adv_inst_display_clocks/inst/mmcm_adv_inst/CLKOUT0
                         net (fo=1, routed)           2.697    -0.096    datapath/video_inst/mmcm_adv_inst_display_clocks/inst/clk_out1_clk_wiz_0
    BUFGCTRL_X0Y4        BUFG (Prop_bufg_I_O)         0.096    -0.000 r  datapath/video_inst/mmcm_adv_inst_display_clocks/inst/clkout1_buf/O
                         net (fo=83, routed)          1.744     1.744    datapath/video_inst/Inst_vga/vga_signal_generator_Final/clk_out1
    SLICE_X154Y129       FDRE                                         r  datapath/video_inst/Inst_vga/vga_signal_generator_Final/position_reg[col][3]/C
  -------------------------------------------------------------------    -------------------
    SLICE_X154Y129       FDRE (Prop_fdre_C_Q)         0.518     2.262 r  datapath/video_inst/Inst_vga/vga_signal_generator_Final/position_reg[col][3]/Q
                         net (fo=17, routed)          1.826     4.089    datapath/rightChannelMemory/Q[3]
    RAMB18_X8Y49         RAMB18E1                                     r  datapath/rightChannelMemory/sdp_bl.ramb18_dp_bl.ram18_bl/ADDRARDADDR[7]
  -------------------------------------------------------------------    -------------------

Slack:                    inf
  Source:                 datapath/video_inst/Inst_vga/vga_signal_generator_Final/position_reg[col][0]/C
                            (rising edge-triggered cell FDRE clocked by clk_out1_clk_wiz_0  {rise@0.000ns fall@20.000ns period=40.000ns})
  Destination:            datapath/leftChannelMemory/sdp_bl.ramb18_dp_bl.ram18_bl/ADDRARDADDR[4]
  Path Group:             (none)
  Path Type:              Max at Slow Process Corner
  Data Path Delay:        2.327ns  (logic 0.518ns (22.262%)  route 1.809ns (77.738%))
  Logic Levels:           0  
  Clock Uncertainty:      0.190ns  ((TSJ^2 + DJ^2)^1/2) / 2 + PE
    Total System Jitter     (TSJ):    0.050ns
    Discrete Jitter          (DJ):    0.175ns
    Phase Error              (PE):    0.099ns

    Location             Delay type                Incr(ns)  Path(ns)    Netlist Resource(s)
  -------------------------------------------------------------------    -------------------
                         (clock clk_out1_clk_wiz_0 rise edge)
                                                      0.000     0.000 r  
    BUFGCTRL_X0Y2        BUFG                         0.000     0.000 r  clk_IBUF_BUFG_inst/O
                         net (fo=319, routed)         2.106     2.106    datapath/video_inst/mmcm_adv_inst_display_clocks/inst/clk_in1
    MMCME2_ADV_X1Y0      MMCME2_ADV (Prop_mmcme2_adv_CLKIN1_CLKOUT0)
                                                     -4.900    -2.793 r  datapath/video_inst/mmcm_adv_inst_display_clocks/inst/mmcm_adv_inst/CLKOUT0
                         net (fo=1, routed)           2.697    -0.096    datapath/video_inst/mmcm_adv_inst_display_clocks/inst/clk_out1_clk_wiz_0
    BUFGCTRL_X0Y4        BUFG (Prop_bufg_I_O)         0.096    -0.000 r  datapath/video_inst/mmcm_adv_inst_display_clocks/inst/clkout1_buf/O
                         net (fo=83, routed)          1.744     1.744    datapath/video_inst/Inst_vga/vga_signal_generator_Final/clk_out1
    SLICE_X154Y129       FDRE                                         r  datapath/video_inst/Inst_vga/vga_signal_generator_Final/position_reg[col][0]/C
  -------------------------------------------------------------------    -------------------
    SLICE_X154Y129       FDRE (Prop_fdre_C_Q)         0.518     2.262 r  datapath/video_inst/Inst_vga/vga_signal_generator_Final/position_reg[col][0]/Q
                         net (fo=58, routed)          1.809     4.071    datapath/leftChannelMemory/Q[0]
    RAMB18_X8Y48         RAMB18E1                                     r  datapath/leftChannelMemory/sdp_bl.ramb18_dp_bl.ram18_bl/ADDRARDADDR[4]
  -------------------------------------------------------------------    -------------------

Slack:                    inf
  Source:                 datapath/video_inst/Inst_vga/vga_signal_generator_Final/position_reg[col][0]/C
                            (rising edge-triggered cell FDRE clocked by clk_out1_clk_wiz_0  {rise@0.000ns fall@20.000ns period=40.000ns})
  Destination:            datapath/rightChannelMemory/sdp_bl.ramb18_dp_bl.ram18_bl/ADDRARDADDR[4]
  Path Group:             (none)
  Path Type:              Max at Slow Process Corner
  Data Path Delay:        2.327ns  (logic 0.518ns (22.262%)  route 1.809ns (77.738%))
  Logic Levels:           0  
  Clock Uncertainty:      0.190ns  ((TSJ^2 + DJ^2)^1/2) / 2 + PE
    Total System Jitter     (TSJ):    0.050ns
    Discrete Jitter          (DJ):    0.175ns
    Phase Error              (PE):    0.099ns

    Location             Delay type                Incr(ns)  Path(ns)    Netlist Resource(s)
  -------------------------------------------------------------------    -------------------
                         (clock clk_out1_clk_wiz_0 rise edge)
                                                      0.000     0.000 r  
    BUFGCTRL_X0Y2        BUFG                         0.000     0.000 r  clk_IBUF_BUFG_inst/O
                         net (fo=319, routed)         2.106     2.106    datapath/video_inst/mmcm_adv_inst_display_clocks/inst/clk_in1
    MMCME2_ADV_X1Y0      MMCME2_ADV (Prop_mmcme2_adv_CLKIN1_CLKOUT0)
                                                     -4.900    -2.793 r  datapath/video_inst/mmcm_adv_inst_display_clocks/inst/mmcm_adv_inst/CLKOUT0
                         net (fo=1, routed)           2.697    -0.096    datapath/video_inst/mmcm_adv_inst_display_clocks/inst/clk_out1_clk_wiz_0
    BUFGCTRL_X0Y4        BUFG (Prop_bufg_I_O)         0.096    -0.000 r  datapath/video_inst/mmcm_adv_inst_display_clocks/inst/clkout1_buf/O
                         net (fo=83, routed)          1.744     1.744    datapath/video_inst/Inst_vga/vga_signal_generator_Final/clk_out1
    SLICE_X154Y129       FDRE                                         r  datapath/video_inst/Inst_vga/vga_signal_generator_Final/position_reg[col][0]/C
  -------------------------------------------------------------------    -------------------
    SLICE_X154Y129       FDRE (Prop_fdre_C_Q)         0.518     2.262 r  datapath/video_inst/Inst_vga/vga_signal_generator_Final/position_reg[col][0]/Q
                         net (fo=58, routed)          1.809     4.071    datapath/rightChannelMemory/Q[0]
    RAMB18_X8Y49         RAMB18E1                                     r  datapath/rightChannelMemory/sdp_bl.ramb18_dp_bl.ram18_bl/ADDRARDADDR[4]
  -------------------------------------------------------------------    -------------------





Min Delay Paths
--------------------------------------------------------------------------------------
Slack:                    inf
  Source:                 datapath/video_inst/Inst_vga/vga_signal_generator_Final/position_reg[col][4]/C
                            (rising edge-triggered cell FDRE clocked by clk_out1_clk_wiz_0  {rise@0.000ns fall@20.000ns period=40.000ns})
  Destination:            datapath/leftChannelMemory/sdp_bl.ramb18_dp_bl.ram18_bl/ADDRARDADDR[8]
  Path Group:             (none)
  Path Type:              Min at Fast Process Corner
  Data Path Delay:        0.518ns  (logic 0.141ns (27.210%)  route 0.377ns (72.790%))
  Logic Levels:           0  
  Clock Uncertainty:      0.190ns  ((TSJ^2 + DJ^2)^1/2) / 2 + PE
    Total System Jitter     (TSJ):    0.050ns
    Discrete Jitter          (DJ):    0.175ns
    Phase Error              (PE):    0.099ns

    Location             Delay type                Incr(ns)  Path(ns)    Netlist Resource(s)
  -------------------------------------------------------------------    -------------------
                         (clock clk_out1_clk_wiz_0 rise edge)
                                                      0.000     0.000 r  
    BUFGCTRL_X0Y2        BUFG                         0.000     0.000 r  clk_IBUF_BUFG_inst/O
                         net (fo=319, routed)         0.745     0.745    datapath/video_inst/mmcm_adv_inst_display_clocks/inst/clk_in1
    MMCME2_ADV_X1Y0      MMCME2_ADV (Prop_mmcme2_adv_CLKIN1_CLKOUT0)
                                                     -1.683    -0.938 r  datapath/video_inst/mmcm_adv_inst_display_clocks/inst/mmcm_adv_inst/CLKOUT0
                         net (fo=1, routed)           0.912    -0.026    datapath/video_inst/mmcm_adv_inst_display_clocks/inst/clk_out1_clk_wiz_0
    BUFGCTRL_X0Y4        BUFG (Prop_bufg_I_O)         0.026    -0.000 r  datapath/video_inst/mmcm_adv_inst_display_clocks/inst/clkout1_buf/O
                         net (fo=83, routed)          0.638     0.638    datapath/video_inst/Inst_vga/vga_signal_generator_Final/clk_out1
    SLICE_X156Y129       FDRE                                         r  datapath/video_inst/Inst_vga/vga_signal_generator_Final/position_reg[col][4]/C
  -------------------------------------------------------------------    -------------------
    SLICE_X156Y129       FDRE (Prop_fdre_C_Q)         0.141     0.779 r  datapath/video_inst/Inst_vga/vga_signal_generator_Final/position_reg[col][4]/Q
                         net (fo=12, routed)          0.377     1.156    datapath/leftChannelMemory/Q[4]
    RAMB18_X8Y48         RAMB18E1                                     r  datapath/leftChannelMemory/sdp_bl.ramb18_dp_bl.ram18_bl/ADDRARDADDR[8]
  -------------------------------------------------------------------    -------------------

Slack:                    inf
  Source:                 datapath/video_inst/Inst_vga/vga_signal_generator_Final/position_reg[col][4]/C
                            (rising edge-triggered cell FDRE clocked by clk_out1_clk_wiz_0  {rise@0.000ns fall@20.000ns period=40.000ns})
  Destination:            datapath/rightChannelMemory/sdp_bl.ramb18_dp_bl.ram18_bl/ADDRARDADDR[8]
  Path Group:             (none)
  Path Type:              Min at Fast Process Corner
  Data Path Delay:        0.518ns  (logic 0.141ns (27.210%)  route 0.377ns (72.790%))
  Logic Levels:           0  
  Clock Uncertainty:      0.190ns  ((TSJ^2 + DJ^2)^1/2) / 2 + PE
    Total System Jitter     (TSJ):    0.050ns
    Discrete Jitter          (DJ):    0.175ns
    Phase Error              (PE):    0.099ns

    Location             Delay type                Incr(ns)  Path(ns)    Netlist Resource(s)
  -------------------------------------------------------------------    -------------------
                         (clock clk_out1_clk_wiz_0 rise edge)
                                                      0.000     0.000 r  
    BUFGCTRL_X0Y2        BUFG                         0.000     0.000 r  clk_IBUF_BUFG_inst/O
                         net (fo=319, routed)         0.745     0.745    datapath/video_inst/mmcm_adv_inst_display_clocks/inst/clk_in1
    MMCME2_ADV_X1Y0      MMCME2_ADV (Prop_mmcme2_adv_CLKIN1_CLKOUT0)
                                                     -1.683    -0.938 r  datapath/video_inst/mmcm_adv_inst_display_clocks/inst/mmcm_adv_inst/CLKOUT0
                         net (fo=1, routed)           0.912    -0.026    datapath/video_inst/mmcm_adv_inst_display_clocks/inst/clk_out1_clk_wiz_0
    BUFGCTRL_X0Y4        BUFG (Prop_bufg_I_O)         0.026    -0.000 r  datapath/video_inst/mmcm_adv_inst_display_clocks/inst/clkout1_buf/O
                         net (fo=83, routed)          0.638     0.638    datapath/video_inst/Inst_vga/vga_signal_generator_Final/clk_out1
    SLICE_X156Y129       FDRE                                         r  datapath/video_inst/Inst_vga/vga_signal_generator_Final/position_reg[col][4]/C
  -------------------------------------------------------------------    -------------------
    SLICE_X156Y129       FDRE (Prop_fdre_C_Q)         0.141     0.779 r  datapath/video_inst/Inst_vga/vga_signal_generator_Final/position_reg[col][4]/Q
                         net (fo=12, routed)          0.377     1.156    datapath/rightChannelMemory/Q[4]
    RAMB18_X8Y49         RAMB18E1                                     r  datapath/rightChannelMemory/sdp_bl.ramb18_dp_bl.ram18_bl/ADDRARDADDR[8]
  -------------------------------------------------------------------    -------------------

Slack:                    inf
  Source:                 datapath/video_inst/Inst_vga/vga_signal_generator_Final/position_reg[col][1]/C
                            (rising edge-triggered cell FDRE clocked by clk_out1_clk_wiz_0  {rise@0.000ns fall@20.000ns period=40.000ns})
  Destination:            datapath/leftChannelMemory/sdp_bl.ramb18_dp_bl.ram18_bl/ADDRARDADDR[5]
  Path Group:             (none)
  Path Type:              Min at Fast Process Corner
  Data Path Delay:        0.761ns  (logic 0.164ns (21.559%)  route 0.597ns (78.441%))
  Logic Levels:           0  
  Clock Uncertainty:      0.190ns  ((TSJ^2 + DJ^2)^1/2) / 2 + PE
    Total System Jitter     (TSJ):    0.050ns
    Discrete Jitter          (DJ):    0.175ns
    Phase Error              (PE):    0.099ns

    Location             Delay type                Incr(ns)  Path(ns)    Netlist Resource(s)
  -------------------------------------------------------------------    -------------------
                         (clock clk_out1_clk_wiz_0 rise edge)
                                                      0.000     0.000 r  
    BUFGCTRL_X0Y2        BUFG                         0.000     0.000 r  clk_IBUF_BUFG_inst/O
                         net (fo=319, routed)         0.745     0.745    datapath/video_inst/mmcm_adv_inst_display_clocks/inst/clk_in1
    MMCME2_ADV_X1Y0      MMCME2_ADV (Prop_mmcme2_adv_CLKIN1_CLKOUT0)
                                                     -1.683    -0.938 r  datapath/video_inst/mmcm_adv_inst_display_clocks/inst/mmcm_adv_inst/CLKOUT0
                         net (fo=1, routed)           0.912    -0.026    datapath/video_inst/mmcm_adv_inst_display_clocks/inst/clk_out1_clk_wiz_0
    BUFGCTRL_X0Y4        BUFG (Prop_bufg_I_O)         0.026    -0.000 r  datapath/video_inst/mmcm_adv_inst_display_clocks/inst/clkout1_buf/O
                         net (fo=83, routed)          0.612     0.612    datapath/video_inst/Inst_vga/vga_signal_generator_Final/clk_out1
    SLICE_X154Y129       FDRE                                         r  datapath/video_inst/Inst_vga/vga_signal_generator_Final/position_reg[col][1]/C
  -------------------------------------------------------------------    -------------------
    SLICE_X154Y129       FDRE (Prop_fdre_C_Q)         0.164     0.776 r  datapath/video_inst/Inst_vga/vga_signal_generator_Final/position_reg[col][1]/Q
                         net (fo=42, routed)          0.597     1.372    datapath/leftChannelMemory/Q[1]
    RAMB18_X8Y48         RAMB18E1                                     r  datapath/leftChannelMemory/sdp_bl.ramb18_dp_bl.ram18_bl/ADDRARDADDR[5]
  -------------------------------------------------------------------    -------------------

Slack:                    inf
  Source:                 datapath/video_inst/Inst_vga/vga_signal_generator_Final/position_reg[col][1]/C
                            (rising edge-triggered cell FDRE clocked by clk_out1_clk_wiz_0  {rise@0.000ns fall@20.000ns period=40.000ns})
  Destination:            datapath/rightChannelMemory/sdp_bl.ramb18_dp_bl.ram18_bl/ADDRARDADDR[5]
  Path Group:             (none)
  Path Type:              Min at Fast Process Corner
  Data Path Delay:        0.761ns  (logic 0.164ns (21.559%)  route 0.597ns (78.441%))
  Logic Levels:           0  
  Clock Uncertainty:      0.190ns  ((TSJ^2 + DJ^2)^1/2) / 2 + PE
    Total System Jitter     (TSJ):    0.050ns
    Discrete Jitter          (DJ):    0.175ns
    Phase Error              (PE):    0.099ns

    Location             Delay type                Incr(ns)  Path(ns)    Netlist Resource(s)
  -------------------------------------------------------------------    -------------------
                         (clock clk_out1_clk_wiz_0 rise edge)
                                                      0.000     0.000 r  
    BUFGCTRL_X0Y2        BUFG                         0.000     0.000 r  clk_IBUF_BUFG_inst/O
                         net (fo=319, routed)         0.745     0.745    datapath/video_inst/mmcm_adv_inst_display_clocks/inst/clk_in1
    MMCME2_ADV_X1Y0      MMCME2_ADV (Prop_mmcme2_adv_CLKIN1_CLKOUT0)
                                                     -1.683    -0.938 r  datapath/video_inst/mmcm_adv_inst_display_clocks/inst/mmcm_adv_inst/CLKOUT0
                         net (fo=1, routed)           0.912    -0.026    datapath/video_inst/mmcm_adv_inst_display_clocks/inst/clk_out1_clk_wiz_0
    BUFGCTRL_X0Y4        BUFG (Prop_bufg_I_O)         0.026    -0.000 r  datapath/video_inst/mmcm_adv_inst_display_clocks/inst/clkout1_buf/O
                         net (fo=83, routed)          0.612     0.612    datapath/video_inst/Inst_vga/vga_signal_generator_Final/clk_out1
    SLICE_X154Y129       FDRE                                         r  datapath/video_inst/Inst_vga/vga_signal_generator_Final/position_reg[col][1]/C
  -------------------------------------------------------------------    -------------------
    SLICE_X154Y129       FDRE (Prop_fdre_C_Q)         0.164     0.776 r  datapath/video_inst/Inst_vga/vga_signal_generator_Final/position_reg[col][1]/Q
                         net (fo=42, routed)          0.597     1.372    datapath/rightChannelMemory/Q[1]
    RAMB18_X8Y49         RAMB18E1                                     r  datapath/rightChannelMemory/sdp_bl.ramb18_dp_bl.ram18_bl/ADDRARDADDR[5]
  -------------------------------------------------------------------    -------------------

Slack:                    inf
  Source:                 datapath/video_inst/Inst_vga/vga_signal_generator_Final/position_reg[col][2]/C
                            (rising edge-triggered cell FDRE clocked by clk_out1_clk_wiz_0  {rise@0.000ns fall@20.000ns period=40.000ns})
  Destination:            datapath/leftChannelMemory/sdp_bl.ramb18_dp_bl.ram18_bl/ADDRARDADDR[6]
  Path Group:             (none)
  Path Type:              Min at Fast Process Corner
  Data Path Delay:        0.827ns  (logic 0.164ns (19.838%)  route 0.663ns (80.162%))
  Logic Levels:           0  
  Clock Uncertainty:      0.190ns  ((TSJ^2 + DJ^2)^1/2) / 2 + PE
    Total System Jitter     (TSJ):    0.050ns
    Discrete Jitter          (DJ):    0.175ns
    Phase Error              (PE):    0.099ns

    Location             Delay type                Incr(ns)  Path(ns)    Netlist Resource(s)
  -------------------------------------------------------------------    -------------------
                         (clock clk_out1_clk_wiz_0 rise edge)
                                                      0.000     0.000 r  
    BUFGCTRL_X0Y2        BUFG                         0.000     0.000 r  clk_IBUF_BUFG_inst/O
                         net (fo=319, routed)         0.745     0.745    datapath/video_inst/mmcm_adv_inst_display_clocks/inst/clk_in1
    MMCME2_ADV_X1Y0      MMCME2_ADV (Prop_mmcme2_adv_CLKIN1_CLKOUT0)
                                                     -1.683    -0.938 r  datapath/video_inst/mmcm_adv_inst_display_clocks/inst/mmcm_adv_inst/CLKOUT0
                         net (fo=1, routed)           0.912    -0.026    datapath/video_inst/mmcm_adv_inst_display_clocks/inst/clk_out1_clk_wiz_0
    BUFGCTRL_X0Y4        BUFG (Prop_bufg_I_O)         0.026    -0.000 r  datapath/video_inst/mmcm_adv_inst_display_clocks/inst/clkout1_buf/O
                         net (fo=83, routed)          0.612     0.612    datapath/video_inst/Inst_vga/vga_signal_generator_Final/clk_out1
    SLICE_X154Y129       FDRE                                         r  datapath/video_inst/Inst_vga/vga_signal_generator_Final/position_reg[col][2]/C
  -------------------------------------------------------------------    -------------------
    SLICE_X154Y129       FDRE (Prop_fdre_C_Q)         0.164     0.776 r  datapath/video_inst/Inst_vga/vga_signal_generator_Final/position_reg[col][2]/Q
                         net (fo=17, routed)          0.663     1.438    datapath/leftChannelMemory/Q[2]
    RAMB18_X8Y48         RAMB18E1                                     r  datapath/leftChannelMemory/sdp_bl.ramb18_dp_bl.ram18_bl/ADDRARDADDR[6]
  -------------------------------------------------------------------    -------------------

Slack:                    inf
  Source:                 datapath/video_inst/Inst_vga/vga_signal_generator_Final/position_reg[col][2]/C
                            (rising edge-triggered cell FDRE clocked by clk_out1_clk_wiz_0  {rise@0.000ns fall@20.000ns period=40.000ns})
  Destination:            datapath/rightChannelMemory/sdp_bl.ramb18_dp_bl.ram18_bl/ADDRARDADDR[6]
  Path Group:             (none)
  Path Type:              Min at Fast Process Corner
  Data Path Delay:        0.827ns  (logic 0.164ns (19.838%)  route 0.663ns (80.162%))
  Logic Levels:           0  
  Clock Uncertainty:      0.190ns  ((TSJ^2 + DJ^2)^1/2) / 2 + PE
    Total System Jitter     (TSJ):    0.050ns
    Discrete Jitter          (DJ):    0.175ns
    Phase Error              (PE):    0.099ns

    Location             Delay type                Incr(ns)  Path(ns)    Netlist Resource(s)
  -------------------------------------------------------------------    -------------------
                         (clock clk_out1_clk_wiz_0 rise edge)
                                                      0.000     0.000 r  
    BUFGCTRL_X0Y2        BUFG                         0.000     0.000 r  clk_IBUF_BUFG_inst/O
                         net (fo=319, routed)         0.745     0.745    datapath/video_inst/mmcm_adv_inst_display_clocks/inst/clk_in1
    MMCME2_ADV_X1Y0      MMCME2_ADV (Prop_mmcme2_adv_CLKIN1_CLKOUT0)
                                                     -1.683    -0.938 r  datapath/video_inst/mmcm_adv_inst_display_clocks/inst/mmcm_adv_inst/CLKOUT0
                         net (fo=1, routed)           0.912    -0.026    datapath/video_inst/mmcm_adv_inst_display_clocks/inst/clk_out1_clk_wiz_0
    BUFGCTRL_X0Y4        BUFG (Prop_bufg_I_O)         0.026    -0.000 r  datapath/video_inst/mmcm_adv_inst_display_clocks/inst/clkout1_buf/O
                         net (fo=83, routed)          0.612     0.612    datapath/video_inst/Inst_vga/vga_signal_generator_Final/clk_out1
    SLICE_X154Y129       FDRE                                         r  datapath/video_inst/Inst_vga/vga_signal_generator_Final/position_reg[col][2]/C
  -------------------------------------------------------------------    -------------------
    SLICE_X154Y129       FDRE (Prop_fdre_C_Q)         0.164     0.776 r  datapath/video_inst/Inst_vga/vga_signal_generator_Final/position_reg[col][2]/Q
                         net (fo=17, routed)          0.663     1.438    datapath/rightChannelMemory/Q[2]
    RAMB18_X8Y49         RAMB18E1                                     r  datapath/rightChannelMemory/sdp_bl.ramb18_dp_bl.ram18_bl/ADDRARDADDR[6]
  -------------------------------------------------------------------    -------------------

Slack:                    inf
  Source:                 datapath/video_inst/Inst_vga/vga_signal_generator_Final/position_reg[col][3]/C
                            (rising edge-triggered cell FDRE clocked by clk_out1_clk_wiz_0  {rise@0.000ns fall@20.000ns period=40.000ns})
  Destination:            datapath/leftChannelMemory/sdp_bl.ramb18_dp_bl.ram18_bl/ADDRARDADDR[7]
  Path Group:             (none)
  Path Type:              Min at Fast Process Corner
  Data Path Delay:        0.958ns  (logic 0.164ns (17.110%)  route 0.794ns (82.890%))
  Logic Levels:           0  
  Clock Uncertainty:      0.190ns  ((TSJ^2 + DJ^2)^1/2) / 2 + PE
    Total System Jitter     (TSJ):    0.050ns
    Discrete Jitter          (DJ):    0.175ns
    Phase Error              (PE):    0.099ns

    Location             Delay type                Incr(ns)  Path(ns)    Netlist Resource(s)
  -------------------------------------------------------------------    -------------------
                         (clock clk_out1_clk_wiz_0 rise edge)
                                                      0.000     0.000 r  
    BUFGCTRL_X0Y2        BUFG                         0.000     0.000 r  clk_IBUF_BUFG_inst/O
                         net (fo=319, routed)         0.745     0.745    datapath/video_inst/mmcm_adv_inst_display_clocks/inst/clk_in1
    MMCME2_ADV_X1Y0      MMCME2_ADV (Prop_mmcme2_adv_CLKIN1_CLKOUT0)
                                                     -1.683    -0.938 r  datapath/video_inst/mmcm_adv_inst_display_clocks/inst/mmcm_adv_inst/CLKOUT0
                         net (fo=1, routed)           0.912    -0.026    datapath/video_inst/mmcm_adv_inst_display_clocks/inst/clk_out1_clk_wiz_0
    BUFGCTRL_X0Y4        BUFG (Prop_bufg_I_O)         0.026    -0.000 r  datapath/video_inst/mmcm_adv_inst_display_clocks/inst/clkout1_buf/O
                         net (fo=83, routed)          0.612     0.612    datapath/video_inst/Inst_vga/vga_signal_generator_Final/clk_out1
    SLICE_X154Y129       FDRE                                         r  datapath/video_inst/Inst_vga/vga_signal_generator_Final/position_reg[col][3]/C
  -------------------------------------------------------------------    -------------------
    SLICE_X154Y129       FDRE (Prop_fdre_C_Q)         0.164     0.776 r  datapath/video_inst/Inst_vga/vga_signal_generator_Final/position_reg[col][3]/Q
                         net (fo=17, routed)          0.794     1.570    datapath/leftChannelMemory/Q[3]
    RAMB18_X8Y48         RAMB18E1                                     r  datapath/leftChannelMemory/sdp_bl.ramb18_dp_bl.ram18_bl/ADDRARDADDR[7]
  -------------------------------------------------------------------    -------------------

Slack:                    inf
  Source:                 datapath/video_inst/Inst_vga/vga_signal_generator_Final/position_reg[col][3]/C
                            (rising edge-triggered cell FDRE clocked by clk_out1_clk_wiz_0  {rise@0.000ns fall@20.000ns period=40.000ns})
  Destination:            datapath/rightChannelMemory/sdp_bl.ramb18_dp_bl.ram18_bl/ADDRARDADDR[7]
  Path Group:             (none)
  Path Type:              Min at Fast Process Corner
  Data Path Delay:        0.958ns  (logic 0.164ns (17.110%)  route 0.794ns (82.890%))
  Logic Levels:           0  
  Clock Uncertainty:      0.190ns  ((TSJ^2 + DJ^2)^1/2) / 2 + PE
    Total System Jitter     (TSJ):    0.050ns
    Discrete Jitter          (DJ):    0.175ns
    Phase Error              (PE):    0.099ns

    Location             Delay type                Incr(ns)  Path(ns)    Netlist Resource(s)
  -------------------------------------------------------------------    -------------------
                         (clock clk_out1_clk_wiz_0 rise edge)
                                                      0.000     0.000 r  
    BUFGCTRL_X0Y2        BUFG                         0.000     0.000 r  clk_IBUF_BUFG_inst/O
                         net (fo=319, routed)         0.745     0.745    datapath/video_inst/mmcm_adv_inst_display_clocks/inst/clk_in1
    MMCME2_ADV_X1Y0      MMCME2_ADV (Prop_mmcme2_adv_CLKIN1_CLKOUT0)
                                                     -1.683    -0.938 r  datapath/video_inst/mmcm_adv_inst_display_clocks/inst/mmcm_adv_inst/CLKOUT0
                         net (fo=1, routed)           0.912    -0.026    datapath/video_inst/mmcm_adv_inst_display_clocks/inst/clk_out1_clk_wiz_0
    BUFGCTRL_X0Y4        BUFG (Prop_bufg_I_O)         0.026    -0.000 r  datapath/video_inst/mmcm_adv_inst_display_clocks/inst/clkout1_buf/O
                         net (fo=83, routed)          0.612     0.612    datapath/video_inst/Inst_vga/vga_signal_generator_Final/clk_out1
    SLICE_X154Y129       FDRE                                         r  datapath/video_inst/Inst_vga/vga_signal_generator_Final/position_reg[col][3]/C
  -------------------------------------------------------------------    -------------------
    SLICE_X154Y129       FDRE (Prop_fdre_C_Q)         0.164     0.776 r  datapath/video_inst/Inst_vga/vga_signal_generator_Final/position_reg[col][3]/Q
                         net (fo=17, routed)          0.794     1.570    datapath/rightChannelMemory/Q[3]
    RAMB18_X8Y49         RAMB18E1                                     r  datapath/rightChannelMemory/sdp_bl.ramb18_dp_bl.ram18_bl/ADDRARDADDR[7]
  -------------------------------------------------------------------    -------------------

Slack:                    inf
  Source:                 datapath/video_inst/Inst_vga/vga_signal_generator_Final/position_reg[col][7]/C
                            (rising edge-triggered cell FDRE clocked by clk_out1_clk_wiz_0  {rise@0.000ns fall@20.000ns period=40.000ns})
  Destination:            datapath/leftChannelMemory/sdp_bl.ramb18_dp_bl.ram18_bl/ADDRARDADDR[11]
  Path Group:             (none)
  Path Type:              Min at Fast Process Corner
  Data Path Delay:        0.937ns  (logic 0.164ns (17.497%)  route 0.773ns (82.503%))
  Logic Levels:           0  
  Clock Uncertainty:      0.190ns  ((TSJ^2 + DJ^2)^1/2) / 2 + PE
    Total System Jitter     (TSJ):    0.050ns
    Discrete Jitter          (DJ):    0.175ns
    Phase Error              (PE):    0.099ns

    Location             Delay type                Incr(ns)  Path(ns)    Netlist Resource(s)
  -------------------------------------------------------------------    -------------------
                         (clock clk_out1_clk_wiz_0 rise edge)
                                                      0.000     0.000 r  
    BUFGCTRL_X0Y2        BUFG                         0.000     0.000 r  clk_IBUF_BUFG_inst/O
                         net (fo=319, routed)         0.745     0.745    datapath/video_inst/mmcm_adv_inst_display_clocks/inst/clk_in1
    MMCME2_ADV_X1Y0      MMCME2_ADV (Prop_mmcme2_adv_CLKIN1_CLKOUT0)
                                                     -1.683    -0.938 r  datapath/video_inst/mmcm_adv_inst_display_clocks/inst/mmcm_adv_inst/CLKOUT0
                         net (fo=1, routed)           0.912    -0.026    datapath/video_inst/mmcm_adv_inst_display_clocks/inst/clk_out1_clk_wiz_0
    BUFGCTRL_X0Y4        BUFG (Prop_bufg_I_O)         0.026    -0.000 r  datapath/video_inst/mmcm_adv_inst_display_clocks/inst/clkout1_buf/O
                         net (fo=83, routed)          0.639     0.639    datapath/video_inst/Inst_vga/vga_signal_generator_Final/clk_out1
    SLICE_X158Y130       FDRE                                         r  datapath/video_inst/Inst_vga/vga_signal_generator_Final/position_reg[col][7]/C
  -------------------------------------------------------------------    -------------------
    SLICE_X158Y130       FDRE (Prop_fdre_C_Q)         0.164     0.803 r  datapath/video_inst/Inst_vga/vga_signal_generator_Final/position_reg[col][7]/Q
                         net (fo=22, routed)          0.773     1.576    datapath/leftChannelMemory/Q[7]
    RAMB18_X8Y48         RAMB18E1                                     r  datapath/leftChannelMemory/sdp_bl.ramb18_dp_bl.ram18_bl/ADDRARDADDR[11]
  -------------------------------------------------------------------    -------------------

Slack:                    inf
  Source:                 datapath/video_inst/Inst_vga/vga_signal_generator_Final/position_reg[col][7]/C
                            (rising edge-triggered cell FDRE clocked by clk_out1_clk_wiz_0  {rise@0.000ns fall@20.000ns period=40.000ns})
  Destination:            datapath/rightChannelMemory/sdp_bl.ramb18_dp_bl.ram18_bl/ADDRARDADDR[11]
  Path Group:             (none)
  Path Type:              Min at Fast Process Corner
  Data Path Delay:        0.937ns  (logic 0.164ns (17.497%)  route 0.773ns (82.503%))
  Logic Levels:           0  
  Clock Uncertainty:      0.190ns  ((TSJ^2 + DJ^2)^1/2) / 2 + PE
    Total System Jitter     (TSJ):    0.050ns
    Discrete Jitter          (DJ):    0.175ns
    Phase Error              (PE):    0.099ns

    Location             Delay type                Incr(ns)  Path(ns)    Netlist Resource(s)
  -------------------------------------------------------------------    -------------------
                         (clock clk_out1_clk_wiz_0 rise edge)
                                                      0.000     0.000 r  
    BUFGCTRL_X0Y2        BUFG                         0.000     0.000 r  clk_IBUF_BUFG_inst/O
                         net (fo=319, routed)         0.745     0.745    datapath/video_inst/mmcm_adv_inst_display_clocks/inst/clk_in1
    MMCME2_ADV_X1Y0      MMCME2_ADV (Prop_mmcme2_adv_CLKIN1_CLKOUT0)
                                                     -1.683    -0.938 r  datapath/video_inst/mmcm_adv_inst_display_clocks/inst/mmcm_adv_inst/CLKOUT0
                         net (fo=1, routed)           0.912    -0.026    datapath/video_inst/mmcm_adv_inst_display_clocks/inst/clk_out1_clk_wiz_0
    BUFGCTRL_X0Y4        BUFG (Prop_bufg_I_O)         0.026    -0.000 r  datapath/video_inst/mmcm_adv_inst_display_clocks/inst/clkout1_buf/O
                         net (fo=83, routed)          0.639     0.639    datapath/video_inst/Inst_vga/vga_signal_generator_Final/clk_out1
    SLICE_X158Y130       FDRE                                         r  datapath/video_inst/Inst_vga/vga_signal_generator_Final/position_reg[col][7]/C
  -------------------------------------------------------------------    -------------------
    SLICE_X158Y130       FDRE (Prop_fdre_C_Q)         0.164     0.803 r  datapath/video_inst/Inst_vga/vga_signal_generator_Final/position_reg[col][7]/Q
                         net (fo=22, routed)          0.773     1.576    datapath/rightChannelMemory/Q[7]
    RAMB18_X8Y49         RAMB18E1                                     r  datapath/rightChannelMemory/sdp_bl.ramb18_dp_bl.ram18_bl/ADDRARDADDR[11]
  -------------------------------------------------------------------    -------------------





--------------------------------------------------------------------------------------
Path Group:  (none)
From Clock:  clk_out1_clk_wiz_1
  To Clock:  

Max Delay             1 Endpoint
Min Delay             1 Endpoint
--------------------------------------------------------------------------------------


Max Delay Paths
--------------------------------------------------------------------------------------
Slack:                    inf
  Source:                 datapath/Audio_Codec/audiocodec_master_clock/inst/mmcm_adv_inst/CLKOUT0
                            (clock source 'clk_out1_clk_wiz_1'  {rise@0.000ns fall@40.688ns period=81.375ns})
  Destination:            ac_mclk
                            (output port)
  Path Group:             (none)
  Path Type:              Max at Slow Process Corner
  Data Path Delay:        8.601ns  (logic 3.632ns (42.233%)  route 4.969ns (57.767%))
  Logic Levels:           2  (BUFG=1 OBUF=1)
  Clock Uncertainty:      0.202ns  ((TSJ^2 + DJ^2)^1/2) / 2 + PE
    Total System Jitter     (TSJ):    0.050ns
    Discrete Jitter          (DJ):    0.201ns
    Phase Error              (PE):    0.099ns

    Location             Delay type                Incr(ns)  Path(ns)    Netlist Resource(s)
  -------------------------------------------------------------------    -------------------
                         (clock clk_out1_clk_wiz_1 fall edge)
                                                     40.688    40.688 f  
    BUFGCTRL_X0Y2        BUFG                         0.000    40.688 f  clk_IBUF_BUFG_inst/O
                         net (fo=319, routed)         1.761    42.449    datapath/Audio_Codec/audiocodec_master_clock/inst/clk_in1
  -------------------------------------------------------------------    -------------------
    MMCME2_ADV_X0Y2      MMCME2_ADV (Prop_mmcme2_adv_CLKIN1_CLKOUT0)
                                                     -3.701    38.748 f  datapath/Audio_Codec/audiocodec_master_clock/inst/mmcm_adv_inst/CLKOUT0
                         net (fo=1, routed)           1.843    40.591    datapath/Audio_Codec/audiocodec_master_clock/inst/clk_out1_clk_wiz_1
    BUFGCTRL_X0Y1        BUFG (Prop_bufg_I_O)         0.096    40.687 f  datapath/Audio_Codec/audiocodec_master_clock/inst/clkout1_buf/O
                         net (fo=1, routed)           3.125    43.813    ac_mclk_OBUF
    U6                   OBUF (Prop_obuf_I_O)         3.536    47.349 f  ac_mclk_OBUF_inst/O
                         net (fo=0)                   0.000    47.349    ac_mclk
    U6                                                                f  ac_mclk (OUT)
  -------------------------------------------------------------------    -------------------





Min Delay Paths
--------------------------------------------------------------------------------------
Slack:                    inf
  Source:                 datapath/Audio_Codec/audiocodec_master_clock/inst/mmcm_adv_inst/CLKOUT0
                            (clock source 'clk_out1_clk_wiz_1'  {rise@0.000ns fall@40.688ns period=81.375ns})
  Destination:            ac_mclk
                            (output port)
  Path Group:             (none)
  Path Type:              Min at Fast Process Corner
  Data Path Delay:        2.605ns  (logic 1.263ns (48.503%)  route 1.341ns (51.497%))
  Logic Levels:           2  (BUFG=1 OBUF=1)
  Clock Uncertainty:      0.202ns  ((TSJ^2 + DJ^2)^1/2) / 2 + PE
    Total System Jitter     (TSJ):    0.050ns
    Discrete Jitter          (DJ):    0.201ns
    Phase Error              (PE):    0.099ns

    Location             Delay type                Incr(ns)  Path(ns)    Netlist Resource(s)
  -------------------------------------------------------------------    -------------------
                         (clock clk_out1_clk_wiz_1 rise edge)
                                                      0.000     0.000 r  
    BUFGCTRL_X0Y2        BUFG                         0.000     0.000 r  clk_IBUF_BUFG_inst/O
                         net (fo=319, routed)         0.610     0.610    datapath/Audio_Codec/audiocodec_master_clock/inst/clk_in1
  -------------------------------------------------------------------    -------------------
    MMCME2_ADV_X0Y2      MMCME2_ADV (Prop_mmcme2_adv_CLKIN1_CLKOUT0)
                                                     -1.180    -0.571 r  datapath/Audio_Codec/audiocodec_master_clock/inst/mmcm_adv_inst/CLKOUT0
                         net (fo=1, routed)           0.545    -0.026    datapath/Audio_Codec/audiocodec_master_clock/inst/clk_out1_clk_wiz_1
    BUFGCTRL_X0Y1        BUFG (Prop_bufg_I_O)         0.026     0.000 r  datapath/Audio_Codec/audiocodec_master_clock/inst/clkout1_buf/O
                         net (fo=1, routed)           0.796     0.796    ac_mclk_OBUF
    U6                   OBUF (Prop_obuf_I_O)         1.237     2.034 r  ac_mclk_OBUF_inst/O
                         net (fo=0)                   0.000     2.034    ac_mclk
    U6                                                                r  ac_mclk (OUT)
  -------------------------------------------------------------------    -------------------





--------------------------------------------------------------------------------------
Path Group:  (none)
From Clock:  clk_out2_clk_wiz_0
  To Clock:  

Max Delay             8 Endpoints
Min Delay             8 Endpoints
--------------------------------------------------------------------------------------


Max Delay Paths
--------------------------------------------------------------------------------------
Slack:                    inf
  Source:                 datapath/video_inst/inst_dvid/ODDR2_red/C
                            (falling edge-triggered cell ODDR clocked by clk_out2_clk_wiz_0  {rise@0.000ns fall@4.000ns period=8.000ns})
  Destination:            tmdsb[2]
                            (output port)
  Path Group:             (none)
  Path Type:              Max at Slow Process Corner
  Data Path Delay:        2.370ns  (logic 2.369ns (99.958%)  route 0.001ns (0.042%))
  Logic Levels:           1  (OBUFDS=1)
  Clock Uncertainty:      0.166ns  ((TSJ^2 + DJ^2)^1/2) / 2 + PE
    Total System Jitter     (TSJ):    0.050ns
    Discrete Jitter          (DJ):    0.125ns
    Phase Error              (PE):    0.099ns

    Location             Delay type                Incr(ns)  Path(ns)    Netlist Resource(s)
  -------------------------------------------------------------------    -------------------
                         (clock clk_out2_clk_wiz_0 fall edge)
                                                      4.000     4.000 f  
    BUFGCTRL_X0Y2        BUFG                         0.000     4.000 f  clk_IBUF_BUFG_inst/O
                         net (fo=319, routed)         2.106     6.106    datapath/video_inst/mmcm_adv_inst_display_clocks/inst/clk_in1
    MMCME2_ADV_X1Y0      MMCME2_ADV (Prop_mmcme2_adv_CLKIN1_CLKOUT1)
                                                     -4.900     1.207 f  datapath/video_inst/mmcm_adv_inst_display_clocks/inst/mmcm_adv_inst/CLKOUT1
                         net (fo=1, routed)           2.697     3.904    datapath/video_inst/mmcm_adv_inst_display_clocks/inst/clk_out2_clk_wiz_0
    BUFGCTRL_X0Y0        BUFG (Prop_bufg_I_O)         0.096     4.000 f  datapath/video_inst/mmcm_adv_inst_display_clocks/inst/clkout2_buf/O
                         net (fo=44, routed)          1.831     5.831    datapath/video_inst/inst_dvid/clk_out2
    OLOGIC_X1Y134        ODDR                                         f  datapath/video_inst/inst_dvid/ODDR2_red/C
  -------------------------------------------------------------------    -------------------
    OLOGIC_X1Y134        ODDR (Prop_oddr_C_Q)         0.472     6.303 r  datapath/video_inst/inst_dvid/ODDR2_red/Q
                         net (fo=1, routed)           0.001     6.304    datapath/video_inst/red_s
    AB3                  OBUFDS (Prop_obufds_I_OB)    1.897     8.201 r  datapath/video_inst/OBUFDS_green/OB
                         net (fo=0)                   0.000     8.201    tmdsb[2]
    AB2                                                               r  tmdsb[2] (OUT)
  -------------------------------------------------------------------    -------------------

Slack:                    inf
  Source:                 datapath/video_inst/inst_dvid/ODDR2_green/C
                            (falling edge-triggered cell ODDR clocked by clk_out2_clk_wiz_0  {rise@0.000ns fall@4.000ns period=8.000ns})
  Destination:            tmdsb[1]
                            (output port)
  Path Group:             (none)
  Path Type:              Max at Slow Process Corner
  Data Path Delay:        2.369ns  (logic 2.368ns (99.958%)  route 0.001ns (0.042%))
  Logic Levels:           1  (OBUFDS=1)
  Clock Uncertainty:      0.166ns  ((TSJ^2 + DJ^2)^1/2) / 2 + PE
    Total System Jitter     (TSJ):    0.050ns
    Discrete Jitter          (DJ):    0.125ns
    Phase Error              (PE):    0.099ns

    Location             Delay type                Incr(ns)  Path(ns)    Netlist Resource(s)
  -------------------------------------------------------------------    -------------------
                         (clock clk_out2_clk_wiz_0 fall edge)
                                                      4.000     4.000 f  
    BUFGCTRL_X0Y2        BUFG                         0.000     4.000 f  clk_IBUF_BUFG_inst/O
                         net (fo=319, routed)         2.106     6.106    datapath/video_inst/mmcm_adv_inst_display_clocks/inst/clk_in1
    MMCME2_ADV_X1Y0      MMCME2_ADV (Prop_mmcme2_adv_CLKIN1_CLKOUT1)
                                                     -4.900     1.207 f  datapath/video_inst/mmcm_adv_inst_display_clocks/inst/mmcm_adv_inst/CLKOUT1
                         net (fo=1, routed)           2.697     3.904    datapath/video_inst/mmcm_adv_inst_display_clocks/inst/clk_out2_clk_wiz_0
    BUFGCTRL_X0Y0        BUFG (Prop_bufg_I_O)         0.096     4.000 f  datapath/video_inst/mmcm_adv_inst_display_clocks/inst/clkout2_buf/O
                         net (fo=44, routed)          1.832     5.832    datapath/video_inst/inst_dvid/clk_out2
    OLOGIC_X1Y136        ODDR                                         f  datapath/video_inst/inst_dvid/ODDR2_green/C
  -------------------------------------------------------------------    -------------------
    OLOGIC_X1Y136        ODDR (Prop_oddr_C_Q)         0.472     6.304 r  datapath/video_inst/inst_dvid/ODDR2_green/Q
                         net (fo=1, routed)           0.001     6.305    datapath/video_inst/green_s
    AA1                  OBUFDS (Prop_obufds_I_OB)    1.896     8.201 r  datapath/video_inst/OBUFDS_red/OB
                         net (fo=0)                   0.000     8.201    tmdsb[1]
    AB1                                                               r  tmdsb[1] (OUT)
  -------------------------------------------------------------------    -------------------

Slack:                    inf
  Source:                 datapath/video_inst/inst_dvid/ODDR2_red/C
                            (falling edge-triggered cell ODDR clocked by clk_out2_clk_wiz_0  {rise@0.000ns fall@4.000ns period=8.000ns})
  Destination:            tmds[2]
                            (output port)
  Path Group:             (none)
  Path Type:              Max at Slow Process Corner
  Data Path Delay:        2.369ns  (logic 2.368ns (99.958%)  route 0.001ns (0.042%))
  Logic Levels:           1  (OBUFDS=1)
  Clock Uncertainty:      0.166ns  ((TSJ^2 + DJ^2)^1/2) / 2 + PE
    Total System Jitter     (TSJ):    0.050ns
    Discrete Jitter          (DJ):    0.125ns
    Phase Error              (PE):    0.099ns

    Location             Delay type                Incr(ns)  Path(ns)    Netlist Resource(s)
  -------------------------------------------------------------------    -------------------
                         (clock clk_out2_clk_wiz_0 fall edge)
                                                      4.000     4.000 f  
    BUFGCTRL_X0Y2        BUFG                         0.000     4.000 f  clk_IBUF_BUFG_inst/O
                         net (fo=319, routed)         2.106     6.106    datapath/video_inst/mmcm_adv_inst_display_clocks/inst/clk_in1
    MMCME2_ADV_X1Y0      MMCME2_ADV (Prop_mmcme2_adv_CLKIN1_CLKOUT1)
                                                     -4.900     1.207 f  datapath/video_inst/mmcm_adv_inst_display_clocks/inst/mmcm_adv_inst/CLKOUT1
                         net (fo=1, routed)           2.697     3.904    datapath/video_inst/mmcm_adv_inst_display_clocks/inst/clk_out2_clk_wiz_0
    BUFGCTRL_X0Y0        BUFG (Prop_bufg_I_O)         0.096     4.000 f  datapath/video_inst/mmcm_adv_inst_display_clocks/inst/clkout2_buf/O
                         net (fo=44, routed)          1.831     5.831    datapath/video_inst/inst_dvid/clk_out2
    OLOGIC_X1Y134        ODDR                                         f  datapath/video_inst/inst_dvid/ODDR2_red/C
  -------------------------------------------------------------------    -------------------
    OLOGIC_X1Y134        ODDR (Prop_oddr_C_Q)         0.472     6.303 r  datapath/video_inst/inst_dvid/ODDR2_red/Q
                         net (fo=1, routed)           0.001     6.304    datapath/video_inst/red_s
    AB3                  OBUFDS (Prop_obufds_I_O)     1.896     8.200 r  datapath/video_inst/OBUFDS_green/O
                         net (fo=0)                   0.000     8.200    tmds[2]
    AB3                                                               r  tmds[2] (OUT)
  -------------------------------------------------------------------    -------------------

Slack:                    inf
  Source:                 datapath/video_inst/inst_dvid/ODDR2_green/C
                            (falling edge-triggered cell ODDR clocked by clk_out2_clk_wiz_0  {rise@0.000ns fall@4.000ns period=8.000ns})
  Destination:            tmds[1]
                            (output port)
  Path Group:             (none)
  Path Type:              Max at Slow Process Corner
  Data Path Delay:        2.368ns  (logic 2.367ns (99.958%)  route 0.001ns (0.042%))
  Logic Levels:           1  (OBUFDS=1)
  Clock Uncertainty:      0.166ns  ((TSJ^2 + DJ^2)^1/2) / 2 + PE
    Total System Jitter     (TSJ):    0.050ns
    Discrete Jitter          (DJ):    0.125ns
    Phase Error              (PE):    0.099ns

    Location             Delay type                Incr(ns)  Path(ns)    Netlist Resource(s)
  -------------------------------------------------------------------    -------------------
                         (clock clk_out2_clk_wiz_0 fall edge)
                                                      4.000     4.000 f  
    BUFGCTRL_X0Y2        BUFG                         0.000     4.000 f  clk_IBUF_BUFG_inst/O
                         net (fo=319, routed)         2.106     6.106    datapath/video_inst/mmcm_adv_inst_display_clocks/inst/clk_in1
    MMCME2_ADV_X1Y0      MMCME2_ADV (Prop_mmcme2_adv_CLKIN1_CLKOUT1)
                                                     -4.900     1.207 f  datapath/video_inst/mmcm_adv_inst_display_clocks/inst/mmcm_adv_inst/CLKOUT1
                         net (fo=1, routed)           2.697     3.904    datapath/video_inst/mmcm_adv_inst_display_clocks/inst/clk_out2_clk_wiz_0
    BUFGCTRL_X0Y0        BUFG (Prop_bufg_I_O)         0.096     4.000 f  datapath/video_inst/mmcm_adv_inst_display_clocks/inst/clkout2_buf/O
                         net (fo=44, routed)          1.832     5.832    datapath/video_inst/inst_dvid/clk_out2
    OLOGIC_X1Y136        ODDR                                         f  datapath/video_inst/inst_dvid/ODDR2_green/C
  -------------------------------------------------------------------    -------------------
    OLOGIC_X1Y136        ODDR (Prop_oddr_C_Q)         0.472     6.304 r  datapath/video_inst/inst_dvid/ODDR2_green/Q
                         net (fo=1, routed)           0.001     6.305    datapath/video_inst/green_s
    AA1                  OBUFDS (Prop_obufds_I_O)     1.895     8.200 r  datapath/video_inst/OBUFDS_red/O
                         net (fo=0)                   0.000     8.200    tmds[1]
    AA1                                                               r  tmds[1] (OUT)
  -------------------------------------------------------------------    -------------------

Slack:                    inf
  Source:                 datapath/video_inst/inst_dvid/ODDR2_blue/C
                            (falling edge-triggered cell ODDR clocked by clk_out2_clk_wiz_0  {rise@0.000ns fall@4.000ns period=8.000ns})
  Destination:            tmdsb[0]
                            (output port)
  Path Group:             (none)
  Path Type:              Max at Slow Process Corner
  Data Path Delay:        2.358ns  (logic 2.357ns (99.958%)  route 0.001ns (0.042%))
  Logic Levels:           1  (OBUFDS=1)
  Clock Uncertainty:      0.166ns  ((TSJ^2 + DJ^2)^1/2) / 2 + PE
    Total System Jitter     (TSJ):    0.050ns
    Discrete Jitter          (DJ):    0.125ns
    Phase Error              (PE):    0.099ns

    Location             Delay type                Incr(ns)  Path(ns)    Netlist Resource(s)
  -------------------------------------------------------------------    -------------------
                         (clock clk_out2_clk_wiz_0 fall edge)
                                                      4.000     4.000 f  
    BUFGCTRL_X0Y2        BUFG                         0.000     4.000 f  clk_IBUF_BUFG_inst/O
                         net (fo=319, routed)         2.106     6.106    datapath/video_inst/mmcm_adv_inst_display_clocks/inst/clk_in1
    MMCME2_ADV_X1Y0      MMCME2_ADV (Prop_mmcme2_adv_CLKIN1_CLKOUT1)
                                                     -4.900     1.207 f  datapath/video_inst/mmcm_adv_inst_display_clocks/inst/mmcm_adv_inst/CLKOUT1
                         net (fo=1, routed)           2.697     3.904    datapath/video_inst/mmcm_adv_inst_display_clocks/inst/clk_out2_clk_wiz_0
    BUFGCTRL_X0Y0        BUFG (Prop_bufg_I_O)         0.096     4.000 f  datapath/video_inst/mmcm_adv_inst_display_clocks/inst/clkout2_buf/O
                         net (fo=44, routed)          1.835     5.835    datapath/video_inst/inst_dvid/clk_out2
    OLOGIC_X1Y140        ODDR                                         f  datapath/video_inst/inst_dvid/ODDR2_blue/C
  -------------------------------------------------------------------    -------------------
    OLOGIC_X1Y140        ODDR (Prop_oddr_C_Q)         0.472     6.307 r  datapath/video_inst/inst_dvid/ODDR2_blue/Q
                         net (fo=1, routed)           0.001     6.308    datapath/video_inst/blue_s
    W1                   OBUFDS (Prop_obufds_I_OB)    1.885     8.193 r  datapath/video_inst/OBUFDS_blue/OB
                         net (fo=0)                   0.000     8.193    tmdsb[0]
    Y1                                                                r  tmdsb[0] (OUT)
  -------------------------------------------------------------------    -------------------

Slack:                    inf
  Source:                 datapath/video_inst/inst_dvid/ODDR2_blue/C
                            (falling edge-triggered cell ODDR clocked by clk_out2_clk_wiz_0  {rise@0.000ns fall@4.000ns period=8.000ns})
  Destination:            tmds[0]
                            (output port)
  Path Group:             (none)
  Path Type:              Max at Slow Process Corner
  Data Path Delay:        2.357ns  (logic 2.356ns (99.958%)  route 0.001ns (0.042%))
  Logic Levels:           1  (OBUFDS=1)
  Clock Uncertainty:      0.166ns  ((TSJ^2 + DJ^2)^1/2) / 2 + PE
    Total System Jitter     (TSJ):    0.050ns
    Discrete Jitter          (DJ):    0.125ns
    Phase Error              (PE):    0.099ns

    Location             Delay type                Incr(ns)  Path(ns)    Netlist Resource(s)
  -------------------------------------------------------------------    -------------------
                         (clock clk_out2_clk_wiz_0 fall edge)
                                                      4.000     4.000 f  
    BUFGCTRL_X0Y2        BUFG                         0.000     4.000 f  clk_IBUF_BUFG_inst/O
                         net (fo=319, routed)         2.106     6.106    datapath/video_inst/mmcm_adv_inst_display_clocks/inst/clk_in1
    MMCME2_ADV_X1Y0      MMCME2_ADV (Prop_mmcme2_adv_CLKIN1_CLKOUT1)
                                                     -4.900     1.207 f  datapath/video_inst/mmcm_adv_inst_display_clocks/inst/mmcm_adv_inst/CLKOUT1
                         net (fo=1, routed)           2.697     3.904    datapath/video_inst/mmcm_adv_inst_display_clocks/inst/clk_out2_clk_wiz_0
    BUFGCTRL_X0Y0        BUFG (Prop_bufg_I_O)         0.096     4.000 f  datapath/video_inst/mmcm_adv_inst_display_clocks/inst/clkout2_buf/O
                         net (fo=44, routed)          1.835     5.835    datapath/video_inst/inst_dvid/clk_out2
    OLOGIC_X1Y140        ODDR                                         f  datapath/video_inst/inst_dvid/ODDR2_blue/C
  -------------------------------------------------------------------    -------------------
    OLOGIC_X1Y140        ODDR (Prop_oddr_C_Q)         0.472     6.307 r  datapath/video_inst/inst_dvid/ODDR2_blue/Q
                         net (fo=1, routed)           0.001     6.308    datapath/video_inst/blue_s
    W1                   OBUFDS (Prop_obufds_I_O)     1.884     8.192 r  datapath/video_inst/OBUFDS_blue/O
                         net (fo=0)                   0.000     8.192    tmds[0]
    W1                                                                r  tmds[0] (OUT)
  -------------------------------------------------------------------    -------------------

Slack:                    inf
  Source:                 datapath/video_inst/inst_dvid/ODDR2_clock/C
                            (falling edge-triggered cell ODDR clocked by clk_out2_clk_wiz_0  {rise@0.000ns fall@4.000ns period=8.000ns})
  Destination:            tmdsb[3]
                            (output port)
  Path Group:             (none)
  Path Type:              Max at Slow Process Corner
  Data Path Delay:        2.341ns  (logic 2.340ns (99.957%)  route 0.001ns (0.043%))
  Logic Levels:           1  (OBUFDS=1)
  Clock Uncertainty:      0.166ns  ((TSJ^2 + DJ^2)^1/2) / 2 + PE
    Total System Jitter     (TSJ):    0.050ns
    Discrete Jitter          (DJ):    0.125ns
    Phase Error              (PE):    0.099ns

    Location             Delay type                Incr(ns)  Path(ns)    Netlist Resource(s)
  -------------------------------------------------------------------    -------------------
                         (clock clk_out2_clk_wiz_0 fall edge)
                                                      4.000     4.000 f  
    BUFGCTRL_X0Y2        BUFG                         0.000     4.000 f  clk_IBUF_BUFG_inst/O
                         net (fo=319, routed)         2.106     6.106    datapath/video_inst/mmcm_adv_inst_display_clocks/inst/clk_in1
    MMCME2_ADV_X1Y0      MMCME2_ADV (Prop_mmcme2_adv_CLKIN1_CLKOUT1)
                                                     -4.900     1.207 f  datapath/video_inst/mmcm_adv_inst_display_clocks/inst/mmcm_adv_inst/CLKOUT1
                         net (fo=1, routed)           2.697     3.904    datapath/video_inst/mmcm_adv_inst_display_clocks/inst/clk_out2_clk_wiz_0
    BUFGCTRL_X0Y0        BUFG (Prop_bufg_I_O)         0.096     4.000 f  datapath/video_inst/mmcm_adv_inst_display_clocks/inst/clkout2_buf/O
                         net (fo=44, routed)          1.838     5.838    datapath/video_inst/inst_dvid/clk_out2
    OLOGIC_X1Y148        ODDR                                         f  datapath/video_inst/inst_dvid/ODDR2_clock/C
  -------------------------------------------------------------------    -------------------
    OLOGIC_X1Y148        ODDR (Prop_oddr_C_Q)         0.472     6.310 r  datapath/video_inst/inst_dvid/ODDR2_clock/Q
                         net (fo=1, routed)           0.001     6.311    datapath/video_inst/clock_s
    T1                   OBUFDS (Prop_obufds_I_OB)    1.868     8.179 r  datapath/video_inst/OBUFDS_clock/OB
                         net (fo=0)                   0.000     8.179    tmdsb[3]
    U1                                                                r  tmdsb[3] (OUT)
  -------------------------------------------------------------------    -------------------

Slack:                    inf
  Source:                 datapath/video_inst/inst_dvid/ODDR2_clock/C
                            (falling edge-triggered cell ODDR clocked by clk_out2_clk_wiz_0  {rise@0.000ns fall@4.000ns period=8.000ns})
  Destination:            tmds[3]
                            (output port)
  Path Group:             (none)
  Path Type:              Max at Slow Process Corner
  Data Path Delay:        2.340ns  (logic 2.339ns (99.957%)  route 0.001ns (0.043%))
  Logic Levels:           1  (OBUFDS=1)
  Clock Uncertainty:      0.166ns  ((TSJ^2 + DJ^2)^1/2) / 2 + PE
    Total System Jitter     (TSJ):    0.050ns
    Discrete Jitter          (DJ):    0.125ns
    Phase Error              (PE):    0.099ns

    Location             Delay type                Incr(ns)  Path(ns)    Netlist Resource(s)
  -------------------------------------------------------------------    -------------------
                         (clock clk_out2_clk_wiz_0 fall edge)
                                                      4.000     4.000 f  
    BUFGCTRL_X0Y2        BUFG                         0.000     4.000 f  clk_IBUF_BUFG_inst/O
                         net (fo=319, routed)         2.106     6.106    datapath/video_inst/mmcm_adv_inst_display_clocks/inst/clk_in1
    MMCME2_ADV_X1Y0      MMCME2_ADV (Prop_mmcme2_adv_CLKIN1_CLKOUT1)
                                                     -4.900     1.207 f  datapath/video_inst/mmcm_adv_inst_display_clocks/inst/mmcm_adv_inst/CLKOUT1
                         net (fo=1, routed)           2.697     3.904    datapath/video_inst/mmcm_adv_inst_display_clocks/inst/clk_out2_clk_wiz_0
    BUFGCTRL_X0Y0        BUFG (Prop_bufg_I_O)         0.096     4.000 f  datapath/video_inst/mmcm_adv_inst_display_clocks/inst/clkout2_buf/O
                         net (fo=44, routed)          1.838     5.838    datapath/video_inst/inst_dvid/clk_out2
    OLOGIC_X1Y148        ODDR                                         f  datapath/video_inst/inst_dvid/ODDR2_clock/C
  -------------------------------------------------------------------    -------------------
    OLOGIC_X1Y148        ODDR (Prop_oddr_C_Q)         0.472     6.310 r  datapath/video_inst/inst_dvid/ODDR2_clock/Q
                         net (fo=1, routed)           0.001     6.311    datapath/video_inst/clock_s
    T1                   OBUFDS (Prop_obufds_I_O)     1.867     8.178 r  datapath/video_inst/OBUFDS_clock/O
                         net (fo=0)                   0.000     8.178    tmds[3]
    T1                                                                r  tmds[3] (OUT)
  -------------------------------------------------------------------    -------------------





Min Delay Paths
--------------------------------------------------------------------------------------
Slack:                    inf
  Source:                 datapath/video_inst/inst_dvid/ODDR2_clock/C
                            (rising edge-triggered cell ODDR clocked by clk_out2_clk_wiz_0  {rise@0.000ns fall@4.000ns period=8.000ns})
  Destination:            tmds[3]
                            (output port)
  Path Group:             (none)
  Path Type:              Min at Fast Process Corner
  Data Path Delay:        0.994ns  (logic 0.993ns (99.899%)  route 0.001ns (0.101%))
  Logic Levels:           1  (OBUFDS=1)
  Clock Uncertainty:      0.166ns  ((TSJ^2 + DJ^2)^1/2) / 2 + PE
    Total System Jitter     (TSJ):    0.050ns
    Discrete Jitter          (DJ):    0.125ns
    Phase Error              (PE):    0.099ns

    Location             Delay type                Incr(ns)  Path(ns)    Netlist Resource(s)
  -------------------------------------------------------------------    -------------------
                         (clock clk_out2_clk_wiz_0 rise edge)
                                                      0.000     0.000 r  
    BUFGCTRL_X0Y2        BUFG                         0.000     0.000 r  clk_IBUF_BUFG_inst/O
                         net (fo=319, routed)         0.745     0.745    datapath/video_inst/mmcm_adv_inst_display_clocks/inst/clk_in1
    MMCME2_ADV_X1Y0      MMCME2_ADV (Prop_mmcme2_adv_CLKIN1_CLKOUT1)
                                                     -1.683    -0.938 r  datapath/video_inst/mmcm_adv_inst_display_clocks/inst/mmcm_adv_inst/CLKOUT1
                         net (fo=1, routed)           0.912    -0.026    datapath/video_inst/mmcm_adv_inst_display_clocks/inst/clk_out2_clk_wiz_0
    BUFGCTRL_X0Y0        BUFG (Prop_bufg_I_O)         0.026    -0.000 r  datapath/video_inst/mmcm_adv_inst_display_clocks/inst/clkout2_buf/O
                         net (fo=44, routed)          0.640     0.640    datapath/video_inst/inst_dvid/clk_out2
    OLOGIC_X1Y148        ODDR                                         r  datapath/video_inst/inst_dvid/ODDR2_clock/C
  -------------------------------------------------------------------    -------------------
    OLOGIC_X1Y148        ODDR (Prop_oddr_C_Q)         0.177     0.817 r  datapath/video_inst/inst_dvid/ODDR2_clock/Q
                         net (fo=1, routed)           0.001     0.818    datapath/video_inst/clock_s
    T1                   OBUFDS (Prop_obufds_I_O)     0.816     1.634 r  datapath/video_inst/OBUFDS_clock/O
                         net (fo=0)                   0.000     1.634    tmds[3]
    T1                                                                r  tmds[3] (OUT)
  -------------------------------------------------------------------    -------------------

Slack:                    inf
  Source:                 datapath/video_inst/inst_dvid/ODDR2_clock/C
                            (rising edge-triggered cell ODDR clocked by clk_out2_clk_wiz_0  {rise@0.000ns fall@4.000ns period=8.000ns})
  Destination:            tmdsb[3]
                            (output port)
  Path Group:             (none)
  Path Type:              Min at Fast Process Corner
  Data Path Delay:        0.995ns  (logic 0.994ns (99.899%)  route 0.001ns (0.101%))
  Logic Levels:           1  (OBUFDS=1)
  Clock Uncertainty:      0.166ns  ((TSJ^2 + DJ^2)^1/2) / 2 + PE
    Total System Jitter     (TSJ):    0.050ns
    Discrete Jitter          (DJ):    0.125ns
    Phase Error              (PE):    0.099ns

    Location             Delay type                Incr(ns)  Path(ns)    Netlist Resource(s)
  -------------------------------------------------------------------    -------------------
                         (clock clk_out2_clk_wiz_0 rise edge)
                                                      0.000     0.000 r  
    BUFGCTRL_X0Y2        BUFG                         0.000     0.000 r  clk_IBUF_BUFG_inst/O
                         net (fo=319, routed)         0.745     0.745    datapath/video_inst/mmcm_adv_inst_display_clocks/inst/clk_in1
    MMCME2_ADV_X1Y0      MMCME2_ADV (Prop_mmcme2_adv_CLKIN1_CLKOUT1)
                                                     -1.683    -0.938 r  datapath/video_inst/mmcm_adv_inst_display_clocks/inst/mmcm_adv_inst/CLKOUT1
                         net (fo=1, routed)           0.912    -0.026    datapath/video_inst/mmcm_adv_inst_display_clocks/inst/clk_out2_clk_wiz_0
    BUFGCTRL_X0Y0        BUFG (Prop_bufg_I_O)         0.026    -0.000 r  datapath/video_inst/mmcm_adv_inst_display_clocks/inst/clkout2_buf/O
                         net (fo=44, routed)          0.640     0.640    datapath/video_inst/inst_dvid/clk_out2
    OLOGIC_X1Y148        ODDR                                         r  datapath/video_inst/inst_dvid/ODDR2_clock/C
  -------------------------------------------------------------------    -------------------
    OLOGIC_X1Y148        ODDR (Prop_oddr_C_Q)         0.177     0.817 r  datapath/video_inst/inst_dvid/ODDR2_clock/Q
                         net (fo=1, routed)           0.001     0.818    datapath/video_inst/clock_s
    T1                   OBUFDS (Prop_obufds_I_OB)    0.817     1.635 r  datapath/video_inst/OBUFDS_clock/OB
                         net (fo=0)                   0.000     1.635    tmdsb[3]
    U1                                                                r  tmdsb[3] (OUT)
  -------------------------------------------------------------------    -------------------

Slack:                    inf
  Source:                 datapath/video_inst/inst_dvid/ODDR2_blue/C
                            (rising edge-triggered cell ODDR clocked by clk_out2_clk_wiz_0  {rise@0.000ns fall@4.000ns period=8.000ns})
  Destination:            tmds[0]
                            (output port)
  Path Group:             (none)
  Path Type:              Min at Fast Process Corner
  Data Path Delay:        1.010ns  (logic 1.009ns (99.901%)  route 0.001ns (0.099%))
  Logic Levels:           1  (OBUFDS=1)
  Clock Uncertainty:      0.166ns  ((TSJ^2 + DJ^2)^1/2) / 2 + PE
    Total System Jitter     (TSJ):    0.050ns
    Discrete Jitter          (DJ):    0.125ns
    Phase Error              (PE):    0.099ns

    Location             Delay type                Incr(ns)  Path(ns)    Netlist Resource(s)
  -------------------------------------------------------------------    -------------------
                         (clock clk_out2_clk_wiz_0 rise edge)
                                                      0.000     0.000 r  
    BUFGCTRL_X0Y2        BUFG                         0.000     0.000 r  clk_IBUF_BUFG_inst/O
                         net (fo=319, routed)         0.745     0.745    datapath/video_inst/mmcm_adv_inst_display_clocks/inst/clk_in1
    MMCME2_ADV_X1Y0      MMCME2_ADV (Prop_mmcme2_adv_CLKIN1_CLKOUT1)
                                                     -1.683    -0.938 r  datapath/video_inst/mmcm_adv_inst_display_clocks/inst/mmcm_adv_inst/CLKOUT1
                         net (fo=1, routed)           0.912    -0.026    datapath/video_inst/mmcm_adv_inst_display_clocks/inst/clk_out2_clk_wiz_0
    BUFGCTRL_X0Y0        BUFG (Prop_bufg_I_O)         0.026    -0.000 r  datapath/video_inst/mmcm_adv_inst_display_clocks/inst/clkout2_buf/O
                         net (fo=44, routed)          0.638     0.638    datapath/video_inst/inst_dvid/clk_out2
    OLOGIC_X1Y140        ODDR                                         r  datapath/video_inst/inst_dvid/ODDR2_blue/C
  -------------------------------------------------------------------    -------------------
    OLOGIC_X1Y140        ODDR (Prop_oddr_C_Q)         0.177     0.815 r  datapath/video_inst/inst_dvid/ODDR2_blue/Q
                         net (fo=1, routed)           0.001     0.816    datapath/video_inst/blue_s
    W1                   OBUFDS (Prop_obufds_I_O)     0.832     1.648 r  datapath/video_inst/OBUFDS_blue/O
                         net (fo=0)                   0.000     1.648    tmds[0]
    W1                                                                r  tmds[0] (OUT)
  -------------------------------------------------------------------    -------------------

Slack:                    inf
  Source:                 datapath/video_inst/inst_dvid/ODDR2_blue/C
                            (rising edge-triggered cell ODDR clocked by clk_out2_clk_wiz_0  {rise@0.000ns fall@4.000ns period=8.000ns})
  Destination:            tmdsb[0]
                            (output port)
  Path Group:             (none)
  Path Type:              Min at Fast Process Corner
  Data Path Delay:        1.011ns  (logic 1.010ns (99.901%)  route 0.001ns (0.099%))
  Logic Levels:           1  (OBUFDS=1)
  Clock Uncertainty:      0.166ns  ((TSJ^2 + DJ^2)^1/2) / 2 + PE
    Total System Jitter     (TSJ):    0.050ns
    Discrete Jitter          (DJ):    0.125ns
    Phase Error              (PE):    0.099ns

    Location             Delay type                Incr(ns)  Path(ns)    Netlist Resource(s)
  -------------------------------------------------------------------    -------------------
                         (clock clk_out2_clk_wiz_0 rise edge)
                                                      0.000     0.000 r  
    BUFGCTRL_X0Y2        BUFG                         0.000     0.000 r  clk_IBUF_BUFG_inst/O
                         net (fo=319, routed)         0.745     0.745    datapath/video_inst/mmcm_adv_inst_display_clocks/inst/clk_in1
    MMCME2_ADV_X1Y0      MMCME2_ADV (Prop_mmcme2_adv_CLKIN1_CLKOUT1)
                                                     -1.683    -0.938 r  datapath/video_inst/mmcm_adv_inst_display_clocks/inst/mmcm_adv_inst/CLKOUT1
                         net (fo=1, routed)           0.912    -0.026    datapath/video_inst/mmcm_adv_inst_display_clocks/inst/clk_out2_clk_wiz_0
    BUFGCTRL_X0Y0        BUFG (Prop_bufg_I_O)         0.026    -0.000 r  datapath/video_inst/mmcm_adv_inst_display_clocks/inst/clkout2_buf/O
                         net (fo=44, routed)          0.638     0.638    datapath/video_inst/inst_dvid/clk_out2
    OLOGIC_X1Y140        ODDR                                         r  datapath/video_inst/inst_dvid/ODDR2_blue/C
  -------------------------------------------------------------------    -------------------
    OLOGIC_X1Y140        ODDR (Prop_oddr_C_Q)         0.177     0.815 r  datapath/video_inst/inst_dvid/ODDR2_blue/Q
                         net (fo=1, routed)           0.001     0.816    datapath/video_inst/blue_s
    W1                   OBUFDS (Prop_obufds_I_OB)    0.833     1.649 r  datapath/video_inst/OBUFDS_blue/OB
                         net (fo=0)                   0.000     1.649    tmdsb[0]
    Y1                                                                r  tmdsb[0] (OUT)
  -------------------------------------------------------------------    -------------------

Slack:                    inf
  Source:                 datapath/video_inst/inst_dvid/ODDR2_green/C
                            (rising edge-triggered cell ODDR clocked by clk_out2_clk_wiz_0  {rise@0.000ns fall@4.000ns period=8.000ns})
  Destination:            tmds[1]
                            (output port)
  Path Group:             (none)
  Path Type:              Min at Fast Process Corner
  Data Path Delay:        1.022ns  (logic 1.021ns (99.902%)  route 0.001ns (0.098%))
  Logic Levels:           1  (OBUFDS=1)
  Clock Uncertainty:      0.166ns  ((TSJ^2 + DJ^2)^1/2) / 2 + PE
    Total System Jitter     (TSJ):    0.050ns
    Discrete Jitter          (DJ):    0.125ns
    Phase Error              (PE):    0.099ns

    Location             Delay type                Incr(ns)  Path(ns)    Netlist Resource(s)
  -------------------------------------------------------------------    -------------------
                         (clock clk_out2_clk_wiz_0 rise edge)
                                                      0.000     0.000 r  
    BUFGCTRL_X0Y2        BUFG                         0.000     0.000 r  clk_IBUF_BUFG_inst/O
                         net (fo=319, routed)         0.745     0.745    datapath/video_inst/mmcm_adv_inst_display_clocks/inst/clk_in1
    MMCME2_ADV_X1Y0      MMCME2_ADV (Prop_mmcme2_adv_CLKIN1_CLKOUT1)
                                                     -1.683    -0.938 r  datapath/video_inst/mmcm_adv_inst_display_clocks/inst/mmcm_adv_inst/CLKOUT1
                         net (fo=1, routed)           0.912    -0.026    datapath/video_inst/mmcm_adv_inst_display_clocks/inst/clk_out2_clk_wiz_0
    BUFGCTRL_X0Y0        BUFG (Prop_bufg_I_O)         0.026    -0.000 r  datapath/video_inst/mmcm_adv_inst_display_clocks/inst/clkout2_buf/O
                         net (fo=44, routed)          0.636     0.636    datapath/video_inst/inst_dvid/clk_out2
    OLOGIC_X1Y136        ODDR                                         r  datapath/video_inst/inst_dvid/ODDR2_green/C
  -------------------------------------------------------------------    -------------------
    OLOGIC_X1Y136        ODDR (Prop_oddr_C_Q)         0.177     0.813 r  datapath/video_inst/inst_dvid/ODDR2_green/Q
                         net (fo=1, routed)           0.001     0.814    datapath/video_inst/green_s
    AA1                  OBUFDS (Prop_obufds_I_O)     0.844     1.657 r  datapath/video_inst/OBUFDS_red/O
                         net (fo=0)                   0.000     1.657    tmds[1]
    AA1                                                               r  tmds[1] (OUT)
  -------------------------------------------------------------------    -------------------

Slack:                    inf
  Source:                 datapath/video_inst/inst_dvid/ODDR2_green/C
                            (rising edge-triggered cell ODDR clocked by clk_out2_clk_wiz_0  {rise@0.000ns fall@4.000ns period=8.000ns})
  Destination:            tmdsb[1]
                            (output port)
  Path Group:             (none)
  Path Type:              Min at Fast Process Corner
  Data Path Delay:        1.023ns  (logic 1.022ns (99.902%)  route 0.001ns (0.098%))
  Logic Levels:           1  (OBUFDS=1)
  Clock Uncertainty:      0.166ns  ((TSJ^2 + DJ^2)^1/2) / 2 + PE
    Total System Jitter     (TSJ):    0.050ns
    Discrete Jitter          (DJ):    0.125ns
    Phase Error              (PE):    0.099ns

    Location             Delay type                Incr(ns)  Path(ns)    Netlist Resource(s)
  -------------------------------------------------------------------    -------------------
                         (clock clk_out2_clk_wiz_0 rise edge)
                                                      0.000     0.000 r  
    BUFGCTRL_X0Y2        BUFG                         0.000     0.000 r  clk_IBUF_BUFG_inst/O
                         net (fo=319, routed)         0.745     0.745    datapath/video_inst/mmcm_adv_inst_display_clocks/inst/clk_in1
    MMCME2_ADV_X1Y0      MMCME2_ADV (Prop_mmcme2_adv_CLKIN1_CLKOUT1)
                                                     -1.683    -0.938 r  datapath/video_inst/mmcm_adv_inst_display_clocks/inst/mmcm_adv_inst/CLKOUT1
                         net (fo=1, routed)           0.912    -0.026    datapath/video_inst/mmcm_adv_inst_display_clocks/inst/clk_out2_clk_wiz_0
    BUFGCTRL_X0Y0        BUFG (Prop_bufg_I_O)         0.026    -0.000 r  datapath/video_inst/mmcm_adv_inst_display_clocks/inst/clkout2_buf/O
                         net (fo=44, routed)          0.636     0.636    datapath/video_inst/inst_dvid/clk_out2
    OLOGIC_X1Y136        ODDR                                         r  datapath/video_inst/inst_dvid/ODDR2_green/C
  -------------------------------------------------------------------    -------------------
    OLOGIC_X1Y136        ODDR (Prop_oddr_C_Q)         0.177     0.813 r  datapath/video_inst/inst_dvid/ODDR2_green/Q
                         net (fo=1, routed)           0.001     0.814    datapath/video_inst/green_s
    AA1                  OBUFDS (Prop_obufds_I_OB)    0.845     1.658 r  datapath/video_inst/OBUFDS_red/OB
                         net (fo=0)                   0.000     1.658    tmdsb[1]
    AB1                                                               r  tmdsb[1] (OUT)
  -------------------------------------------------------------------    -------------------

Slack:                    inf
  Source:                 datapath/video_inst/inst_dvid/ODDR2_red/C
                            (rising edge-triggered cell ODDR clocked by clk_out2_clk_wiz_0  {rise@0.000ns fall@4.000ns period=8.000ns})
  Destination:            tmds[2]
                            (output port)
  Path Group:             (none)
  Path Type:              Min at Fast Process Corner
  Data Path Delay:        1.023ns  (logic 1.022ns (99.902%)  route 0.001ns (0.098%))
  Logic Levels:           1  (OBUFDS=1)
  Clock Uncertainty:      0.166ns  ((TSJ^2 + DJ^2)^1/2) / 2 + PE
    Total System Jitter     (TSJ):    0.050ns
    Discrete Jitter          (DJ):    0.125ns
    Phase Error              (PE):    0.099ns

    Location             Delay type                Incr(ns)  Path(ns)    Netlist Resource(s)
  -------------------------------------------------------------------    -------------------
                         (clock clk_out2_clk_wiz_0 rise edge)
                                                      0.000     0.000 r  
    BUFGCTRL_X0Y2        BUFG                         0.000     0.000 r  clk_IBUF_BUFG_inst/O
                         net (fo=319, routed)         0.745     0.745    datapath/video_inst/mmcm_adv_inst_display_clocks/inst/clk_in1
    MMCME2_ADV_X1Y0      MMCME2_ADV (Prop_mmcme2_adv_CLKIN1_CLKOUT1)
                                                     -1.683    -0.938 r  datapath/video_inst/mmcm_adv_inst_display_clocks/inst/mmcm_adv_inst/CLKOUT1
                         net (fo=1, routed)           0.912    -0.026    datapath/video_inst/mmcm_adv_inst_display_clocks/inst/clk_out2_clk_wiz_0
    BUFGCTRL_X0Y0        BUFG (Prop_bufg_I_O)         0.026    -0.000 r  datapath/video_inst/mmcm_adv_inst_display_clocks/inst/clkout2_buf/O
                         net (fo=44, routed)          0.636     0.636    datapath/video_inst/inst_dvid/clk_out2
    OLOGIC_X1Y134        ODDR                                         r  datapath/video_inst/inst_dvid/ODDR2_red/C
  -------------------------------------------------------------------    -------------------
    OLOGIC_X1Y134        ODDR (Prop_oddr_C_Q)         0.177     0.813 r  datapath/video_inst/inst_dvid/ODDR2_red/Q
                         net (fo=1, routed)           0.001     0.814    datapath/video_inst/red_s
    AB3                  OBUFDS (Prop_obufds_I_O)     0.845     1.659 r  datapath/video_inst/OBUFDS_green/O
                         net (fo=0)                   0.000     1.659    tmds[2]
    AB3                                                               r  tmds[2] (OUT)
  -------------------------------------------------------------------    -------------------

Slack:                    inf
  Source:                 datapath/video_inst/inst_dvid/ODDR2_red/C
                            (rising edge-triggered cell ODDR clocked by clk_out2_clk_wiz_0  {rise@0.000ns fall@4.000ns period=8.000ns})
  Destination:            tmdsb[2]
                            (output port)
  Path Group:             (none)
  Path Type:              Min at Fast Process Corner
  Data Path Delay:        1.024ns  (logic 1.023ns (99.902%)  route 0.001ns (0.098%))
  Logic Levels:           1  (OBUFDS=1)
  Clock Uncertainty:      0.166ns  ((TSJ^2 + DJ^2)^1/2) / 2 + PE
    Total System Jitter     (TSJ):    0.050ns
    Discrete Jitter          (DJ):    0.125ns
    Phase Error              (PE):    0.099ns

    Location             Delay type                Incr(ns)  Path(ns)    Netlist Resource(s)
  -------------------------------------------------------------------    -------------------
                         (clock clk_out2_clk_wiz_0 rise edge)
                                                      0.000     0.000 r  
    BUFGCTRL_X0Y2        BUFG                         0.000     0.000 r  clk_IBUF_BUFG_inst/O
                         net (fo=319, routed)         0.745     0.745    datapath/video_inst/mmcm_adv_inst_display_clocks/inst/clk_in1
    MMCME2_ADV_X1Y0      MMCME2_ADV (Prop_mmcme2_adv_CLKIN1_CLKOUT1)
                                                     -1.683    -0.938 r  datapath/video_inst/mmcm_adv_inst_display_clocks/inst/mmcm_adv_inst/CLKOUT1
                         net (fo=1, routed)           0.912    -0.026    datapath/video_inst/mmcm_adv_inst_display_clocks/inst/clk_out2_clk_wiz_0
    BUFGCTRL_X0Y0        BUFG (Prop_bufg_I_O)         0.026    -0.000 r  datapath/video_inst/mmcm_adv_inst_display_clocks/inst/clkout2_buf/O
                         net (fo=44, routed)          0.636     0.636    datapath/video_inst/inst_dvid/clk_out2
    OLOGIC_X1Y134        ODDR                                         r  datapath/video_inst/inst_dvid/ODDR2_red/C
  -------------------------------------------------------------------    -------------------
    OLOGIC_X1Y134        ODDR (Prop_oddr_C_Q)         0.177     0.813 r  datapath/video_inst/inst_dvid/ODDR2_red/Q
                         net (fo=1, routed)           0.001     0.814    datapath/video_inst/red_s
    AB3                  OBUFDS (Prop_obufds_I_OB)    0.846     1.660 r  datapath/video_inst/OBUFDS_green/OB
                         net (fo=0)                   0.000     1.660    tmdsb[2]
    AB2                                                               r  tmdsb[2] (OUT)
  -------------------------------------------------------------------    -------------------





--------------------------------------------------------------------------------------
Path Group:  (none)
From Clock:  clk_out2_clk_wiz_1
  To Clock:  

Max Delay             2 Endpoints
Min Delay             2 Endpoints
--------------------------------------------------------------------------------------


Max Delay Paths
--------------------------------------------------------------------------------------
Slack:                    inf
  Source:                 datapath/Audio_Codec/initialize_audio/twi_controller/rSda_reg/C
                            (rising edge-triggered cell FDRE clocked by clk_out2_clk_wiz_1  {rise@0.000ns fall@10.000ns period=20.000ns})
  Destination:            sda
                            (output port)
  Path Group:             (none)
  Path Type:              Max at Slow Process Corner
  Data Path Delay:        6.337ns  (logic 4.066ns (64.157%)  route 2.271ns (35.843%))
  Logic Levels:           1  (OBUFT=1)
  Clock Uncertainty:      0.178ns  ((TSJ^2 + DJ^2)^1/2) / 2 + PE
    Total System Jitter     (TSJ):    0.050ns
    Discrete Jitter          (DJ):    0.152ns
    Phase Error              (PE):    0.099ns

    Location             Delay type                Incr(ns)  Path(ns)    Netlist Resource(s)
  -------------------------------------------------------------------    -------------------
                         (clock clk_out2_clk_wiz_1 rise edge)
                                                      0.000     0.000 r  
    BUFGCTRL_X0Y2        BUFG                         0.000     0.000 r  clk_IBUF_BUFG_inst/O
                         net (fo=319, routed)         1.761     1.761    datapath/Audio_Codec/audiocodec_master_clock/inst/clk_in1
    MMCME2_ADV_X0Y2      MMCME2_ADV (Prop_mmcme2_adv_CLKIN1_CLKOUT1)
                                                     -3.701    -1.939 r  datapath/Audio_Codec/audiocodec_master_clock/inst/mmcm_adv_inst/CLKOUT1
                         net (fo=1, routed)           1.843    -0.096    datapath/Audio_Codec/audiocodec_master_clock/inst/clk_out2_clk_wiz_1
    BUFGCTRL_X0Y3        BUFG (Prop_bufg_I_O)         0.096    -0.000 r  datapath/Audio_Codec/audiocodec_master_clock/inst/clkout2_buf/O
                         net (fo=115, routed)         1.827     1.827    datapath/Audio_Codec/initialize_audio/twi_controller/CLK
    SLICE_X158Y111       FDRE                                         r  datapath/Audio_Codec/initialize_audio/twi_controller/rSda_reg/C
  -------------------------------------------------------------------    -------------------
    SLICE_X158Y111       FDRE (Prop_fdre_C_Q)         0.518     2.345 f  datapath/Audio_Codec/initialize_audio/twi_controller/rSda_reg/Q
                         net (fo=4, routed)           2.271     4.617    sda_IOBUF_inst/T
    V5                   OBUFT (TriStatE_obuft_T_O)
                                                      3.548     8.165 r  sda_IOBUF_inst/OBUFT/O
                         net (fo=1, unset)            0.000     8.165    sda
    V5                                                                r  sda (INOUT)
  -------------------------------------------------------------------    -------------------

Slack:                    inf
  Source:                 datapath/Audio_Codec/initialize_audio/twi_controller/rScl_reg/C
                            (rising edge-triggered cell FDRE clocked by clk_out2_clk_wiz_1  {rise@0.000ns fall@10.000ns period=20.000ns})
  Destination:            scl
                            (output port)
  Path Group:             (none)
  Path Type:              Max at Slow Process Corner
  Data Path Delay:        6.099ns  (logic 4.083ns (66.949%)  route 2.016ns (33.051%))
  Logic Levels:           1  (OBUFT=1)
  Clock Uncertainty:      0.178ns  ((TSJ^2 + DJ^2)^1/2) / 2 + PE
    Total System Jitter     (TSJ):    0.050ns
    Discrete Jitter          (DJ):    0.152ns
    Phase Error              (PE):    0.099ns

    Location             Delay type                Incr(ns)  Path(ns)    Netlist Resource(s)
  -------------------------------------------------------------------    -------------------
                         (clock clk_out2_clk_wiz_1 rise edge)
                                                      0.000     0.000 r  
    BUFGCTRL_X0Y2        BUFG                         0.000     0.000 r  clk_IBUF_BUFG_inst/O
                         net (fo=319, routed)         1.761     1.761    datapath/Audio_Codec/audiocodec_master_clock/inst/clk_in1
    MMCME2_ADV_X0Y2      MMCME2_ADV (Prop_mmcme2_adv_CLKIN1_CLKOUT1)
                                                     -3.701    -1.939 r  datapath/Audio_Codec/audiocodec_master_clock/inst/mmcm_adv_inst/CLKOUT1
                         net (fo=1, routed)           1.843    -0.096    datapath/Audio_Codec/audiocodec_master_clock/inst/clk_out2_clk_wiz_1
    BUFGCTRL_X0Y3        BUFG (Prop_bufg_I_O)         0.096    -0.000 r  datapath/Audio_Codec/audiocodec_master_clock/inst/clkout2_buf/O
                         net (fo=115, routed)         1.827     1.827    datapath/Audio_Codec/initialize_audio/twi_controller/CLK
    SLICE_X158Y111       FDRE                                         r  datapath/Audio_Codec/initialize_audio/twi_controller/rScl_reg/C
  -------------------------------------------------------------------    -------------------
    SLICE_X158Y111       FDRE (Prop_fdre_C_Q)         0.518     2.345 f  datapath/Audio_Codec/initialize_audio/twi_controller/rScl_reg/Q
                         net (fo=3, routed)           2.016     4.361    scl_IOBUF_inst/T
    W5                   OBUFT (TriStatE_obuft_T_O)
                                                      3.565     7.926 r  scl_IOBUF_inst/OBUFT/O
                         net (fo=1, unset)            0.000     7.926    scl
    W5                                                                r  scl (INOUT)
  -------------------------------------------------------------------    -------------------





Min Delay Paths
--------------------------------------------------------------------------------------
Slack:                    inf
  Source:                 datapath/Audio_Codec/initialize_audio/twi_controller/rScl_reg/C
                            (rising edge-triggered cell FDRE clocked by clk_out2_clk_wiz_1  {rise@0.000ns fall@10.000ns period=20.000ns})
  Destination:            scl
                            (output port)
  Path Group:             (none)
  Path Type:              Min at Fast Process Corner
  Data Path Delay:        1.750ns  (logic 0.988ns (56.468%)  route 0.762ns (43.532%))
  Logic Levels:           1  (OBUFT=1)
  Clock Uncertainty:      0.178ns  ((TSJ^2 + DJ^2)^1/2) / 2 + PE
    Total System Jitter     (TSJ):    0.050ns
    Discrete Jitter          (DJ):    0.152ns
    Phase Error              (PE):    0.099ns

    Location             Delay type                Incr(ns)  Path(ns)    Netlist Resource(s)
  -------------------------------------------------------------------    -------------------
                         (clock clk_out2_clk_wiz_1 rise edge)
                                                      0.000     0.000 r  
    BUFGCTRL_X0Y2        BUFG                         0.000     0.000 r  clk_IBUF_BUFG_inst/O
                         net (fo=319, routed)         0.610     0.610    datapath/Audio_Codec/audiocodec_master_clock/inst/clk_in1
    MMCME2_ADV_X0Y2      MMCME2_ADV (Prop_mmcme2_adv_CLKIN1_CLKOUT1)
                                                     -1.180    -0.571 r  datapath/Audio_Codec/audiocodec_master_clock/inst/mmcm_adv_inst/CLKOUT1
                         net (fo=1, routed)           0.545    -0.026    datapath/Audio_Codec/audiocodec_master_clock/inst/clk_out2_clk_wiz_1
    BUFGCTRL_X0Y3        BUFG (Prop_bufg_I_O)         0.026     0.000 r  datapath/Audio_Codec/audiocodec_master_clock/inst/clkout2_buf/O
                         net (fo=115, routed)         0.645     0.645    datapath/Audio_Codec/initialize_audio/twi_controller/CLK
    SLICE_X158Y111       FDRE                                         r  datapath/Audio_Codec/initialize_audio/twi_controller/rScl_reg/C
  -------------------------------------------------------------------    -------------------
    SLICE_X158Y111       FDRE (Prop_fdre_C_Q)         0.164     0.809 r  datapath/Audio_Codec/initialize_audio/twi_controller/rScl_reg/Q
                         net (fo=3, routed)           0.762     1.570    scl_IOBUF_inst/T
    W5                   OBUFT (TriStatD_obuft_T_O)
                                                      0.824     2.394 r  scl_IOBUF_inst/OBUFT/O
                         net (fo=1, unset)            0.000     2.394    scl
    W5                                                                r  scl (INOUT)
  -------------------------------------------------------------------    -------------------

Slack:                    inf
  Source:                 datapath/Audio_Codec/initialize_audio/twi_controller/rSda_reg/C
                            (rising edge-triggered cell FDRE clocked by clk_out2_clk_wiz_1  {rise@0.000ns fall@10.000ns period=20.000ns})
  Destination:            sda
                            (output port)
  Path Group:             (none)
  Path Type:              Min at Fast Process Corner
  Data Path Delay:        1.843ns  (logic 0.988ns (53.596%)  route 0.855ns (46.404%))
  Logic Levels:           1  (OBUFT=1)
  Clock Uncertainty:      0.178ns  ((TSJ^2 + DJ^2)^1/2) / 2 + PE
    Total System Jitter     (TSJ):    0.050ns
    Discrete Jitter          (DJ):    0.152ns
    Phase Error              (PE):    0.099ns

    Location             Delay type                Incr(ns)  Path(ns)    Netlist Resource(s)
  -------------------------------------------------------------------    -------------------
                         (clock clk_out2_clk_wiz_1 rise edge)
                                                      0.000     0.000 r  
    BUFGCTRL_X0Y2        BUFG                         0.000     0.000 r  clk_IBUF_BUFG_inst/O
                         net (fo=319, routed)         0.610     0.610    datapath/Audio_Codec/audiocodec_master_clock/inst/clk_in1
    MMCME2_ADV_X0Y2      MMCME2_ADV (Prop_mmcme2_adv_CLKIN1_CLKOUT1)
                                                     -1.180    -0.571 r  datapath/Audio_Codec/audiocodec_master_clock/inst/mmcm_adv_inst/CLKOUT1
                         net (fo=1, routed)           0.545    -0.026    datapath/Audio_Codec/audiocodec_master_clock/inst/clk_out2_clk_wiz_1
    BUFGCTRL_X0Y3        BUFG (Prop_bufg_I_O)         0.026     0.000 r  datapath/Audio_Codec/audiocodec_master_clock/inst/clkout2_buf/O
                         net (fo=115, routed)         0.645     0.645    datapath/Audio_Codec/initialize_audio/twi_controller/CLK
    SLICE_X158Y111       FDRE                                         r  datapath/Audio_Codec/initialize_audio/twi_controller/rSda_reg/C
  -------------------------------------------------------------------    -------------------
    SLICE_X158Y111       FDRE (Prop_fdre_C_Q)         0.164     0.809 r  datapath/Audio_Codec/initialize_audio/twi_controller/rSda_reg/Q
                         net (fo=4, routed)           0.855     1.664    sda_IOBUF_inst/T
    V5                   OBUFT (TriStatD_obuft_T_O)
                                                      0.824     2.488 r  sda_IOBUF_inst/OBUFT/O
                         net (fo=1, unset)            0.000     2.488    sda
    V5                                                                r  sda (INOUT)
  -------------------------------------------------------------------    -------------------





--------------------------------------------------------------------------------------
Path Group:  (none)
From Clock:  clkfbout_clk_wiz_0
  To Clock:  

Max Delay             1 Endpoint
Min Delay             1 Endpoint
--------------------------------------------------------------------------------------


Max Delay Paths
--------------------------------------------------------------------------------------
Slack:                    inf
  Source:                 datapath/video_inst/mmcm_adv_inst_display_clocks/inst/mmcm_adv_inst/CLKFBOUT
                            (clock source 'clkfbout_clk_wiz_0'  {rise@0.000ns fall@5.000ns period=10.000ns})
  Destination:            datapath/video_inst/mmcm_adv_inst_display_clocks/inst/mmcm_adv_inst/CLKFBIN
  Path Group:             (none)
  Path Type:              Max at Slow Process Corner
  Data Path Delay:        4.900ns  (logic 0.096ns (1.959%)  route 4.804ns (98.041%))
  Logic Levels:           1  (BUFG=1)
  Clock Uncertainty:      0.148ns  ((TSJ^2 + DJ^2)^1/2) / 2 + PE
    Total System Jitter     (TSJ):    0.050ns
    Discrete Jitter          (DJ):    0.086ns
    Phase Error              (PE):    0.099ns

    Location             Delay type                Incr(ns)  Path(ns)    Netlist Resource(s)
  -------------------------------------------------------------------    -------------------
                         (clock clkfbout_clk_wiz_0 fall edge)
                                                      5.000     5.000 f  
    BUFGCTRL_X0Y2        BUFG                         0.000     5.000 f  clk_IBUF_BUFG_inst/O
                         net (fo=319, routed)         2.106     7.106    datapath/video_inst/mmcm_adv_inst_display_clocks/inst/clk_in1
  -------------------------------------------------------------------    -------------------
    MMCME2_ADV_X1Y0      MMCME2_ADV (Prop_mmcme2_adv_CLKIN1_CLKFBOUT)
                                                     -4.900     2.207 f  datapath/video_inst/mmcm_adv_inst_display_clocks/inst/mmcm_adv_inst/CLKFBOUT
                         net (fo=1, routed)           2.697     4.904    datapath/video_inst/mmcm_adv_inst_display_clocks/inst/clkfbout_clk_wiz_0
    BUFGCTRL_X0Y6        BUFG (Prop_bufg_I_O)         0.096     5.000 f  datapath/video_inst/mmcm_adv_inst_display_clocks/inst/clkf_buf/O
                         net (fo=1, routed)           2.106     7.106    datapath/video_inst/mmcm_adv_inst_display_clocks/inst/clkfbout_buf_clk_wiz_0
    MMCME2_ADV_X1Y0      MMCME2_ADV                                   f  datapath/video_inst/mmcm_adv_inst_display_clocks/inst/mmcm_adv_inst/CLKFBIN
  -------------------------------------------------------------------    -------------------





Min Delay Paths
--------------------------------------------------------------------------------------
Slack:                    inf
  Source:                 datapath/video_inst/mmcm_adv_inst_display_clocks/inst/mmcm_adv_inst/CLKFBOUT
                            (clock source 'clkfbout_clk_wiz_0'  {rise@0.000ns fall@5.000ns period=10.000ns})
  Destination:            datapath/video_inst/mmcm_adv_inst_display_clocks/inst/mmcm_adv_inst/CLKFBIN
  Path Group:             (none)
  Path Type:              Min at Fast Process Corner
  Data Path Delay:        1.683ns  (logic 0.026ns (1.545%)  route 1.657ns (98.455%))
  Logic Levels:           1  (BUFG=1)
  Clock Uncertainty:      0.148ns  ((TSJ^2 + DJ^2)^1/2) / 2 + PE
    Total System Jitter     (TSJ):    0.050ns
    Discrete Jitter          (DJ):    0.086ns
    Phase Error              (PE):    0.099ns

    Location             Delay type                Incr(ns)  Path(ns)    Netlist Resource(s)
  -------------------------------------------------------------------    -------------------
                         (clock clkfbout_clk_wiz_0 rise edge)
                                                      0.000     0.000 r  
    BUFGCTRL_X0Y2        BUFG                         0.000     0.000 r  clk_IBUF_BUFG_inst/O
                         net (fo=319, routed)         0.745     0.745    datapath/video_inst/mmcm_adv_inst_display_clocks/inst/clk_in1
  -------------------------------------------------------------------    -------------------
    MMCME2_ADV_X1Y0      MMCME2_ADV (Prop_mmcme2_adv_CLKIN1_CLKFBOUT)
                                                     -1.683    -0.938 r  datapath/video_inst/mmcm_adv_inst_display_clocks/inst/mmcm_adv_inst/CLKFBOUT
                         net (fo=1, routed)           0.912    -0.026    datapath/video_inst/mmcm_adv_inst_display_clocks/inst/clkfbout_clk_wiz_0
    BUFGCTRL_X0Y6        BUFG (Prop_bufg_I_O)         0.026    -0.000 r  datapath/video_inst/mmcm_adv_inst_display_clocks/inst/clkf_buf/O
                         net (fo=1, routed)           0.745     0.745    datapath/video_inst/mmcm_adv_inst_display_clocks/inst/clkfbout_buf_clk_wiz_0
    MMCME2_ADV_X1Y0      MMCME2_ADV                                   r  datapath/video_inst/mmcm_adv_inst_display_clocks/inst/mmcm_adv_inst/CLKFBIN
  -------------------------------------------------------------------    -------------------





--------------------------------------------------------------------------------------
Path Group:  (none)
From Clock:  clkfbout_clk_wiz_1
  To Clock:  

Max Delay             1 Endpoint
Min Delay             1 Endpoint
--------------------------------------------------------------------------------------


Max Delay Paths
--------------------------------------------------------------------------------------
Slack:                    inf
  Source:                 datapath/Audio_Codec/audiocodec_master_clock/inst/mmcm_adv_inst/CLKFBOUT
                            (clock source 'clkfbout_clk_wiz_1'  {rise@0.000ns fall@5.000ns period=10.000ns})
  Destination:            datapath/Audio_Codec/audiocodec_master_clock/inst/mmcm_adv_inst/CLKFBIN
  Path Group:             (none)
  Path Type:              Max at Slow Process Corner
  Data Path Delay:        3.701ns  (logic 0.096ns (2.594%)  route 3.605ns (97.406%))
  Logic Levels:           1  (BUFG=1)
  Clock Uncertainty:      0.148ns  ((TSJ^2 + DJ^2)^1/2) / 2 + PE
    Total System Jitter     (TSJ):    0.050ns
    Discrete Jitter          (DJ):    0.086ns
    Phase Error              (PE):    0.099ns

    Location             Delay type                Incr(ns)  Path(ns)    Netlist Resource(s)
  -------------------------------------------------------------------    -------------------
                         (clock clkfbout_clk_wiz_1 fall edge)
                                                      5.000     5.000 f  
    BUFGCTRL_X0Y2        BUFG                         0.000     5.000 f  clk_IBUF_BUFG_inst/O
                         net (fo=319, routed)         1.761     6.761    datapath/Audio_Codec/audiocodec_master_clock/inst/clk_in1
  -------------------------------------------------------------------    -------------------
    MMCME2_ADV_X0Y2      MMCME2_ADV (Prop_mmcme2_adv_CLKIN1_CLKFBOUT)
                                                     -3.701     3.061 f  datapath/Audio_Codec/audiocodec_master_clock/inst/mmcm_adv_inst/CLKFBOUT
                         net (fo=1, routed)           1.843     4.904    datapath/Audio_Codec/audiocodec_master_clock/inst/clkfbout_clk_wiz_1
    BUFGCTRL_X0Y5        BUFG (Prop_bufg_I_O)         0.096     5.000 f  datapath/Audio_Codec/audiocodec_master_clock/inst/clkf_buf/O
                         net (fo=1, routed)           1.761     6.761    datapath/Audio_Codec/audiocodec_master_clock/inst/clkfbout_buf_clk_wiz_1
    MMCME2_ADV_X0Y2      MMCME2_ADV                                   f  datapath/Audio_Codec/audiocodec_master_clock/inst/mmcm_adv_inst/CLKFBIN
  -------------------------------------------------------------------    -------------------





Min Delay Paths
--------------------------------------------------------------------------------------
Slack:                    inf
  Source:                 datapath/Audio_Codec/audiocodec_master_clock/inst/mmcm_adv_inst/CLKFBOUT
                            (clock source 'clkfbout_clk_wiz_1'  {rise@0.000ns fall@5.000ns period=10.000ns})
  Destination:            datapath/Audio_Codec/audiocodec_master_clock/inst/mmcm_adv_inst/CLKFBIN
  Path Group:             (none)
  Path Type:              Min at Fast Process Corner
  Data Path Delay:        1.180ns  (logic 0.026ns (2.202%)  route 1.155ns (97.798%))
  Logic Levels:           1  (BUFG=1)
  Clock Uncertainty:      0.148ns  ((TSJ^2 + DJ^2)^1/2) / 2 + PE
    Total System Jitter     (TSJ):    0.050ns
    Discrete Jitter          (DJ):    0.086ns
    Phase Error              (PE):    0.099ns

    Location             Delay type                Incr(ns)  Path(ns)    Netlist Resource(s)
  -------------------------------------------------------------------    -------------------
                         (clock clkfbout_clk_wiz_1 rise edge)
                                                      0.000     0.000 r  
    BUFGCTRL_X0Y2        BUFG                         0.000     0.000 r  clk_IBUF_BUFG_inst/O
                         net (fo=319, routed)         0.610     0.610    datapath/Audio_Codec/audiocodec_master_clock/inst/clk_in1
  -------------------------------------------------------------------    -------------------
    MMCME2_ADV_X0Y2      MMCME2_ADV (Prop_mmcme2_adv_CLKIN1_CLKFBOUT)
                                                     -1.180    -0.571 r  datapath/Audio_Codec/audiocodec_master_clock/inst/mmcm_adv_inst/CLKFBOUT
                         net (fo=1, routed)           0.545    -0.026    datapath/Audio_Codec/audiocodec_master_clock/inst/clkfbout_clk_wiz_1
    BUFGCTRL_X0Y5        BUFG (Prop_bufg_I_O)         0.026     0.000 r  datapath/Audio_Codec/audiocodec_master_clock/inst/clkf_buf/O
                         net (fo=1, routed)           0.610     0.610    datapath/Audio_Codec/audiocodec_master_clock/inst/clkfbout_buf_clk_wiz_1
    MMCME2_ADV_X0Y2      MMCME2_ADV                                   r  datapath/Audio_Codec/audiocodec_master_clock/inst/mmcm_adv_inst/CLKFBIN
  -------------------------------------------------------------------    -------------------





--------------------------------------------------------------------------------------
Path Group:  (none)
From Clock:  
  To Clock:  clk_out1_clk_wiz_0

Max Delay            43 Endpoints
Min Delay            43 Endpoints
--------------------------------------------------------------------------------------


Max Delay Paths
--------------------------------------------------------------------------------------
Slack:                    inf
  Source:                 switch[1]
                            (input port)
  Destination:            datapath/video_inst/inst_dvid/TDMS_encoder_green/encoded_reg[2]/D
                            (rising edge-triggered cell FDSE clocked by clk_out1_clk_wiz_0  {rise@0.000ns fall@20.000ns period=40.000ns})
  Path Group:             (none)
  Path Type:              Setup (Max at Slow Process Corner)
  Data Path Delay:        12.059ns  (logic 1.563ns (12.966%)  route 10.495ns (87.034%))
  Logic Levels:           5  (IBUF=1 LUT2=1 LUT6=3)
  Clock Path Skew:        1.703ns (DCD - SCD + CPR)
    Destination Clock Delay (DCD):    1.703ns
    Source Clock Delay      (SCD):    0.000ns
    Clock Pessimism Removal (CPR):    0.000ns
  Clock Uncertainty:      0.190ns  ((TSJ^2 + DJ^2)^1/2) / 2 + PE
    Total System Jitter     (TSJ):    0.050ns
    Discrete Jitter          (DJ):    0.175ns
    Phase Error              (PE):    0.099ns

    Location             Delay type                Incr(ns)  Path(ns)    Netlist Resource(s)
  -------------------------------------------------------------------    -------------------
    F21                                               0.000     0.000 r  switch[1] (IN)
                         net (fo=0)                   0.000     0.000    switch[1]
    F21                  IBUF (Prop_ibuf_I_O)         1.067     1.067 r  switch_IBUF[1]_inst/O
                         net (fo=1, routed)           7.654     8.721    datapath/rightChannelMemory/switch_IBUF[0]
    SLICE_X151Y129       LUT2 (Prop_lut2_I0_O)        0.124     8.845 f  datapath/rightChannelMemory/dc_bias[3]_i_27/O
                         net (fo=2, routed)           0.676     9.521    datapath/video_inst/Inst_vga/vga_signal_generator_Final/dc_bias[3]_i_2_3
    SLICE_X151Y129       LUT6 (Prop_lut6_I4_O)        0.124     9.645 f  datapath/video_inst/Inst_vga/vga_signal_generator_Final/dc_bias[3]_i_4__0/O
                         net (fo=2, routed)           0.534    10.179    datapath/video_inst/Inst_vga/vga_signal_generator_Final/dc_bias[3]_i_4__0_n_0
    SLICE_X152Y129       LUT6 (Prop_lut6_I5_O)        0.124    10.303 r  datapath/video_inst/Inst_vga/vga_signal_generator_Final/dc_bias[3]_i_3/O
                         net (fo=7, routed)           1.044    11.347    datapath/video_inst/inst_dvid/TDMS_encoder_green/pixel[color][1]
    SLICE_X158Y132       LUT6 (Prop_lut6_I5_O)        0.124    11.471 r  datapath/video_inst/inst_dvid/TDMS_encoder_green/encoded[1]_i_1__0/O
                         net (fo=2, routed)           0.587    12.059    datapath/video_inst/inst_dvid/TDMS_encoder_green/encoded[1]_i_1__0_n_0
    SLICE_X159Y132       FDSE                                         r  datapath/video_inst/inst_dvid/TDMS_encoder_green/encoded_reg[2]/D
  -------------------------------------------------------------------    -------------------

                         (clock clk_out1_clk_wiz_0 rise edge)
                                                      0.000     0.000 r  
    BUFGCTRL_X0Y2        BUFG                         0.000     0.000 r  clk_IBUF_BUFG_inst/O
                         net (fo=319, routed)         1.972     1.972    datapath/video_inst/mmcm_adv_inst_display_clocks/inst/clk_in1
    MMCME2_ADV_X1Y0      MMCME2_ADV (Prop_mmcme2_adv_CLKIN1_CLKOUT0)
                                                     -4.637    -2.665 r  datapath/video_inst/mmcm_adv_inst_display_clocks/inst/mmcm_adv_inst/CLKOUT0
                         net (fo=1, routed)           2.574    -0.091    datapath/video_inst/mmcm_adv_inst_display_clocks/inst/clk_out1_clk_wiz_0
    BUFGCTRL_X0Y4        BUFG (Prop_bufg_I_O)         0.091     0.000 r  datapath/video_inst/mmcm_adv_inst_display_clocks/inst/clkout1_buf/O
                         net (fo=83, routed)          1.703     1.703    datapath/video_inst/inst_dvid/TDMS_encoder_green/clk_out1
    SLICE_X159Y132       FDSE                                         r  datapath/video_inst/inst_dvid/TDMS_encoder_green/encoded_reg[2]/C

Slack:                    inf
  Source:                 switch[1]
                            (input port)
  Destination:            datapath/video_inst/inst_dvid/TDMS_encoder_green/encoded_reg[1]/D
                            (rising edge-triggered cell FDRE clocked by clk_out1_clk_wiz_0  {rise@0.000ns fall@20.000ns period=40.000ns})
  Path Group:             (none)
  Path Type:              Setup (Max at Slow Process Corner)
  Data Path Delay:        11.869ns  (logic 1.563ns (13.173%)  route 10.306ns (86.827%))
  Logic Levels:           5  (IBUF=1 LUT2=1 LUT6=3)
  Clock Path Skew:        1.703ns (DCD - SCD + CPR)
    Destination Clock Delay (DCD):    1.703ns
    Source Clock Delay      (SCD):    0.000ns
    Clock Pessimism Removal (CPR):    0.000ns
  Clock Uncertainty:      0.190ns  ((TSJ^2 + DJ^2)^1/2) / 2 + PE
    Total System Jitter     (TSJ):    0.050ns
    Discrete Jitter          (DJ):    0.175ns
    Phase Error              (PE):    0.099ns

    Location             Delay type                Incr(ns)  Path(ns)    Netlist Resource(s)
  -------------------------------------------------------------------    -------------------
    F21                                               0.000     0.000 r  switch[1] (IN)
                         net (fo=0)                   0.000     0.000    switch[1]
    F21                  IBUF (Prop_ibuf_I_O)         1.067     1.067 r  switch_IBUF[1]_inst/O
                         net (fo=1, routed)           7.654     8.721    datapath/rightChannelMemory/switch_IBUF[0]
    SLICE_X151Y129       LUT2 (Prop_lut2_I0_O)        0.124     8.845 f  datapath/rightChannelMemory/dc_bias[3]_i_27/O
                         net (fo=2, routed)           0.676     9.521    datapath/video_inst/Inst_vga/vga_signal_generator_Final/dc_bias[3]_i_2_3
    SLICE_X151Y129       LUT6 (Prop_lut6_I4_O)        0.124     9.645 f  datapath/video_inst/Inst_vga/vga_signal_generator_Final/dc_bias[3]_i_4__0/O
                         net (fo=2, routed)           0.534    10.179    datapath/video_inst/Inst_vga/vga_signal_generator_Final/dc_bias[3]_i_4__0_n_0
    SLICE_X152Y129       LUT6 (Prop_lut6_I5_O)        0.124    10.303 r  datapath/video_inst/Inst_vga/vga_signal_generator_Final/dc_bias[3]_i_3/O
                         net (fo=7, routed)           1.044    11.347    datapath/video_inst/inst_dvid/TDMS_encoder_green/pixel[color][1]
    SLICE_X158Y132       LUT6 (Prop_lut6_I5_O)        0.124    11.471 r  datapath/video_inst/inst_dvid/TDMS_encoder_green/encoded[1]_i_1__0/O
                         net (fo=2, routed)           0.398    11.869    datapath/video_inst/inst_dvid/TDMS_encoder_green/encoded[1]_i_1__0_n_0
    SLICE_X159Y132       FDRE                                         r  datapath/video_inst/inst_dvid/TDMS_encoder_green/encoded_reg[1]/D
  -------------------------------------------------------------------    -------------------

                         (clock clk_out1_clk_wiz_0 rise edge)
                                                      0.000     0.000 r  
    BUFGCTRL_X0Y2        BUFG                         0.000     0.000 r  clk_IBUF_BUFG_inst/O
                         net (fo=319, routed)         1.972     1.972    datapath/video_inst/mmcm_adv_inst_display_clocks/inst/clk_in1
    MMCME2_ADV_X1Y0      MMCME2_ADV (Prop_mmcme2_adv_CLKIN1_CLKOUT0)
                                                     -4.637    -2.665 r  datapath/video_inst/mmcm_adv_inst_display_clocks/inst/mmcm_adv_inst/CLKOUT0
                         net (fo=1, routed)           2.574    -0.091    datapath/video_inst/mmcm_adv_inst_display_clocks/inst/clk_out1_clk_wiz_0
    BUFGCTRL_X0Y4        BUFG (Prop_bufg_I_O)         0.091     0.000 r  datapath/video_inst/mmcm_adv_inst_display_clocks/inst/clkout1_buf/O
                         net (fo=83, routed)          1.703     1.703    datapath/video_inst/inst_dvid/TDMS_encoder_green/clk_out1
    SLICE_X159Y132       FDRE                                         r  datapath/video_inst/inst_dvid/TDMS_encoder_green/encoded_reg[1]/C

Slack:                    inf
  Source:                 switch[1]
                            (input port)
  Destination:            datapath/video_inst/inst_dvid/TDMS_encoder_blue/encoded_reg[2]/D
                            (rising edge-triggered cell FDRE clocked by clk_out1_clk_wiz_0  {rise@0.000ns fall@20.000ns period=40.000ns})
  Path Group:             (none)
  Path Type:              Setup (Max at Slow Process Corner)
  Data Path Delay:        11.813ns  (logic 1.563ns (13.235%)  route 10.250ns (86.765%))
  Logic Levels:           5  (IBUF=1 LUT2=1 LUT6=3)
  Clock Path Skew:        1.706ns (DCD - SCD + CPR)
    Destination Clock Delay (DCD):    1.706ns
    Source Clock Delay      (SCD):    0.000ns
    Clock Pessimism Removal (CPR):    0.000ns
  Clock Uncertainty:      0.190ns  ((TSJ^2 + DJ^2)^1/2) / 2 + PE
    Total System Jitter     (TSJ):    0.050ns
    Discrete Jitter          (DJ):    0.175ns
    Phase Error              (PE):    0.099ns

    Location             Delay type                Incr(ns)  Path(ns)    Netlist Resource(s)
  -------------------------------------------------------------------    -------------------
    F21                                               0.000     0.000 f  switch[1] (IN)
                         net (fo=0)                   0.000     0.000    switch[1]
    F21                  IBUF (Prop_ibuf_I_O)         1.067     1.067 f  switch_IBUF[1]_inst/O
                         net (fo=1, routed)           7.654     8.721    datapath/rightChannelMemory/switch_IBUF[0]
    SLICE_X151Y129       LUT2 (Prop_lut2_I0_O)        0.124     8.845 r  datapath/rightChannelMemory/dc_bias[3]_i_27/O
                         net (fo=2, routed)           0.678     9.523    datapath/video_inst/Inst_vga/vga_signal_generator_Final/dc_bias[3]_i_2_3
    SLICE_X151Y129       LUT6 (Prop_lut6_I0_O)        0.124     9.647 f  datapath/video_inst/Inst_vga/vga_signal_generator_Final/dc_bias[3]_i_8/O
                         net (fo=2, routed)           0.626    10.274    datapath/video_inst/Inst_vga/vga_signal_generator_Final/dc_bias[3]_i_8_n_0
    SLICE_X152Y129       LUT6 (Prop_lut6_I5_O)        0.124    10.398 r  datapath/video_inst/Inst_vga/vga_signal_generator_Final/dc_bias[3]_i_2/O
                         net (fo=10, routed)          1.292    11.689    datapath/video_inst/Inst_vga/vga_signal_generator_Final/position_reg[row][9]_22
    SLICE_X161Y133       LUT6 (Prop_lut6_I3_O)        0.124    11.813 r  datapath/video_inst/Inst_vga/vga_signal_generator_Final/encoded[2]_i_1/O
                         net (fo=1, routed)           0.000    11.813    datapath/video_inst/inst_dvid/TDMS_encoder_blue/encoded_reg[4]_0[2]
    SLICE_X161Y133       FDRE                                         r  datapath/video_inst/inst_dvid/TDMS_encoder_blue/encoded_reg[2]/D
  -------------------------------------------------------------------    -------------------

                         (clock clk_out1_clk_wiz_0 rise edge)
                                                      0.000     0.000 r  
    BUFGCTRL_X0Y2        BUFG                         0.000     0.000 r  clk_IBUF_BUFG_inst/O
                         net (fo=319, routed)         1.972     1.972    datapath/video_inst/mmcm_adv_inst_display_clocks/inst/clk_in1
    MMCME2_ADV_X1Y0      MMCME2_ADV (Prop_mmcme2_adv_CLKIN1_CLKOUT0)
                                                     -4.637    -2.665 r  datapath/video_inst/mmcm_adv_inst_display_clocks/inst/mmcm_adv_inst/CLKOUT0
                         net (fo=1, routed)           2.574    -0.091    datapath/video_inst/mmcm_adv_inst_display_clocks/inst/clk_out1_clk_wiz_0
    BUFGCTRL_X0Y4        BUFG (Prop_bufg_I_O)         0.091     0.000 r  datapath/video_inst/mmcm_adv_inst_display_clocks/inst/clkout1_buf/O
                         net (fo=83, routed)          1.706     1.706    datapath/video_inst/inst_dvid/TDMS_encoder_blue/clk_out1
    SLICE_X161Y133       FDRE                                         r  datapath/video_inst/inst_dvid/TDMS_encoder_blue/encoded_reg[2]/C

Slack:                    inf
  Source:                 switch[1]
                            (input port)
  Destination:            datapath/video_inst/inst_dvid/TDMS_encoder_blue/encoded_reg[4]/D
                            (rising edge-triggered cell FDRE clocked by clk_out1_clk_wiz_0  {rise@0.000ns fall@20.000ns period=40.000ns})
  Path Group:             (none)
  Path Type:              Setup (Max at Slow Process Corner)
  Data Path Delay:        11.812ns  (logic 1.563ns (13.236%)  route 10.249ns (86.764%))
  Logic Levels:           5  (IBUF=1 LUT2=1 LUT6=3)
  Clock Path Skew:        1.706ns (DCD - SCD + CPR)
    Destination Clock Delay (DCD):    1.706ns
    Source Clock Delay      (SCD):    0.000ns
    Clock Pessimism Removal (CPR):    0.000ns
  Clock Uncertainty:      0.190ns  ((TSJ^2 + DJ^2)^1/2) / 2 + PE
    Total System Jitter     (TSJ):    0.050ns
    Discrete Jitter          (DJ):    0.175ns
    Phase Error              (PE):    0.099ns

    Location             Delay type                Incr(ns)  Path(ns)    Netlist Resource(s)
  -------------------------------------------------------------------    -------------------
    F21                                               0.000     0.000 f  switch[1] (IN)
                         net (fo=0)                   0.000     0.000    switch[1]
    F21                  IBUF (Prop_ibuf_I_O)         1.067     1.067 f  switch_IBUF[1]_inst/O
                         net (fo=1, routed)           7.654     8.721    datapath/rightChannelMemory/switch_IBUF[0]
    SLICE_X151Y129       LUT2 (Prop_lut2_I0_O)        0.124     8.845 r  datapath/rightChannelMemory/dc_bias[3]_i_27/O
                         net (fo=2, routed)           0.678     9.523    datapath/video_inst/Inst_vga/vga_signal_generator_Final/dc_bias[3]_i_2_3
    SLICE_X151Y129       LUT6 (Prop_lut6_I0_O)        0.124     9.647 f  datapath/video_inst/Inst_vga/vga_signal_generator_Final/dc_bias[3]_i_8/O
                         net (fo=2, routed)           0.626    10.274    datapath/video_inst/Inst_vga/vga_signal_generator_Final/dc_bias[3]_i_8_n_0
    SLICE_X152Y129       LUT6 (Prop_lut6_I5_O)        0.124    10.398 r  datapath/video_inst/Inst_vga/vga_signal_generator_Final/dc_bias[3]_i_2/O
                         net (fo=10, routed)          1.291    11.688    datapath/video_inst/Inst_vga/vga_signal_generator_Final/position_reg[row][9]_22
    SLICE_X161Y133       LUT6 (Prop_lut6_I3_O)        0.124    11.812 r  datapath/video_inst/Inst_vga/vga_signal_generator_Final/encoded[4]_i_1/O
                         net (fo=1, routed)           0.000    11.812    datapath/video_inst/inst_dvid/TDMS_encoder_blue/encoded_reg[4]_0[3]
    SLICE_X161Y133       FDRE                                         r  datapath/video_inst/inst_dvid/TDMS_encoder_blue/encoded_reg[4]/D
  -------------------------------------------------------------------    -------------------

                         (clock clk_out1_clk_wiz_0 rise edge)
                                                      0.000     0.000 r  
    BUFGCTRL_X0Y2        BUFG                         0.000     0.000 r  clk_IBUF_BUFG_inst/O
                         net (fo=319, routed)         1.972     1.972    datapath/video_inst/mmcm_adv_inst_display_clocks/inst/clk_in1
    MMCME2_ADV_X1Y0      MMCME2_ADV (Prop_mmcme2_adv_CLKIN1_CLKOUT0)
                                                     -4.637    -2.665 r  datapath/video_inst/mmcm_adv_inst_display_clocks/inst/mmcm_adv_inst/CLKOUT0
                         net (fo=1, routed)           2.574    -0.091    datapath/video_inst/mmcm_adv_inst_display_clocks/inst/clk_out1_clk_wiz_0
    BUFGCTRL_X0Y4        BUFG (Prop_bufg_I_O)         0.091     0.000 r  datapath/video_inst/mmcm_adv_inst_display_clocks/inst/clkout1_buf/O
                         net (fo=83, routed)          1.706     1.706    datapath/video_inst/inst_dvid/TDMS_encoder_blue/clk_out1
    SLICE_X161Y133       FDRE                                         r  datapath/video_inst/inst_dvid/TDMS_encoder_blue/encoded_reg[4]/C

Slack:                    inf
  Source:                 switch[0]
                            (input port)
  Destination:            datapath/video_inst/inst_dvid/TDMS_encoder_red/encoded_reg[9]/D
                            (rising edge-triggered cell FDRE clocked by clk_out1_clk_wiz_0  {rise@0.000ns fall@20.000ns period=40.000ns})
  Path Group:             (none)
  Path Type:              Setup (Max at Slow Process Corner)
  Data Path Delay:        11.791ns  (logic 1.480ns (12.552%)  route 10.311ns (87.448%))
  Logic Levels:           4  (IBUF=1 LUT3=2 LUT6=1)
  Clock Path Skew:        1.707ns (DCD - SCD + CPR)
    Destination Clock Delay (DCD):    1.707ns
    Source Clock Delay      (SCD):    0.000ns
    Clock Pessimism Removal (CPR):    0.000ns
  Clock Uncertainty:      0.190ns  ((TSJ^2 + DJ^2)^1/2) / 2 + PE
    Total System Jitter     (TSJ):    0.050ns
    Discrete Jitter          (DJ):    0.175ns
    Phase Error              (PE):    0.099ns

    Location             Delay type                Incr(ns)  Path(ns)    Netlist Resource(s)
  -------------------------------------------------------------------    -------------------
    E22                                               0.000     0.000 r  switch[0] (IN)
                         net (fo=0)                   0.000     0.000    switch[0]
    E22                  IBUF (Prop_ibuf_I_O)         1.080     1.080 r  switch_IBUF[0]_inst/O
                         net (fo=1, routed)           7.906     8.986    datapath/video_inst/Inst_vga/vga_signal_generator_Final/switch_IBUF[0]
    SLICE_X151Y129       LUT3 (Prop_lut3_I2_O)        0.124     9.110 r  datapath/video_inst/Inst_vga/vga_signal_generator_Final/dc_bias[3]_i_7/O
                         net (fo=4, routed)           0.988    10.099    datapath/video_inst/Inst_vga/vga_signal_generator_Final/dc_bias[3]_i_7_n_0
    SLICE_X152Y129       LUT6 (Prop_lut6_I4_O)        0.124    10.223 r  datapath/video_inst/Inst_vga/vga_signal_generator_Final/dc_bias[3]_i_2__1/O
                         net (fo=14, routed)          1.416    11.639    datapath/video_inst/inst_dvid/TDMS_encoder_red/pixel[color][0]
    SLICE_X161Y134       LUT3 (Prop_lut3_I0_O)        0.152    11.791 r  datapath/video_inst/inst_dvid/TDMS_encoder_red/encoded[9]_i_1/O
                         net (fo=1, routed)           0.000    11.791    datapath/video_inst/inst_dvid/TDMS_encoder_red/encoded[9]_i_1_n_0
    SLICE_X161Y134       FDRE                                         r  datapath/video_inst/inst_dvid/TDMS_encoder_red/encoded_reg[9]/D
  -------------------------------------------------------------------    -------------------

                         (clock clk_out1_clk_wiz_0 rise edge)
                                                      0.000     0.000 r  
    BUFGCTRL_X0Y2        BUFG                         0.000     0.000 r  clk_IBUF_BUFG_inst/O
                         net (fo=319, routed)         1.972     1.972    datapath/video_inst/mmcm_adv_inst_display_clocks/inst/clk_in1
    MMCME2_ADV_X1Y0      MMCME2_ADV (Prop_mmcme2_adv_CLKIN1_CLKOUT0)
                                                     -4.637    -2.665 r  datapath/video_inst/mmcm_adv_inst_display_clocks/inst/mmcm_adv_inst/CLKOUT0
                         net (fo=1, routed)           2.574    -0.091    datapath/video_inst/mmcm_adv_inst_display_clocks/inst/clk_out1_clk_wiz_0
    BUFGCTRL_X0Y4        BUFG (Prop_bufg_I_O)         0.091     0.000 r  datapath/video_inst/mmcm_adv_inst_display_clocks/inst/clkout1_buf/O
                         net (fo=83, routed)          1.707     1.707    datapath/video_inst/inst_dvid/TDMS_encoder_red/clk_out1
    SLICE_X161Y134       FDRE                                         r  datapath/video_inst/inst_dvid/TDMS_encoder_red/encoded_reg[9]/C

Slack:                    inf
  Source:                 switch[0]
                            (input port)
  Destination:            datapath/video_inst/inst_dvid/TDMS_encoder_red/encoded_reg[8]/D
                            (rising edge-triggered cell FDRE clocked by clk_out1_clk_wiz_0  {rise@0.000ns fall@20.000ns period=40.000ns})
  Path Group:             (none)
  Path Type:              Setup (Max at Slow Process Corner)
  Data Path Delay:        11.763ns  (logic 1.452ns (12.344%)  route 10.311ns (87.656%))
  Logic Levels:           4  (IBUF=1 LUT2=1 LUT3=1 LUT6=1)
  Clock Path Skew:        1.707ns (DCD - SCD + CPR)
    Destination Clock Delay (DCD):    1.707ns
    Source Clock Delay      (SCD):    0.000ns
    Clock Pessimism Removal (CPR):    0.000ns
  Clock Uncertainty:      0.190ns  ((TSJ^2 + DJ^2)^1/2) / 2 + PE
    Total System Jitter     (TSJ):    0.050ns
    Discrete Jitter          (DJ):    0.175ns
    Phase Error              (PE):    0.099ns

    Location             Delay type                Incr(ns)  Path(ns)    Netlist Resource(s)
  -------------------------------------------------------------------    -------------------
    E22                                               0.000     0.000 f  switch[0] (IN)
                         net (fo=0)                   0.000     0.000    switch[0]
    E22                  IBUF (Prop_ibuf_I_O)         1.080     1.080 f  switch_IBUF[0]_inst/O
                         net (fo=1, routed)           7.906     8.986    datapath/video_inst/Inst_vga/vga_signal_generator_Final/switch_IBUF[0]
    SLICE_X151Y129       LUT3 (Prop_lut3_I2_O)        0.124     9.110 f  datapath/video_inst/Inst_vga/vga_signal_generator_Final/dc_bias[3]_i_7/O
                         net (fo=4, routed)           0.988    10.099    datapath/video_inst/Inst_vga/vga_signal_generator_Final/dc_bias[3]_i_7_n_0
    SLICE_X152Y129       LUT6 (Prop_lut6_I4_O)        0.124    10.223 f  datapath/video_inst/Inst_vga/vga_signal_generator_Final/dc_bias[3]_i_2__1/O
                         net (fo=14, routed)          1.416    11.639    datapath/video_inst/inst_dvid/TDMS_encoder_red/pixel[color][0]
    SLICE_X161Y134       LUT2 (Prop_lut2_I0_O)        0.124    11.763 r  datapath/video_inst/inst_dvid/TDMS_encoder_red/encoded[8]_i_1/O
                         net (fo=1, routed)           0.000    11.763    datapath/video_inst/inst_dvid/TDMS_encoder_red/encoded[8]_i_1_n_0
    SLICE_X161Y134       FDRE                                         r  datapath/video_inst/inst_dvid/TDMS_encoder_red/encoded_reg[8]/D
  -------------------------------------------------------------------    -------------------

                         (clock clk_out1_clk_wiz_0 rise edge)
                                                      0.000     0.000 r  
    BUFGCTRL_X0Y2        BUFG                         0.000     0.000 r  clk_IBUF_BUFG_inst/O
                         net (fo=319, routed)         1.972     1.972    datapath/video_inst/mmcm_adv_inst_display_clocks/inst/clk_in1
    MMCME2_ADV_X1Y0      MMCME2_ADV (Prop_mmcme2_adv_CLKIN1_CLKOUT0)
                                                     -4.637    -2.665 r  datapath/video_inst/mmcm_adv_inst_display_clocks/inst/mmcm_adv_inst/CLKOUT0
                         net (fo=1, routed)           2.574    -0.091    datapath/video_inst/mmcm_adv_inst_display_clocks/inst/clk_out1_clk_wiz_0
    BUFGCTRL_X0Y4        BUFG (Prop_bufg_I_O)         0.091     0.000 r  datapath/video_inst/mmcm_adv_inst_display_clocks/inst/clkout1_buf/O
                         net (fo=83, routed)          1.707     1.707    datapath/video_inst/inst_dvid/TDMS_encoder_red/clk_out1
    SLICE_X161Y134       FDRE                                         r  datapath/video_inst/inst_dvid/TDMS_encoder_red/encoded_reg[8]/C

Slack:                    inf
  Source:                 switch[1]
                            (input port)
  Destination:            datapath/video_inst/inst_dvid/TDMS_encoder_blue/encoded_reg[0]/D
                            (rising edge-triggered cell FDRE clocked by clk_out1_clk_wiz_0  {rise@0.000ns fall@20.000ns period=40.000ns})
  Path Group:             (none)
  Path Type:              Setup (Max at Slow Process Corner)
  Data Path Delay:        11.759ns  (logic 1.563ns (13.296%)  route 10.196ns (86.704%))
  Logic Levels:           5  (IBUF=1 LUT2=1 LUT6=3)
  Clock Path Skew:        1.705ns (DCD - SCD + CPR)
    Destination Clock Delay (DCD):    1.705ns
    Source Clock Delay      (SCD):    0.000ns
    Clock Pessimism Removal (CPR):    0.000ns
  Clock Uncertainty:      0.190ns  ((TSJ^2 + DJ^2)^1/2) / 2 + PE
    Total System Jitter     (TSJ):    0.050ns
    Discrete Jitter          (DJ):    0.175ns
    Phase Error              (PE):    0.099ns

    Location             Delay type                Incr(ns)  Path(ns)    Netlist Resource(s)
  -------------------------------------------------------------------    -------------------
    F21                                               0.000     0.000 f  switch[1] (IN)
                         net (fo=0)                   0.000     0.000    switch[1]
    F21                  IBUF (Prop_ibuf_I_O)         1.067     1.067 f  switch_IBUF[1]_inst/O
                         net (fo=1, routed)           7.654     8.721    datapath/rightChannelMemory/switch_IBUF[0]
    SLICE_X151Y129       LUT2 (Prop_lut2_I0_O)        0.124     8.845 r  datapath/rightChannelMemory/dc_bias[3]_i_27/O
                         net (fo=2, routed)           0.678     9.523    datapath/video_inst/Inst_vga/vga_signal_generator_Final/dc_bias[3]_i_2_3
    SLICE_X151Y129       LUT6 (Prop_lut6_I0_O)        0.124     9.647 f  datapath/video_inst/Inst_vga/vga_signal_generator_Final/dc_bias[3]_i_8/O
                         net (fo=2, routed)           0.626    10.274    datapath/video_inst/Inst_vga/vga_signal_generator_Final/dc_bias[3]_i_8_n_0
    SLICE_X152Y129       LUT6 (Prop_lut6_I5_O)        0.124    10.398 r  datapath/video_inst/Inst_vga/vga_signal_generator_Final/dc_bias[3]_i_2/O
                         net (fo=10, routed)          1.238    11.635    datapath/video_inst/Inst_vga/vga_signal_generator_Final/position_reg[row][9]_22
    SLICE_X160Y132       LUT6 (Prop_lut6_I3_O)        0.124    11.759 r  datapath/video_inst/Inst_vga/vga_signal_generator_Final/encoded[0]_i_1/O
                         net (fo=1, routed)           0.000    11.759    datapath/video_inst/inst_dvid/TDMS_encoder_blue/encoded_reg[4]_0[0]
    SLICE_X160Y132       FDRE                                         r  datapath/video_inst/inst_dvid/TDMS_encoder_blue/encoded_reg[0]/D
  -------------------------------------------------------------------    -------------------

                         (clock clk_out1_clk_wiz_0 rise edge)
                                                      0.000     0.000 r  
    BUFGCTRL_X0Y2        BUFG                         0.000     0.000 r  clk_IBUF_BUFG_inst/O
                         net (fo=319, routed)         1.972     1.972    datapath/video_inst/mmcm_adv_inst_display_clocks/inst/clk_in1
    MMCME2_ADV_X1Y0      MMCME2_ADV (Prop_mmcme2_adv_CLKIN1_CLKOUT0)
                                                     -4.637    -2.665 r  datapath/video_inst/mmcm_adv_inst_display_clocks/inst/mmcm_adv_inst/CLKOUT0
                         net (fo=1, routed)           2.574    -0.091    datapath/video_inst/mmcm_adv_inst_display_clocks/inst/clk_out1_clk_wiz_0
    BUFGCTRL_X0Y4        BUFG (Prop_bufg_I_O)         0.091     0.000 r  datapath/video_inst/mmcm_adv_inst_display_clocks/inst/clkout1_buf/O
                         net (fo=83, routed)          1.705     1.705    datapath/video_inst/inst_dvid/TDMS_encoder_blue/clk_out1
    SLICE_X160Y132       FDRE                                         r  datapath/video_inst/inst_dvid/TDMS_encoder_blue/encoded_reg[0]/C

Slack:                    inf
  Source:                 switch[1]
                            (input port)
  Destination:            datapath/video_inst/inst_dvid/TDMS_encoder_blue/encoded_reg[1]/D
                            (rising edge-triggered cell FDRE clocked by clk_out1_clk_wiz_0  {rise@0.000ns fall@20.000ns period=40.000ns})
  Path Group:             (none)
  Path Type:              Setup (Max at Slow Process Corner)
  Data Path Delay:        11.748ns  (logic 1.563ns (13.308%)  route 10.185ns (86.692%))
  Logic Levels:           5  (IBUF=1 LUT2=1 LUT6=3)
  Clock Path Skew:        1.705ns (DCD - SCD + CPR)
    Destination Clock Delay (DCD):    1.705ns
    Source Clock Delay      (SCD):    0.000ns
    Clock Pessimism Removal (CPR):    0.000ns
  Clock Uncertainty:      0.190ns  ((TSJ^2 + DJ^2)^1/2) / 2 + PE
    Total System Jitter     (TSJ):    0.050ns
    Discrete Jitter          (DJ):    0.175ns
    Phase Error              (PE):    0.099ns

    Location             Delay type                Incr(ns)  Path(ns)    Netlist Resource(s)
  -------------------------------------------------------------------    -------------------
    F21                                               0.000     0.000 f  switch[1] (IN)
                         net (fo=0)                   0.000     0.000    switch[1]
    F21                  IBUF (Prop_ibuf_I_O)         1.067     1.067 f  switch_IBUF[1]_inst/O
                         net (fo=1, routed)           7.654     8.721    datapath/rightChannelMemory/switch_IBUF[0]
    SLICE_X151Y129       LUT2 (Prop_lut2_I0_O)        0.124     8.845 r  datapath/rightChannelMemory/dc_bias[3]_i_27/O
                         net (fo=2, routed)           0.678     9.523    datapath/video_inst/Inst_vga/vga_signal_generator_Final/dc_bias[3]_i_2_3
    SLICE_X151Y129       LUT6 (Prop_lut6_I0_O)        0.124     9.647 f  datapath/video_inst/Inst_vga/vga_signal_generator_Final/dc_bias[3]_i_8/O
                         net (fo=2, routed)           0.626    10.274    datapath/video_inst/Inst_vga/vga_signal_generator_Final/dc_bias[3]_i_8_n_0
    SLICE_X152Y129       LUT6 (Prop_lut6_I5_O)        0.124    10.398 r  datapath/video_inst/Inst_vga/vga_signal_generator_Final/dc_bias[3]_i_2/O
                         net (fo=10, routed)          1.226    11.624    datapath/video_inst/Inst_vga/vga_signal_generator_Final/position_reg[row][9]_22
    SLICE_X160Y132       LUT6 (Prop_lut6_I3_O)        0.124    11.748 r  datapath/video_inst/Inst_vga/vga_signal_generator_Final/encoded[1]_i_1/O
                         net (fo=1, routed)           0.000    11.748    datapath/video_inst/inst_dvid/TDMS_encoder_blue/encoded_reg[4]_0[1]
    SLICE_X160Y132       FDRE                                         r  datapath/video_inst/inst_dvid/TDMS_encoder_blue/encoded_reg[1]/D
  -------------------------------------------------------------------    -------------------

                         (clock clk_out1_clk_wiz_0 rise edge)
                                                      0.000     0.000 r  
    BUFGCTRL_X0Y2        BUFG                         0.000     0.000 r  clk_IBUF_BUFG_inst/O
                         net (fo=319, routed)         1.972     1.972    datapath/video_inst/mmcm_adv_inst_display_clocks/inst/clk_in1
    MMCME2_ADV_X1Y0      MMCME2_ADV (Prop_mmcme2_adv_CLKIN1_CLKOUT0)
                                                     -4.637    -2.665 r  datapath/video_inst/mmcm_adv_inst_display_clocks/inst/mmcm_adv_inst/CLKOUT0
                         net (fo=1, routed)           2.574    -0.091    datapath/video_inst/mmcm_adv_inst_display_clocks/inst/clk_out1_clk_wiz_0
    BUFGCTRL_X0Y4        BUFG (Prop_bufg_I_O)         0.091     0.000 r  datapath/video_inst/mmcm_adv_inst_display_clocks/inst/clkout1_buf/O
                         net (fo=83, routed)          1.705     1.705    datapath/video_inst/inst_dvid/TDMS_encoder_blue/clk_out1
    SLICE_X160Y132       FDRE                                         r  datapath/video_inst/inst_dvid/TDMS_encoder_blue/encoded_reg[1]/C

Slack:                    inf
  Source:                 switch[1]
                            (input port)
  Destination:            datapath/video_inst/inst_dvid/TDMS_encoder_green/encoded_reg[9]/D
                            (rising edge-triggered cell FDRE clocked by clk_out1_clk_wiz_0  {rise@0.000ns fall@20.000ns period=40.000ns})
  Path Group:             (none)
  Path Type:              Setup (Max at Slow Process Corner)
  Data Path Delay:        11.650ns  (logic 1.589ns (13.644%)  route 10.060ns (86.356%))
  Logic Levels:           5  (IBUF=1 LUT2=1 LUT5=1 LUT6=2)
  Clock Path Skew:        1.703ns (DCD - SCD + CPR)
    Destination Clock Delay (DCD):    1.703ns
    Source Clock Delay      (SCD):    0.000ns
    Clock Pessimism Removal (CPR):    0.000ns
  Clock Uncertainty:      0.190ns  ((TSJ^2 + DJ^2)^1/2) / 2 + PE
    Total System Jitter     (TSJ):    0.050ns
    Discrete Jitter          (DJ):    0.175ns
    Phase Error              (PE):    0.099ns

    Location             Delay type                Incr(ns)  Path(ns)    Netlist Resource(s)
  -------------------------------------------------------------------    -------------------
    F21                                               0.000     0.000 r  switch[1] (IN)
                         net (fo=0)                   0.000     0.000    switch[1]
    F21                  IBUF (Prop_ibuf_I_O)         1.067     1.067 r  switch_IBUF[1]_inst/O
                         net (fo=1, routed)           7.654     8.721    datapath/rightChannelMemory/switch_IBUF[0]
    SLICE_X151Y129       LUT2 (Prop_lut2_I0_O)        0.124     8.845 f  datapath/rightChannelMemory/dc_bias[3]_i_27/O
                         net (fo=2, routed)           0.676     9.521    datapath/video_inst/Inst_vga/vga_signal_generator_Final/dc_bias[3]_i_2_3
    SLICE_X151Y129       LUT6 (Prop_lut6_I4_O)        0.124     9.645 f  datapath/video_inst/Inst_vga/vga_signal_generator_Final/dc_bias[3]_i_4__0/O
                         net (fo=2, routed)           0.460    10.105    datapath/video_inst/Inst_vga/vga_signal_generator_Final/dc_bias[3]_i_4__0_n_0
    SLICE_X152Y129       LUT6 (Prop_lut6_I5_O)        0.124    10.229 r  datapath/video_inst/Inst_vga/vga_signal_generator_Final/dc_bias[3]_i_2__0/O
                         net (fo=6, routed)           1.271    11.500    datapath/video_inst/inst_dvid/TDMS_encoder_green/pixel[color][0]
    SLICE_X158Y132       LUT5 (Prop_lut5_I2_O)        0.150    11.650 r  datapath/video_inst/inst_dvid/TDMS_encoder_green/encoded[9]_i_1/O
                         net (fo=1, routed)           0.000    11.650    datapath/video_inst/inst_dvid/TDMS_encoder_green/encoded[9]_i_1_n_0
    SLICE_X158Y132       FDRE                                         r  datapath/video_inst/inst_dvid/TDMS_encoder_green/encoded_reg[9]/D
  -------------------------------------------------------------------    -------------------

                         (clock clk_out1_clk_wiz_0 rise edge)
                                                      0.000     0.000 r  
    BUFGCTRL_X0Y2        BUFG                         0.000     0.000 r  clk_IBUF_BUFG_inst/O
                         net (fo=319, routed)         1.972     1.972    datapath/video_inst/mmcm_adv_inst_display_clocks/inst/clk_in1
    MMCME2_ADV_X1Y0      MMCME2_ADV (Prop_mmcme2_adv_CLKIN1_CLKOUT0)
                                                     -4.637    -2.665 r  datapath/video_inst/mmcm_adv_inst_display_clocks/inst/mmcm_adv_inst/CLKOUT0
                         net (fo=1, routed)           2.574    -0.091    datapath/video_inst/mmcm_adv_inst_display_clocks/inst/clk_out1_clk_wiz_0
    BUFGCTRL_X0Y4        BUFG (Prop_bufg_I_O)         0.091     0.000 r  datapath/video_inst/mmcm_adv_inst_display_clocks/inst/clkout1_buf/O
                         net (fo=83, routed)          1.703     1.703    datapath/video_inst/inst_dvid/TDMS_encoder_green/clk_out1
    SLICE_X158Y132       FDRE                                         r  datapath/video_inst/inst_dvid/TDMS_encoder_green/encoded_reg[9]/C

Slack:                    inf
  Source:                 switch[0]
                            (input port)
  Destination:            datapath/video_inst/inst_dvid/TDMS_encoder_red/dc_bias_reg[1]/D
                            (rising edge-triggered cell FDRE clocked by clk_out1_clk_wiz_0  {rise@0.000ns fall@20.000ns period=40.000ns})
  Path Group:             (none)
  Path Type:              Setup (Max at Slow Process Corner)
  Data Path Delay:        11.592ns  (logic 1.481ns (12.776%)  route 10.111ns (87.224%))
  Logic Levels:           4  (IBUF=1 LUT3=1 LUT4=1 LUT6=1)
  Clock Path Skew:        1.707ns (DCD - SCD + CPR)
    Destination Clock Delay (DCD):    1.707ns
    Source Clock Delay      (SCD):    0.000ns
    Clock Pessimism Removal (CPR):    0.000ns
  Clock Uncertainty:      0.190ns  ((TSJ^2 + DJ^2)^1/2) / 2 + PE
    Total System Jitter     (TSJ):    0.050ns
    Discrete Jitter          (DJ):    0.175ns
    Phase Error              (PE):    0.099ns

    Location             Delay type                Incr(ns)  Path(ns)    Netlist Resource(s)
  -------------------------------------------------------------------    -------------------
    E22                                               0.000     0.000 r  switch[0] (IN)
                         net (fo=0)                   0.000     0.000    switch[0]
    E22                  IBUF (Prop_ibuf_I_O)         1.080     1.080 r  switch_IBUF[0]_inst/O
                         net (fo=1, routed)           7.906     8.986    datapath/video_inst/Inst_vga/vga_signal_generator_Final/switch_IBUF[0]
    SLICE_X151Y129       LUT3 (Prop_lut3_I2_O)        0.124     9.110 r  datapath/video_inst/Inst_vga/vga_signal_generator_Final/dc_bias[3]_i_7/O
                         net (fo=4, routed)           0.988    10.099    datapath/video_inst/Inst_vga/vga_signal_generator_Final/dc_bias[3]_i_7_n_0
    SLICE_X152Y129       LUT6 (Prop_lut6_I4_O)        0.124    10.223 r  datapath/video_inst/Inst_vga/vga_signal_generator_Final/dc_bias[3]_i_2__1/O
                         net (fo=14, routed)          1.216    11.439    datapath/video_inst/inst_dvid/TDMS_encoder_red/pixel[color][0]
    SLICE_X160Y134       LUT4 (Prop_lut4_I3_O)        0.153    11.592 r  datapath/video_inst/inst_dvid/TDMS_encoder_red/dc_bias[1]_i_1__1/O
                         net (fo=1, routed)           0.000    11.592    datapath/video_inst/inst_dvid/TDMS_encoder_red/dc_bias[1]_i_1__1_n_0
    SLICE_X160Y134       FDRE                                         r  datapath/video_inst/inst_dvid/TDMS_encoder_red/dc_bias_reg[1]/D
  -------------------------------------------------------------------    -------------------

                         (clock clk_out1_clk_wiz_0 rise edge)
                                                      0.000     0.000 r  
    BUFGCTRL_X0Y2        BUFG                         0.000     0.000 r  clk_IBUF_BUFG_inst/O
                         net (fo=319, routed)         1.972     1.972    datapath/video_inst/mmcm_adv_inst_display_clocks/inst/clk_in1
    MMCME2_ADV_X1Y0      MMCME2_ADV (Prop_mmcme2_adv_CLKIN1_CLKOUT0)
                                                     -4.637    -2.665 r  datapath/video_inst/mmcm_adv_inst_display_clocks/inst/mmcm_adv_inst/CLKOUT0
                         net (fo=1, routed)           2.574    -0.091    datapath/video_inst/mmcm_adv_inst_display_clocks/inst/clk_out1_clk_wiz_0
    BUFGCTRL_X0Y4        BUFG (Prop_bufg_I_O)         0.091     0.000 r  datapath/video_inst/mmcm_adv_inst_display_clocks/inst/clkout1_buf/O
                         net (fo=83, routed)          1.707     1.707    datapath/video_inst/inst_dvid/TDMS_encoder_red/clk_out1
    SLICE_X160Y134       FDRE                                         r  datapath/video_inst/inst_dvid/TDMS_encoder_red/dc_bias_reg[1]/C





Min Delay Paths
--------------------------------------------------------------------------------------
Slack:                    inf
  Source:                 reset_n
                            (input port)
  Destination:            datapath/video_inst/Inst_vga/vga_signal_generator_Final/vertical_counter/processQ_reg[4]/R
                            (rising edge-triggered cell FDRE clocked by clk_out1_clk_wiz_0  {rise@0.000ns fall@20.000ns period=40.000ns})
  Path Group:             (none)
  Path Type:              Hold (Min at Fast Process Corner)
  Data Path Delay:        1.298ns  (logic 0.231ns (17.794%)  route 1.067ns (82.206%))
  Logic Levels:           2  (IBUF=1 LUT3=1)
  Clock Path Skew:        0.912ns (DCD - SCD - CPR)
    Destination Clock Delay (DCD):    0.912ns
    Source Clock Delay      (SCD):    0.000ns
    Clock Pessimism Removal (CPR):    -0.000ns

    Location             Delay type                Incr(ns)  Path(ns)    Netlist Resource(s)
  -------------------------------------------------------------------    -------------------
    G4                                                0.000     0.000 f  reset_n (IN)
                         net (fo=0)                   0.000     0.000    reset_n
    G4                   IBUF (Prop_ibuf_I_O)         0.186     0.186 f  reset_n_IBUF_inst/O
                         net (fo=69, routed)          0.927     1.113    datapath/video_inst/Inst_vga/vga_signal_generator_Final/horizontal_counter/reset_n_IBUF
    SLICE_X161Y130       LUT3 (Prop_lut3_I1_O)        0.045     1.158 r  datapath/video_inst/Inst_vga/vga_signal_generator_Final/horizontal_counter/processQ[9]_i_1__1/O
                         net (fo=10, routed)          0.139     1.298    datapath/video_inst/Inst_vga/vga_signal_generator_Final/vertical_counter/SR[0]
    SLICE_X161Y131       FDRE                                         r  datapath/video_inst/Inst_vga/vga_signal_generator_Final/vertical_counter/processQ_reg[4]/R
  -------------------------------------------------------------------    -------------------

                         (clock clk_out1_clk_wiz_0 rise edge)
                                                      0.000     0.000 r  
    BUFGCTRL_X0Y2        BUFG                         0.000     0.000 r  clk_IBUF_BUFG_inst/O
                         net (fo=319, routed)         1.022     1.022    datapath/video_inst/mmcm_adv_inst_display_clocks/inst/clk_in1
    MMCME2_ADV_X1Y0      MMCME2_ADV (Prop_mmcme2_adv_CLKIN1_CLKOUT0)
                                                     -2.040    -1.018 r  datapath/video_inst/mmcm_adv_inst_display_clocks/inst/mmcm_adv_inst/CLKOUT0
                         net (fo=1, routed)           0.989    -0.029    datapath/video_inst/mmcm_adv_inst_display_clocks/inst/clk_out1_clk_wiz_0
    BUFGCTRL_X0Y4        BUFG (Prop_bufg_I_O)         0.029    -0.000 r  datapath/video_inst/mmcm_adv_inst_display_clocks/inst/clkout1_buf/O
                         net (fo=83, routed)          0.912     0.912    datapath/video_inst/Inst_vga/vga_signal_generator_Final/vertical_counter/clk_out1
    SLICE_X161Y131       FDRE                                         r  datapath/video_inst/Inst_vga/vga_signal_generator_Final/vertical_counter/processQ_reg[4]/C

Slack:                    inf
  Source:                 reset_n
                            (input port)
  Destination:            datapath/video_inst/Inst_vga/vga_signal_generator_Final/vertical_counter/processQ_reg[5]/R
                            (rising edge-triggered cell FDRE clocked by clk_out1_clk_wiz_0  {rise@0.000ns fall@20.000ns period=40.000ns})
  Path Group:             (none)
  Path Type:              Hold (Min at Fast Process Corner)
  Data Path Delay:        1.298ns  (logic 0.231ns (17.794%)  route 1.067ns (82.206%))
  Logic Levels:           2  (IBUF=1 LUT3=1)
  Clock Path Skew:        0.912ns (DCD - SCD - CPR)
    Destination Clock Delay (DCD):    0.912ns
    Source Clock Delay      (SCD):    0.000ns
    Clock Pessimism Removal (CPR):    -0.000ns

    Location             Delay type                Incr(ns)  Path(ns)    Netlist Resource(s)
  -------------------------------------------------------------------    -------------------
    G4                                                0.000     0.000 f  reset_n (IN)
                         net (fo=0)                   0.000     0.000    reset_n
    G4                   IBUF (Prop_ibuf_I_O)         0.186     0.186 f  reset_n_IBUF_inst/O
                         net (fo=69, routed)          0.927     1.113    datapath/video_inst/Inst_vga/vga_signal_generator_Final/horizontal_counter/reset_n_IBUF
    SLICE_X161Y130       LUT3 (Prop_lut3_I1_O)        0.045     1.158 r  datapath/video_inst/Inst_vga/vga_signal_generator_Final/horizontal_counter/processQ[9]_i_1__1/O
                         net (fo=10, routed)          0.139     1.298    datapath/video_inst/Inst_vga/vga_signal_generator_Final/vertical_counter/SR[0]
    SLICE_X161Y131       FDRE                                         r  datapath/video_inst/Inst_vga/vga_signal_generator_Final/vertical_counter/processQ_reg[5]/R
  -------------------------------------------------------------------    -------------------

                         (clock clk_out1_clk_wiz_0 rise edge)
                                                      0.000     0.000 r  
    BUFGCTRL_X0Y2        BUFG                         0.000     0.000 r  clk_IBUF_BUFG_inst/O
                         net (fo=319, routed)         1.022     1.022    datapath/video_inst/mmcm_adv_inst_display_clocks/inst/clk_in1
    MMCME2_ADV_X1Y0      MMCME2_ADV (Prop_mmcme2_adv_CLKIN1_CLKOUT0)
                                                     -2.040    -1.018 r  datapath/video_inst/mmcm_adv_inst_display_clocks/inst/mmcm_adv_inst/CLKOUT0
                         net (fo=1, routed)           0.989    -0.029    datapath/video_inst/mmcm_adv_inst_display_clocks/inst/clk_out1_clk_wiz_0
    BUFGCTRL_X0Y4        BUFG (Prop_bufg_I_O)         0.029    -0.000 r  datapath/video_inst/mmcm_adv_inst_display_clocks/inst/clkout1_buf/O
                         net (fo=83, routed)          0.912     0.912    datapath/video_inst/Inst_vga/vga_signal_generator_Final/vertical_counter/clk_out1
    SLICE_X161Y131       FDRE                                         r  datapath/video_inst/Inst_vga/vga_signal_generator_Final/vertical_counter/processQ_reg[5]/C

Slack:                    inf
  Source:                 reset_n
                            (input port)
  Destination:            datapath/video_inst/Inst_vga/vga_signal_generator_Final/vertical_counter/processQ_reg[6]/R
                            (rising edge-triggered cell FDRE clocked by clk_out1_clk_wiz_0  {rise@0.000ns fall@20.000ns period=40.000ns})
  Path Group:             (none)
  Path Type:              Hold (Min at Fast Process Corner)
  Data Path Delay:        1.351ns  (logic 0.231ns (17.090%)  route 1.120ns (82.910%))
  Logic Levels:           2  (IBUF=1 LUT3=1)
  Clock Path Skew:        0.913ns (DCD - SCD - CPR)
    Destination Clock Delay (DCD):    0.913ns
    Source Clock Delay      (SCD):    0.000ns
    Clock Pessimism Removal (CPR):    -0.000ns

    Location             Delay type                Incr(ns)  Path(ns)    Netlist Resource(s)
  -------------------------------------------------------------------    -------------------
    G4                                                0.000     0.000 f  reset_n (IN)
                         net (fo=0)                   0.000     0.000    reset_n
    G4                   IBUF (Prop_ibuf_I_O)         0.186     0.186 f  reset_n_IBUF_inst/O
                         net (fo=69, routed)          0.927     1.113    datapath/video_inst/Inst_vga/vga_signal_generator_Final/horizontal_counter/reset_n_IBUF
    SLICE_X161Y130       LUT3 (Prop_lut3_I1_O)        0.045     1.158 r  datapath/video_inst/Inst_vga/vga_signal_generator_Final/horizontal_counter/processQ[9]_i_1__1/O
                         net (fo=10, routed)          0.193     1.351    datapath/video_inst/Inst_vga/vga_signal_generator_Final/vertical_counter/SR[0]
    SLICE_X161Y132       FDRE                                         r  datapath/video_inst/Inst_vga/vga_signal_generator_Final/vertical_counter/processQ_reg[6]/R
  -------------------------------------------------------------------    -------------------

                         (clock clk_out1_clk_wiz_0 rise edge)
                                                      0.000     0.000 r  
    BUFGCTRL_X0Y2        BUFG                         0.000     0.000 r  clk_IBUF_BUFG_inst/O
                         net (fo=319, routed)         1.022     1.022    datapath/video_inst/mmcm_adv_inst_display_clocks/inst/clk_in1
    MMCME2_ADV_X1Y0      MMCME2_ADV (Prop_mmcme2_adv_CLKIN1_CLKOUT0)
                                                     -2.040    -1.018 r  datapath/video_inst/mmcm_adv_inst_display_clocks/inst/mmcm_adv_inst/CLKOUT0
                         net (fo=1, routed)           0.989    -0.029    datapath/video_inst/mmcm_adv_inst_display_clocks/inst/clk_out1_clk_wiz_0
    BUFGCTRL_X0Y4        BUFG (Prop_bufg_I_O)         0.029    -0.000 r  datapath/video_inst/mmcm_adv_inst_display_clocks/inst/clkout1_buf/O
                         net (fo=83, routed)          0.913     0.913    datapath/video_inst/Inst_vga/vga_signal_generator_Final/vertical_counter/clk_out1
    SLICE_X161Y132       FDRE                                         r  datapath/video_inst/Inst_vga/vga_signal_generator_Final/vertical_counter/processQ_reg[6]/C

Slack:                    inf
  Source:                 reset_n
                            (input port)
  Destination:            datapath/video_inst/Inst_vga/vga_signal_generator_Final/vertical_counter/processQ_reg[7]/R
                            (rising edge-triggered cell FDRE clocked by clk_out1_clk_wiz_0  {rise@0.000ns fall@20.000ns period=40.000ns})
  Path Group:             (none)
  Path Type:              Hold (Min at Fast Process Corner)
  Data Path Delay:        1.351ns  (logic 0.231ns (17.090%)  route 1.120ns (82.910%))
  Logic Levels:           2  (IBUF=1 LUT3=1)
  Clock Path Skew:        0.913ns (DCD - SCD - CPR)
    Destination Clock Delay (DCD):    0.913ns
    Source Clock Delay      (SCD):    0.000ns
    Clock Pessimism Removal (CPR):    -0.000ns

    Location             Delay type                Incr(ns)  Path(ns)    Netlist Resource(s)
  -------------------------------------------------------------------    -------------------
    G4                                                0.000     0.000 f  reset_n (IN)
                         net (fo=0)                   0.000     0.000    reset_n
    G4                   IBUF (Prop_ibuf_I_O)         0.186     0.186 f  reset_n_IBUF_inst/O
                         net (fo=69, routed)          0.927     1.113    datapath/video_inst/Inst_vga/vga_signal_generator_Final/horizontal_counter/reset_n_IBUF
    SLICE_X161Y130       LUT3 (Prop_lut3_I1_O)        0.045     1.158 r  datapath/video_inst/Inst_vga/vga_signal_generator_Final/horizontal_counter/processQ[9]_i_1__1/O
                         net (fo=10, routed)          0.193     1.351    datapath/video_inst/Inst_vga/vga_signal_generator_Final/vertical_counter/SR[0]
    SLICE_X161Y132       FDRE                                         r  datapath/video_inst/Inst_vga/vga_signal_generator_Final/vertical_counter/processQ_reg[7]/R
  -------------------------------------------------------------------    -------------------

                         (clock clk_out1_clk_wiz_0 rise edge)
                                                      0.000     0.000 r  
    BUFGCTRL_X0Y2        BUFG                         0.000     0.000 r  clk_IBUF_BUFG_inst/O
                         net (fo=319, routed)         1.022     1.022    datapath/video_inst/mmcm_adv_inst_display_clocks/inst/clk_in1
    MMCME2_ADV_X1Y0      MMCME2_ADV (Prop_mmcme2_adv_CLKIN1_CLKOUT0)
                                                     -2.040    -1.018 r  datapath/video_inst/mmcm_adv_inst_display_clocks/inst/mmcm_adv_inst/CLKOUT0
                         net (fo=1, routed)           0.989    -0.029    datapath/video_inst/mmcm_adv_inst_display_clocks/inst/clk_out1_clk_wiz_0
    BUFGCTRL_X0Y4        BUFG (Prop_bufg_I_O)         0.029    -0.000 r  datapath/video_inst/mmcm_adv_inst_display_clocks/inst/clkout1_buf/O
                         net (fo=83, routed)          0.913     0.913    datapath/video_inst/Inst_vga/vga_signal_generator_Final/vertical_counter/clk_out1
    SLICE_X161Y132       FDRE                                         r  datapath/video_inst/Inst_vga/vga_signal_generator_Final/vertical_counter/processQ_reg[7]/C

Slack:                    inf
  Source:                 reset_n
                            (input port)
  Destination:            datapath/video_inst/Inst_vga/vga_signal_generator_Final/vertical_counter/processQ_reg[8]/R
                            (rising edge-triggered cell FDRE clocked by clk_out1_clk_wiz_0  {rise@0.000ns fall@20.000ns period=40.000ns})
  Path Group:             (none)
  Path Type:              Hold (Min at Fast Process Corner)
  Data Path Delay:        1.351ns  (logic 0.231ns (17.090%)  route 1.120ns (82.910%))
  Logic Levels:           2  (IBUF=1 LUT3=1)
  Clock Path Skew:        0.913ns (DCD - SCD - CPR)
    Destination Clock Delay (DCD):    0.913ns
    Source Clock Delay      (SCD):    0.000ns
    Clock Pessimism Removal (CPR):    -0.000ns

    Location             Delay type                Incr(ns)  Path(ns)    Netlist Resource(s)
  -------------------------------------------------------------------    -------------------
    G4                                                0.000     0.000 f  reset_n (IN)
                         net (fo=0)                   0.000     0.000    reset_n
    G4                   IBUF (Prop_ibuf_I_O)         0.186     0.186 f  reset_n_IBUF_inst/O
                         net (fo=69, routed)          0.927     1.113    datapath/video_inst/Inst_vga/vga_signal_generator_Final/horizontal_counter/reset_n_IBUF
    SLICE_X161Y130       LUT3 (Prop_lut3_I1_O)        0.045     1.158 r  datapath/video_inst/Inst_vga/vga_signal_generator_Final/horizontal_counter/processQ[9]_i_1__1/O
                         net (fo=10, routed)          0.193     1.351    datapath/video_inst/Inst_vga/vga_signal_generator_Final/vertical_counter/SR[0]
    SLICE_X161Y132       FDRE                                         r  datapath/video_inst/Inst_vga/vga_signal_generator_Final/vertical_counter/processQ_reg[8]/R
  -------------------------------------------------------------------    -------------------

                         (clock clk_out1_clk_wiz_0 rise edge)
                                                      0.000     0.000 r  
    BUFGCTRL_X0Y2        BUFG                         0.000     0.000 r  clk_IBUF_BUFG_inst/O
                         net (fo=319, routed)         1.022     1.022    datapath/video_inst/mmcm_adv_inst_display_clocks/inst/clk_in1
    MMCME2_ADV_X1Y0      MMCME2_ADV (Prop_mmcme2_adv_CLKIN1_CLKOUT0)
                                                     -2.040    -1.018 r  datapath/video_inst/mmcm_adv_inst_display_clocks/inst/mmcm_adv_inst/CLKOUT0
                         net (fo=1, routed)           0.989    -0.029    datapath/video_inst/mmcm_adv_inst_display_clocks/inst/clk_out1_clk_wiz_0
    BUFGCTRL_X0Y4        BUFG (Prop_bufg_I_O)         0.029    -0.000 r  datapath/video_inst/mmcm_adv_inst_display_clocks/inst/clkout1_buf/O
                         net (fo=83, routed)          0.913     0.913    datapath/video_inst/Inst_vga/vga_signal_generator_Final/vertical_counter/clk_out1
    SLICE_X161Y132       FDRE                                         r  datapath/video_inst/Inst_vga/vga_signal_generator_Final/vertical_counter/processQ_reg[8]/C

Slack:                    inf
  Source:                 reset_n
                            (input port)
  Destination:            datapath/video_inst/Inst_vga/vga_signal_generator_Final/vertical_counter/processQ_reg[9]/R
                            (rising edge-triggered cell FDRE clocked by clk_out1_clk_wiz_0  {rise@0.000ns fall@20.000ns period=40.000ns})
  Path Group:             (none)
  Path Type:              Hold (Min at Fast Process Corner)
  Data Path Delay:        1.351ns  (logic 0.231ns (17.090%)  route 1.120ns (82.910%))
  Logic Levels:           2  (IBUF=1 LUT3=1)
  Clock Path Skew:        0.913ns (DCD - SCD - CPR)
    Destination Clock Delay (DCD):    0.913ns
    Source Clock Delay      (SCD):    0.000ns
    Clock Pessimism Removal (CPR):    -0.000ns

    Location             Delay type                Incr(ns)  Path(ns)    Netlist Resource(s)
  -------------------------------------------------------------------    -------------------
    G4                                                0.000     0.000 f  reset_n (IN)
                         net (fo=0)                   0.000     0.000    reset_n
    G4                   IBUF (Prop_ibuf_I_O)         0.186     0.186 f  reset_n_IBUF_inst/O
                         net (fo=69, routed)          0.927     1.113    datapath/video_inst/Inst_vga/vga_signal_generator_Final/horizontal_counter/reset_n_IBUF
    SLICE_X161Y130       LUT3 (Prop_lut3_I1_O)        0.045     1.158 r  datapath/video_inst/Inst_vga/vga_signal_generator_Final/horizontal_counter/processQ[9]_i_1__1/O
                         net (fo=10, routed)          0.193     1.351    datapath/video_inst/Inst_vga/vga_signal_generator_Final/vertical_counter/SR[0]
    SLICE_X161Y132       FDRE                                         r  datapath/video_inst/Inst_vga/vga_signal_generator_Final/vertical_counter/processQ_reg[9]/R
  -------------------------------------------------------------------    -------------------

                         (clock clk_out1_clk_wiz_0 rise edge)
                                                      0.000     0.000 r  
    BUFGCTRL_X0Y2        BUFG                         0.000     0.000 r  clk_IBUF_BUFG_inst/O
                         net (fo=319, routed)         1.022     1.022    datapath/video_inst/mmcm_adv_inst_display_clocks/inst/clk_in1
    MMCME2_ADV_X1Y0      MMCME2_ADV (Prop_mmcme2_adv_CLKIN1_CLKOUT0)
                                                     -2.040    -1.018 r  datapath/video_inst/mmcm_adv_inst_display_clocks/inst/mmcm_adv_inst/CLKOUT0
                         net (fo=1, routed)           0.989    -0.029    datapath/video_inst/mmcm_adv_inst_display_clocks/inst/clk_out1_clk_wiz_0
    BUFGCTRL_X0Y4        BUFG (Prop_bufg_I_O)         0.029    -0.000 r  datapath/video_inst/mmcm_adv_inst_display_clocks/inst/clkout1_buf/O
                         net (fo=83, routed)          0.913     0.913    datapath/video_inst/Inst_vga/vga_signal_generator_Final/vertical_counter/clk_out1
    SLICE_X161Y132       FDRE                                         r  datapath/video_inst/Inst_vga/vga_signal_generator_Final/vertical_counter/processQ_reg[9]/C

Slack:                    inf
  Source:                 reset_n
                            (input port)
  Destination:            datapath/video_inst/Inst_vga/vga_signal_generator_Final/horizontal_counter/processQ_reg[0]/R
                            (rising edge-triggered cell FDRE clocked by clk_out1_clk_wiz_0  {rise@0.000ns fall@20.000ns period=40.000ns})
  Path Group:             (none)
  Path Type:              Hold (Min at Fast Process Corner)
  Data Path Delay:        1.554ns  (logic 0.230ns (14.795%)  route 1.324ns (85.205%))
  Logic Levels:           2  (IBUF=1 LUT2=1)
  Clock Path Skew:        0.883ns (DCD - SCD - CPR)
    Destination Clock Delay (DCD):    0.883ns
    Source Clock Delay      (SCD):    0.000ns
    Clock Pessimism Removal (CPR):    -0.000ns

    Location             Delay type                Incr(ns)  Path(ns)    Netlist Resource(s)
  -------------------------------------------------------------------    -------------------
    G4                                                0.000     0.000 f  reset_n (IN)
                         net (fo=0)                   0.000     0.000    reset_n
    G4                   IBUF (Prop_ibuf_I_O)         0.186     0.186 f  reset_n_IBUF_inst/O
                         net (fo=69, routed)          0.927     1.113    datapath/video_inst/Inst_vga/vga_signal_generator_Final/horizontal_counter/reset_n_IBUF
    SLICE_X161Y130       LUT2 (Prop_lut2_I1_O)        0.044     1.157 r  datapath/video_inst/Inst_vga/vga_signal_generator_Final/horizontal_counter/processQ[9]_i_1__0/O
                         net (fo=10, routed)          0.397     1.554    datapath/video_inst/Inst_vga/vga_signal_generator_Final/horizontal_counter/processQ[9]_i_1__0_n_0
    SLICE_X153Y130       FDRE                                         r  datapath/video_inst/Inst_vga/vga_signal_generator_Final/horizontal_counter/processQ_reg[0]/R
  -------------------------------------------------------------------    -------------------

                         (clock clk_out1_clk_wiz_0 rise edge)
                                                      0.000     0.000 r  
    BUFGCTRL_X0Y2        BUFG                         0.000     0.000 r  clk_IBUF_BUFG_inst/O
                         net (fo=319, routed)         1.022     1.022    datapath/video_inst/mmcm_adv_inst_display_clocks/inst/clk_in1
    MMCME2_ADV_X1Y0      MMCME2_ADV (Prop_mmcme2_adv_CLKIN1_CLKOUT0)
                                                     -2.040    -1.018 r  datapath/video_inst/mmcm_adv_inst_display_clocks/inst/mmcm_adv_inst/CLKOUT0
                         net (fo=1, routed)           0.989    -0.029    datapath/video_inst/mmcm_adv_inst_display_clocks/inst/clk_out1_clk_wiz_0
    BUFGCTRL_X0Y4        BUFG (Prop_bufg_I_O)         0.029    -0.000 r  datapath/video_inst/mmcm_adv_inst_display_clocks/inst/clkout1_buf/O
                         net (fo=83, routed)          0.883     0.883    datapath/video_inst/Inst_vga/vga_signal_generator_Final/horizontal_counter/clk_out1
    SLICE_X153Y130       FDRE                                         r  datapath/video_inst/Inst_vga/vga_signal_generator_Final/horizontal_counter/processQ_reg[0]/C

Slack:                    inf
  Source:                 reset_n
                            (input port)
  Destination:            datapath/video_inst/Inst_vga/vga_signal_generator_Final/horizontal_counter/processQ_reg[1]/R
                            (rising edge-triggered cell FDRE clocked by clk_out1_clk_wiz_0  {rise@0.000ns fall@20.000ns period=40.000ns})
  Path Group:             (none)
  Path Type:              Hold (Min at Fast Process Corner)
  Data Path Delay:        1.554ns  (logic 0.230ns (14.795%)  route 1.324ns (85.205%))
  Logic Levels:           2  (IBUF=1 LUT2=1)
  Clock Path Skew:        0.883ns (DCD - SCD - CPR)
    Destination Clock Delay (DCD):    0.883ns
    Source Clock Delay      (SCD):    0.000ns
    Clock Pessimism Removal (CPR):    -0.000ns

    Location             Delay type                Incr(ns)  Path(ns)    Netlist Resource(s)
  -------------------------------------------------------------------    -------------------
    G4                                                0.000     0.000 f  reset_n (IN)
                         net (fo=0)                   0.000     0.000    reset_n
    G4                   IBUF (Prop_ibuf_I_O)         0.186     0.186 f  reset_n_IBUF_inst/O
                         net (fo=69, routed)          0.927     1.113    datapath/video_inst/Inst_vga/vga_signal_generator_Final/horizontal_counter/reset_n_IBUF
    SLICE_X161Y130       LUT2 (Prop_lut2_I1_O)        0.044     1.157 r  datapath/video_inst/Inst_vga/vga_signal_generator_Final/horizontal_counter/processQ[9]_i_1__0/O
                         net (fo=10, routed)          0.397     1.554    datapath/video_inst/Inst_vga/vga_signal_generator_Final/horizontal_counter/processQ[9]_i_1__0_n_0
    SLICE_X153Y130       FDRE                                         r  datapath/video_inst/Inst_vga/vga_signal_generator_Final/horizontal_counter/processQ_reg[1]/R
  -------------------------------------------------------------------    -------------------

                         (clock clk_out1_clk_wiz_0 rise edge)
                                                      0.000     0.000 r  
    BUFGCTRL_X0Y2        BUFG                         0.000     0.000 r  clk_IBUF_BUFG_inst/O
                         net (fo=319, routed)         1.022     1.022    datapath/video_inst/mmcm_adv_inst_display_clocks/inst/clk_in1
    MMCME2_ADV_X1Y0      MMCME2_ADV (Prop_mmcme2_adv_CLKIN1_CLKOUT0)
                                                     -2.040    -1.018 r  datapath/video_inst/mmcm_adv_inst_display_clocks/inst/mmcm_adv_inst/CLKOUT0
                         net (fo=1, routed)           0.989    -0.029    datapath/video_inst/mmcm_adv_inst_display_clocks/inst/clk_out1_clk_wiz_0
    BUFGCTRL_X0Y4        BUFG (Prop_bufg_I_O)         0.029    -0.000 r  datapath/video_inst/mmcm_adv_inst_display_clocks/inst/clkout1_buf/O
                         net (fo=83, routed)          0.883     0.883    datapath/video_inst/Inst_vga/vga_signal_generator_Final/horizontal_counter/clk_out1
    SLICE_X153Y130       FDRE                                         r  datapath/video_inst/Inst_vga/vga_signal_generator_Final/horizontal_counter/processQ_reg[1]/C

Slack:                    inf
  Source:                 reset_n
                            (input port)
  Destination:            datapath/video_inst/Inst_vga/vga_signal_generator_Final/vertical_counter/processQ_reg[0]/R
                            (rising edge-triggered cell FDRE clocked by clk_out1_clk_wiz_0  {rise@0.000ns fall@20.000ns period=40.000ns})
  Path Group:             (none)
  Path Type:              Hold (Min at Fast Process Corner)
  Data Path Delay:        1.563ns  (logic 0.231ns (14.776%)  route 1.332ns (85.224%))
  Logic Levels:           2  (IBUF=1 LUT3=1)
  Clock Path Skew:        0.911ns (DCD - SCD - CPR)
    Destination Clock Delay (DCD):    0.911ns
    Source Clock Delay      (SCD):    0.000ns
    Clock Pessimism Removal (CPR):    -0.000ns

    Location             Delay type                Incr(ns)  Path(ns)    Netlist Resource(s)
  -------------------------------------------------------------------    -------------------
    G4                                                0.000     0.000 f  reset_n (IN)
                         net (fo=0)                   0.000     0.000    reset_n
    G4                   IBUF (Prop_ibuf_I_O)         0.186     0.186 f  reset_n_IBUF_inst/O
                         net (fo=69, routed)          0.927     1.113    datapath/video_inst/Inst_vga/vga_signal_generator_Final/horizontal_counter/reset_n_IBUF
    SLICE_X161Y130       LUT3 (Prop_lut3_I1_O)        0.045     1.158 r  datapath/video_inst/Inst_vga/vga_signal_generator_Final/horizontal_counter/processQ[9]_i_1__1/O
                         net (fo=10, routed)          0.404     1.563    datapath/video_inst/Inst_vga/vga_signal_generator_Final/vertical_counter/SR[0]
    SLICE_X161Y130       FDRE                                         r  datapath/video_inst/Inst_vga/vga_signal_generator_Final/vertical_counter/processQ_reg[0]/R
  -------------------------------------------------------------------    -------------------

                         (clock clk_out1_clk_wiz_0 rise edge)
                                                      0.000     0.000 r  
    BUFGCTRL_X0Y2        BUFG                         0.000     0.000 r  clk_IBUF_BUFG_inst/O
                         net (fo=319, routed)         1.022     1.022    datapath/video_inst/mmcm_adv_inst_display_clocks/inst/clk_in1
    MMCME2_ADV_X1Y0      MMCME2_ADV (Prop_mmcme2_adv_CLKIN1_CLKOUT0)
                                                     -2.040    -1.018 r  datapath/video_inst/mmcm_adv_inst_display_clocks/inst/mmcm_adv_inst/CLKOUT0
                         net (fo=1, routed)           0.989    -0.029    datapath/video_inst/mmcm_adv_inst_display_clocks/inst/clk_out1_clk_wiz_0
    BUFGCTRL_X0Y4        BUFG (Prop_bufg_I_O)         0.029    -0.000 r  datapath/video_inst/mmcm_adv_inst_display_clocks/inst/clkout1_buf/O
                         net (fo=83, routed)          0.911     0.911    datapath/video_inst/Inst_vga/vga_signal_generator_Final/vertical_counter/clk_out1
    SLICE_X161Y130       FDRE                                         r  datapath/video_inst/Inst_vga/vga_signal_generator_Final/vertical_counter/processQ_reg[0]/C

Slack:                    inf
  Source:                 reset_n
                            (input port)
  Destination:            datapath/video_inst/Inst_vga/vga_signal_generator_Final/vertical_counter/processQ_reg[1]/R
                            (rising edge-triggered cell FDRE clocked by clk_out1_clk_wiz_0  {rise@0.000ns fall@20.000ns period=40.000ns})
  Path Group:             (none)
  Path Type:              Hold (Min at Fast Process Corner)
  Data Path Delay:        1.563ns  (logic 0.231ns (14.776%)  route 1.332ns (85.224%))
  Logic Levels:           2  (IBUF=1 LUT3=1)
  Clock Path Skew:        0.911ns (DCD - SCD - CPR)
    Destination Clock Delay (DCD):    0.911ns
    Source Clock Delay      (SCD):    0.000ns
    Clock Pessimism Removal (CPR):    -0.000ns

    Location             Delay type                Incr(ns)  Path(ns)    Netlist Resource(s)
  -------------------------------------------------------------------    -------------------
    G4                                                0.000     0.000 f  reset_n (IN)
                         net (fo=0)                   0.000     0.000    reset_n
    G4                   IBUF (Prop_ibuf_I_O)         0.186     0.186 f  reset_n_IBUF_inst/O
                         net (fo=69, routed)          0.927     1.113    datapath/video_inst/Inst_vga/vga_signal_generator_Final/horizontal_counter/reset_n_IBUF
    SLICE_X161Y130       LUT3 (Prop_lut3_I1_O)        0.045     1.158 r  datapath/video_inst/Inst_vga/vga_signal_generator_Final/horizontal_counter/processQ[9]_i_1__1/O
                         net (fo=10, routed)          0.404     1.563    datapath/video_inst/Inst_vga/vga_signal_generator_Final/vertical_counter/SR[0]
    SLICE_X161Y130       FDRE                                         r  datapath/video_inst/Inst_vga/vga_signal_generator_Final/vertical_counter/processQ_reg[1]/R
  -------------------------------------------------------------------    -------------------

                         (clock clk_out1_clk_wiz_0 rise edge)
                                                      0.000     0.000 r  
    BUFGCTRL_X0Y2        BUFG                         0.000     0.000 r  clk_IBUF_BUFG_inst/O
                         net (fo=319, routed)         1.022     1.022    datapath/video_inst/mmcm_adv_inst_display_clocks/inst/clk_in1
    MMCME2_ADV_X1Y0      MMCME2_ADV (Prop_mmcme2_adv_CLKIN1_CLKOUT0)
                                                     -2.040    -1.018 r  datapath/video_inst/mmcm_adv_inst_display_clocks/inst/mmcm_adv_inst/CLKOUT0
                         net (fo=1, routed)           0.989    -0.029    datapath/video_inst/mmcm_adv_inst_display_clocks/inst/clk_out1_clk_wiz_0
    BUFGCTRL_X0Y4        BUFG (Prop_bufg_I_O)         0.029    -0.000 r  datapath/video_inst/mmcm_adv_inst_display_clocks/inst/clkout1_buf/O
                         net (fo=83, routed)          0.911     0.911    datapath/video_inst/Inst_vga/vga_signal_generator_Final/vertical_counter/clk_out1
    SLICE_X161Y130       FDRE                                         r  datapath/video_inst/Inst_vga/vga_signal_generator_Final/vertical_counter/processQ_reg[1]/C





--------------------------------------------------------------------------------------
Path Group:  (none)
From Clock:  
  To Clock:  clk_out2_clk_wiz_1

Max Delay            30 Endpoints
Min Delay            30 Endpoints
--------------------------------------------------------------------------------------


Max Delay Paths
--------------------------------------------------------------------------------------
Slack:                    inf
  Source:                 reset_n
                            (input port)
  Destination:            datapath/Audio_Codec/initialize_audio/twi_controller/FSM_gray_state_reg[1]/CE
                            (rising edge-triggered cell FDRE clocked by clk_out2_clk_wiz_1  {rise@0.000ns fall@10.000ns period=20.000ns})
  Path Group:             (none)
  Path Type:              Setup (Max at Slow Process Corner)
  Data Path Delay:        7.940ns  (logic 1.633ns (20.563%)  route 6.308ns (79.437%))
  Logic Levels:           4  (IBUF=1 LUT5=1 LUT6=2)
  Clock Path Skew:        1.709ns (DCD - SCD + CPR)
    Destination Clock Delay (DCD):    1.709ns
    Source Clock Delay      (SCD):    0.000ns
    Clock Pessimism Removal (CPR):    0.000ns
  Clock Uncertainty:      0.178ns  ((TSJ^2 + DJ^2)^1/2) / 2 + PE
    Total System Jitter     (TSJ):    0.050ns
    Discrete Jitter          (DJ):    0.152ns
    Phase Error              (PE):    0.099ns

    Location             Delay type                Incr(ns)  Path(ns)    Netlist Resource(s)
  -------------------------------------------------------------------    -------------------
    G4                                                0.000     0.000 r  reset_n (IN)
                         net (fo=0)                   0.000     0.000    reset_n
    G4                   IBUF (Prop_ibuf_I_O)         1.062     1.062 r  reset_n_IBUF_inst/O
                         net (fo=69, routed)          4.304     5.366    datapath/Audio_Codec/initialize_audio/twi_controller/reset_n_IBUF
    SLICE_X160Y109       LUT5 (Prop_lut5_I3_O)        0.120     5.486 r  datapath/Audio_Codec/initialize_audio/twi_controller/FSM_gray_state[3]_i_12/O
                         net (fo=1, routed)           0.573     6.059    datapath/Audio_Codec/initialize_audio/twi_controller/FSM_gray_state[3]_i_12_n_0
    SLICE_X159Y110       LUT6 (Prop_lut6_I0_O)        0.327     6.386 r  datapath/Audio_Codec/initialize_audio/twi_controller/FSM_gray_state[3]_i_8/O
                         net (fo=1, routed)           0.669     7.055    datapath/Audio_Codec/initialize_audio/twi_controller/FSM_gray_state[3]_i_8_n_0
    SLICE_X158Y110       LUT6 (Prop_lut6_I5_O)        0.124     7.179 r  datapath/Audio_Codec/initialize_audio/twi_controller/FSM_gray_state[3]_i_1/O
                         net (fo=4, routed)           0.761     7.940    datapath/Audio_Codec/initialize_audio/twi_controller/FSM_gray_state[3]_i_1_n_0
    SLICE_X158Y109       FDRE                                         r  datapath/Audio_Codec/initialize_audio/twi_controller/FSM_gray_state_reg[1]/CE
  -------------------------------------------------------------------    -------------------

                         (clock clk_out2_clk_wiz_1 rise edge)
                                                      0.000     0.000 r  
    BUFGCTRL_X0Y2        BUFG                         0.000     0.000 r  clk_IBUF_BUFG_inst/O
                         net (fo=319, routed)         1.643     1.643    datapath/Audio_Codec/audiocodec_master_clock/inst/clk_in1
    MMCME2_ADV_X0Y2      MMCME2_ADV (Prop_mmcme2_adv_CLKIN1_CLKOUT1)
                                                     -3.494    -1.851 r  datapath/Audio_Codec/audiocodec_master_clock/inst/mmcm_adv_inst/CLKOUT1
                         net (fo=1, routed)           1.760    -0.091    datapath/Audio_Codec/audiocodec_master_clock/inst/clk_out2_clk_wiz_1
    BUFGCTRL_X0Y3        BUFG (Prop_bufg_I_O)         0.091     0.000 r  datapath/Audio_Codec/audiocodec_master_clock/inst/clkout2_buf/O
                         net (fo=115, routed)         1.709     1.709    datapath/Audio_Codec/initialize_audio/twi_controller/CLK
    SLICE_X158Y109       FDRE                                         r  datapath/Audio_Codec/initialize_audio/twi_controller/FSM_gray_state_reg[1]/C

Slack:                    inf
  Source:                 reset_n
                            (input port)
  Destination:            datapath/Audio_Codec/initialize_audio/twi_controller/FSM_gray_state_reg[0]/CE
                            (rising edge-triggered cell FDRE clocked by clk_out2_clk_wiz_1  {rise@0.000ns fall@10.000ns period=20.000ns})
  Path Group:             (none)
  Path Type:              Setup (Max at Slow Process Corner)
  Data Path Delay:        7.751ns  (logic 1.633ns (21.065%)  route 6.118ns (78.935%))
  Logic Levels:           4  (IBUF=1 LUT5=1 LUT6=2)
  Clock Path Skew:        1.709ns (DCD - SCD + CPR)
    Destination Clock Delay (DCD):    1.709ns
    Source Clock Delay      (SCD):    0.000ns
    Clock Pessimism Removal (CPR):    0.000ns
  Clock Uncertainty:      0.178ns  ((TSJ^2 + DJ^2)^1/2) / 2 + PE
    Total System Jitter     (TSJ):    0.050ns
    Discrete Jitter          (DJ):    0.152ns
    Phase Error              (PE):    0.099ns

    Location             Delay type                Incr(ns)  Path(ns)    Netlist Resource(s)
  -------------------------------------------------------------------    -------------------
    G4                                                0.000     0.000 r  reset_n (IN)
                         net (fo=0)                   0.000     0.000    reset_n
    G4                   IBUF (Prop_ibuf_I_O)         1.062     1.062 r  reset_n_IBUF_inst/O
                         net (fo=69, routed)          4.304     5.366    datapath/Audio_Codec/initialize_audio/twi_controller/reset_n_IBUF
    SLICE_X160Y109       LUT5 (Prop_lut5_I3_O)        0.120     5.486 r  datapath/Audio_Codec/initialize_audio/twi_controller/FSM_gray_state[3]_i_12/O
                         net (fo=1, routed)           0.573     6.059    datapath/Audio_Codec/initialize_audio/twi_controller/FSM_gray_state[3]_i_12_n_0
    SLICE_X159Y110       LUT6 (Prop_lut6_I0_O)        0.327     6.386 r  datapath/Audio_Codec/initialize_audio/twi_controller/FSM_gray_state[3]_i_8/O
                         net (fo=1, routed)           0.669     7.055    datapath/Audio_Codec/initialize_audio/twi_controller/FSM_gray_state[3]_i_8_n_0
    SLICE_X158Y110       LUT6 (Prop_lut6_I5_O)        0.124     7.179 r  datapath/Audio_Codec/initialize_audio/twi_controller/FSM_gray_state[3]_i_1/O
                         net (fo=4, routed)           0.572     7.751    datapath/Audio_Codec/initialize_audio/twi_controller/FSM_gray_state[3]_i_1_n_0
    SLICE_X159Y109       FDRE                                         r  datapath/Audio_Codec/initialize_audio/twi_controller/FSM_gray_state_reg[0]/CE
  -------------------------------------------------------------------    -------------------

                         (clock clk_out2_clk_wiz_1 rise edge)
                                                      0.000     0.000 r  
    BUFGCTRL_X0Y2        BUFG                         0.000     0.000 r  clk_IBUF_BUFG_inst/O
                         net (fo=319, routed)         1.643     1.643    datapath/Audio_Codec/audiocodec_master_clock/inst/clk_in1
    MMCME2_ADV_X0Y2      MMCME2_ADV (Prop_mmcme2_adv_CLKIN1_CLKOUT1)
                                                     -3.494    -1.851 r  datapath/Audio_Codec/audiocodec_master_clock/inst/mmcm_adv_inst/CLKOUT1
                         net (fo=1, routed)           1.760    -0.091    datapath/Audio_Codec/audiocodec_master_clock/inst/clk_out2_clk_wiz_1
    BUFGCTRL_X0Y3        BUFG (Prop_bufg_I_O)         0.091     0.000 r  datapath/Audio_Codec/audiocodec_master_clock/inst/clkout2_buf/O
                         net (fo=115, routed)         1.709     1.709    datapath/Audio_Codec/initialize_audio/twi_controller/CLK
    SLICE_X159Y109       FDRE                                         r  datapath/Audio_Codec/initialize_audio/twi_controller/FSM_gray_state_reg[0]/C

Slack:                    inf
  Source:                 reset_n
                            (input port)
  Destination:            datapath/Audio_Codec/initialize_audio/twi_controller/FSM_gray_state_reg[2]/CE
                            (rising edge-triggered cell FDRE clocked by clk_out2_clk_wiz_1  {rise@0.000ns fall@10.000ns period=20.000ns})
  Path Group:             (none)
  Path Type:              Setup (Max at Slow Process Corner)
  Data Path Delay:        7.751ns  (logic 1.633ns (21.065%)  route 6.118ns (78.935%))
  Logic Levels:           4  (IBUF=1 LUT5=1 LUT6=2)
  Clock Path Skew:        1.709ns (DCD - SCD + CPR)
    Destination Clock Delay (DCD):    1.709ns
    Source Clock Delay      (SCD):    0.000ns
    Clock Pessimism Removal (CPR):    0.000ns
  Clock Uncertainty:      0.178ns  ((TSJ^2 + DJ^2)^1/2) / 2 + PE
    Total System Jitter     (TSJ):    0.050ns
    Discrete Jitter          (DJ):    0.152ns
    Phase Error              (PE):    0.099ns

    Location             Delay type                Incr(ns)  Path(ns)    Netlist Resource(s)
  -------------------------------------------------------------------    -------------------
    G4                                                0.000     0.000 r  reset_n (IN)
                         net (fo=0)                   0.000     0.000    reset_n
    G4                   IBUF (Prop_ibuf_I_O)         1.062     1.062 r  reset_n_IBUF_inst/O
                         net (fo=69, routed)          4.304     5.366    datapath/Audio_Codec/initialize_audio/twi_controller/reset_n_IBUF
    SLICE_X160Y109       LUT5 (Prop_lut5_I3_O)        0.120     5.486 r  datapath/Audio_Codec/initialize_audio/twi_controller/FSM_gray_state[3]_i_12/O
                         net (fo=1, routed)           0.573     6.059    datapath/Audio_Codec/initialize_audio/twi_controller/FSM_gray_state[3]_i_12_n_0
    SLICE_X159Y110       LUT6 (Prop_lut6_I0_O)        0.327     6.386 r  datapath/Audio_Codec/initialize_audio/twi_controller/FSM_gray_state[3]_i_8/O
                         net (fo=1, routed)           0.669     7.055    datapath/Audio_Codec/initialize_audio/twi_controller/FSM_gray_state[3]_i_8_n_0
    SLICE_X158Y110       LUT6 (Prop_lut6_I5_O)        0.124     7.179 r  datapath/Audio_Codec/initialize_audio/twi_controller/FSM_gray_state[3]_i_1/O
                         net (fo=4, routed)           0.572     7.751    datapath/Audio_Codec/initialize_audio/twi_controller/FSM_gray_state[3]_i_1_n_0
    SLICE_X159Y109       FDRE                                         r  datapath/Audio_Codec/initialize_audio/twi_controller/FSM_gray_state_reg[2]/CE
  -------------------------------------------------------------------    -------------------

                         (clock clk_out2_clk_wiz_1 rise edge)
                                                      0.000     0.000 r  
    BUFGCTRL_X0Y2        BUFG                         0.000     0.000 r  clk_IBUF_BUFG_inst/O
                         net (fo=319, routed)         1.643     1.643    datapath/Audio_Codec/audiocodec_master_clock/inst/clk_in1
    MMCME2_ADV_X0Y2      MMCME2_ADV (Prop_mmcme2_adv_CLKIN1_CLKOUT1)
                                                     -3.494    -1.851 r  datapath/Audio_Codec/audiocodec_master_clock/inst/mmcm_adv_inst/CLKOUT1
                         net (fo=1, routed)           1.760    -0.091    datapath/Audio_Codec/audiocodec_master_clock/inst/clk_out2_clk_wiz_1
    BUFGCTRL_X0Y3        BUFG (Prop_bufg_I_O)         0.091     0.000 r  datapath/Audio_Codec/audiocodec_master_clock/inst/clkout2_buf/O
                         net (fo=115, routed)         1.709     1.709    datapath/Audio_Codec/initialize_audio/twi_controller/CLK
    SLICE_X159Y109       FDRE                                         r  datapath/Audio_Codec/initialize_audio/twi_controller/FSM_gray_state_reg[2]/C

Slack:                    inf
  Source:                 reset_n
                            (input port)
  Destination:            datapath/Audio_Codec/initialize_audio/twi_controller/FSM_gray_state_reg[3]/CE
                            (rising edge-triggered cell FDRE clocked by clk_out2_clk_wiz_1  {rise@0.000ns fall@10.000ns period=20.000ns})
  Path Group:             (none)
  Path Type:              Setup (Max at Slow Process Corner)
  Data Path Delay:        7.602ns  (logic 1.633ns (21.477%)  route 5.970ns (78.523%))
  Logic Levels:           4  (IBUF=1 LUT5=1 LUT6=2)
  Clock Path Skew:        1.709ns (DCD - SCD + CPR)
    Destination Clock Delay (DCD):    1.709ns
    Source Clock Delay      (SCD):    0.000ns
    Clock Pessimism Removal (CPR):    0.000ns
  Clock Uncertainty:      0.178ns  ((TSJ^2 + DJ^2)^1/2) / 2 + PE
    Total System Jitter     (TSJ):    0.050ns
    Discrete Jitter          (DJ):    0.152ns
    Phase Error              (PE):    0.099ns

    Location             Delay type                Incr(ns)  Path(ns)    Netlist Resource(s)
  -------------------------------------------------------------------    -------------------
    G4                                                0.000     0.000 r  reset_n (IN)
                         net (fo=0)                   0.000     0.000    reset_n
    G4                   IBUF (Prop_ibuf_I_O)         1.062     1.062 r  reset_n_IBUF_inst/O
                         net (fo=69, routed)          4.304     5.366    datapath/Audio_Codec/initialize_audio/twi_controller/reset_n_IBUF
    SLICE_X160Y109       LUT5 (Prop_lut5_I3_O)        0.120     5.486 r  datapath/Audio_Codec/initialize_audio/twi_controller/FSM_gray_state[3]_i_12/O
                         net (fo=1, routed)           0.573     6.059    datapath/Audio_Codec/initialize_audio/twi_controller/FSM_gray_state[3]_i_12_n_0
    SLICE_X159Y110       LUT6 (Prop_lut6_I0_O)        0.327     6.386 r  datapath/Audio_Codec/initialize_audio/twi_controller/FSM_gray_state[3]_i_8/O
                         net (fo=1, routed)           0.669     7.055    datapath/Audio_Codec/initialize_audio/twi_controller/FSM_gray_state[3]_i_8_n_0
    SLICE_X158Y110       LUT6 (Prop_lut6_I5_O)        0.124     7.179 r  datapath/Audio_Codec/initialize_audio/twi_controller/FSM_gray_state[3]_i_1/O
                         net (fo=4, routed)           0.423     7.602    datapath/Audio_Codec/initialize_audio/twi_controller/FSM_gray_state[3]_i_1_n_0
    SLICE_X159Y110       FDRE                                         r  datapath/Audio_Codec/initialize_audio/twi_controller/FSM_gray_state_reg[3]/CE
  -------------------------------------------------------------------    -------------------

                         (clock clk_out2_clk_wiz_1 rise edge)
                                                      0.000     0.000 r  
    BUFGCTRL_X0Y2        BUFG                         0.000     0.000 r  clk_IBUF_BUFG_inst/O
                         net (fo=319, routed)         1.643     1.643    datapath/Audio_Codec/audiocodec_master_clock/inst/clk_in1
    MMCME2_ADV_X0Y2      MMCME2_ADV (Prop_mmcme2_adv_CLKIN1_CLKOUT1)
                                                     -3.494    -1.851 r  datapath/Audio_Codec/audiocodec_master_clock/inst/mmcm_adv_inst/CLKOUT1
                         net (fo=1, routed)           1.760    -0.091    datapath/Audio_Codec/audiocodec_master_clock/inst/clk_out2_clk_wiz_1
    BUFGCTRL_X0Y3        BUFG (Prop_bufg_I_O)         0.091     0.000 r  datapath/Audio_Codec/audiocodec_master_clock/inst/clkout2_buf/O
                         net (fo=115, routed)         1.709     1.709    datapath/Audio_Codec/initialize_audio/twi_controller/CLK
    SLICE_X159Y110       FDRE                                         r  datapath/Audio_Codec/initialize_audio/twi_controller/FSM_gray_state_reg[3]/C

Slack:                    inf
  Source:                 reset_n
                            (input port)
  Destination:            datapath/Audio_Codec/initialize_audio/state_reg[1]/S
                            (rising edge-triggered cell FDSE clocked by clk_out2_clk_wiz_1  {rise@0.000ns fall@10.000ns period=20.000ns})
  Path Group:             (none)
  Path Type:              Setup (Max at Slow Process Corner)
  Data Path Delay:        6.595ns  (logic 1.186ns (17.981%)  route 5.409ns (82.019%))
  Logic Levels:           2  (IBUF=1 LUT1=1)
  Clock Path Skew:        1.634ns (DCD - SCD + CPR)
    Destination Clock Delay (DCD):    1.634ns
    Source Clock Delay      (SCD):    0.000ns
    Clock Pessimism Removal (CPR):    0.000ns
  Clock Uncertainty:      0.178ns  ((TSJ^2 + DJ^2)^1/2) / 2 + PE
    Total System Jitter     (TSJ):    0.050ns
    Discrete Jitter          (DJ):    0.152ns
    Phase Error              (PE):    0.099ns

    Location             Delay type                Incr(ns)  Path(ns)    Netlist Resource(s)
  -------------------------------------------------------------------    -------------------
    G4                                                0.000     0.000 f  reset_n (IN)
                         net (fo=0)                   0.000     0.000    reset_n
    G4                   IBUF (Prop_ibuf_I_O)         1.062     1.062 f  reset_n_IBUF_inst/O
                         net (fo=69, routed)          4.304     5.366    datapath/Audio_Codec/audio_inout/reset_n_IBUF
    SLICE_X160Y109       LUT1 (Prop_lut1_I0_O)        0.124     5.490 r  datapath/Audio_Codec/audio_inout/prev_down_i_1/O
                         net (fo=188, routed)         1.105     6.595    datapath/Audio_Codec/initialize_audio/initA_reg[6]_0
    SLICE_X153Y109       FDSE                                         r  datapath/Audio_Codec/initialize_audio/state_reg[1]/S
  -------------------------------------------------------------------    -------------------

                         (clock clk_out2_clk_wiz_1 rise edge)
                                                      0.000     0.000 r  
    BUFGCTRL_X0Y2        BUFG                         0.000     0.000 r  clk_IBUF_BUFG_inst/O
                         net (fo=319, routed)         1.643     1.643    datapath/Audio_Codec/audiocodec_master_clock/inst/clk_in1
    MMCME2_ADV_X0Y2      MMCME2_ADV (Prop_mmcme2_adv_CLKIN1_CLKOUT1)
                                                     -3.494    -1.851 r  datapath/Audio_Codec/audiocodec_master_clock/inst/mmcm_adv_inst/CLKOUT1
                         net (fo=1, routed)           1.760    -0.091    datapath/Audio_Codec/audiocodec_master_clock/inst/clk_out2_clk_wiz_1
    BUFGCTRL_X0Y3        BUFG (Prop_bufg_I_O)         0.091     0.000 r  datapath/Audio_Codec/audiocodec_master_clock/inst/clkout2_buf/O
                         net (fo=115, routed)         1.634     1.634    datapath/Audio_Codec/initialize_audio/CLK
    SLICE_X153Y109       FDSE                                         r  datapath/Audio_Codec/initialize_audio/state_reg[1]/C

Slack:                    inf
  Source:                 reset_n
                            (input port)
  Destination:            datapath/Audio_Codec/initialize_audio/state_reg[2]/S
                            (rising edge-triggered cell FDSE clocked by clk_out2_clk_wiz_1  {rise@0.000ns fall@10.000ns period=20.000ns})
  Path Group:             (none)
  Path Type:              Setup (Max at Slow Process Corner)
  Data Path Delay:        6.595ns  (logic 1.186ns (17.981%)  route 5.409ns (82.019%))
  Logic Levels:           2  (IBUF=1 LUT1=1)
  Clock Path Skew:        1.634ns (DCD - SCD + CPR)
    Destination Clock Delay (DCD):    1.634ns
    Source Clock Delay      (SCD):    0.000ns
    Clock Pessimism Removal (CPR):    0.000ns
  Clock Uncertainty:      0.178ns  ((TSJ^2 + DJ^2)^1/2) / 2 + PE
    Total System Jitter     (TSJ):    0.050ns
    Discrete Jitter          (DJ):    0.152ns
    Phase Error              (PE):    0.099ns

    Location             Delay type                Incr(ns)  Path(ns)    Netlist Resource(s)
  -------------------------------------------------------------------    -------------------
    G4                                                0.000     0.000 f  reset_n (IN)
                         net (fo=0)                   0.000     0.000    reset_n
    G4                   IBUF (Prop_ibuf_I_O)         1.062     1.062 f  reset_n_IBUF_inst/O
                         net (fo=69, routed)          4.304     5.366    datapath/Audio_Codec/audio_inout/reset_n_IBUF
    SLICE_X160Y109       LUT1 (Prop_lut1_I0_O)        0.124     5.490 r  datapath/Audio_Codec/audio_inout/prev_down_i_1/O
                         net (fo=188, routed)         1.105     6.595    datapath/Audio_Codec/initialize_audio/initA_reg[6]_0
    SLICE_X153Y109       FDSE                                         r  datapath/Audio_Codec/initialize_audio/state_reg[2]/S
  -------------------------------------------------------------------    -------------------

                         (clock clk_out2_clk_wiz_1 rise edge)
                                                      0.000     0.000 r  
    BUFGCTRL_X0Y2        BUFG                         0.000     0.000 r  clk_IBUF_BUFG_inst/O
                         net (fo=319, routed)         1.643     1.643    datapath/Audio_Codec/audiocodec_master_clock/inst/clk_in1
    MMCME2_ADV_X0Y2      MMCME2_ADV (Prop_mmcme2_adv_CLKIN1_CLKOUT1)
                                                     -3.494    -1.851 r  datapath/Audio_Codec/audiocodec_master_clock/inst/mmcm_adv_inst/CLKOUT1
                         net (fo=1, routed)           1.760    -0.091    datapath/Audio_Codec/audiocodec_master_clock/inst/clk_out2_clk_wiz_1
    BUFGCTRL_X0Y3        BUFG (Prop_bufg_I_O)         0.091     0.000 r  datapath/Audio_Codec/audiocodec_master_clock/inst/clkout2_buf/O
                         net (fo=115, routed)         1.634     1.634    datapath/Audio_Codec/initialize_audio/CLK
    SLICE_X153Y109       FDSE                                         r  datapath/Audio_Codec/initialize_audio/state_reg[2]/C

Slack:                    inf
  Source:                 reset_n
                            (input port)
  Destination:            datapath/Audio_Codec/initialize_audio/initA_reg[0]/R
                            (rising edge-triggered cell FDRE clocked by clk_out2_clk_wiz_1  {rise@0.000ns fall@10.000ns period=20.000ns})
  Path Group:             (none)
  Path Type:              Setup (Max at Slow Process Corner)
  Data Path Delay:        6.435ns  (logic 1.186ns (18.426%)  route 5.250ns (81.574%))
  Logic Levels:           2  (IBUF=1 LUT1=1)
  Clock Path Skew:        1.632ns (DCD - SCD + CPR)
    Destination Clock Delay (DCD):    1.632ns
    Source Clock Delay      (SCD):    0.000ns
    Clock Pessimism Removal (CPR):    0.000ns
  Clock Uncertainty:      0.178ns  ((TSJ^2 + DJ^2)^1/2) / 2 + PE
    Total System Jitter     (TSJ):    0.050ns
    Discrete Jitter          (DJ):    0.152ns
    Phase Error              (PE):    0.099ns

    Location             Delay type                Incr(ns)  Path(ns)    Netlist Resource(s)
  -------------------------------------------------------------------    -------------------
    G4                                                0.000     0.000 f  reset_n (IN)
                         net (fo=0)                   0.000     0.000    reset_n
    G4                   IBUF (Prop_ibuf_I_O)         1.062     1.062 f  reset_n_IBUF_inst/O
                         net (fo=69, routed)          4.304     5.366    datapath/Audio_Codec/audio_inout/reset_n_IBUF
    SLICE_X160Y109       LUT1 (Prop_lut1_I0_O)        0.124     5.490 r  datapath/Audio_Codec/audio_inout/prev_down_i_1/O
                         net (fo=188, routed)         0.946     6.435    datapath/Audio_Codec/initialize_audio/initA_reg[6]_0
    SLICE_X152Y112       FDRE                                         r  datapath/Audio_Codec/initialize_audio/initA_reg[0]/R
  -------------------------------------------------------------------    -------------------

                         (clock clk_out2_clk_wiz_1 rise edge)
                                                      0.000     0.000 r  
    BUFGCTRL_X0Y2        BUFG                         0.000     0.000 r  clk_IBUF_BUFG_inst/O
                         net (fo=319, routed)         1.643     1.643    datapath/Audio_Codec/audiocodec_master_clock/inst/clk_in1
    MMCME2_ADV_X0Y2      MMCME2_ADV (Prop_mmcme2_adv_CLKIN1_CLKOUT1)
                                                     -3.494    -1.851 r  datapath/Audio_Codec/audiocodec_master_clock/inst/mmcm_adv_inst/CLKOUT1
                         net (fo=1, routed)           1.760    -0.091    datapath/Audio_Codec/audiocodec_master_clock/inst/clk_out2_clk_wiz_1
    BUFGCTRL_X0Y3        BUFG (Prop_bufg_I_O)         0.091     0.000 r  datapath/Audio_Codec/audiocodec_master_clock/inst/clkout2_buf/O
                         net (fo=115, routed)         1.632     1.632    datapath/Audio_Codec/initialize_audio/CLK
    SLICE_X152Y112       FDRE                                         r  datapath/Audio_Codec/initialize_audio/initA_reg[0]/C

Slack:                    inf
  Source:                 reset_n
                            (input port)
  Destination:            datapath/Audio_Codec/initialize_audio/initA_reg[1]/R
                            (rising edge-triggered cell FDRE clocked by clk_out2_clk_wiz_1  {rise@0.000ns fall@10.000ns period=20.000ns})
  Path Group:             (none)
  Path Type:              Setup (Max at Slow Process Corner)
  Data Path Delay:        6.435ns  (logic 1.186ns (18.426%)  route 5.250ns (81.574%))
  Logic Levels:           2  (IBUF=1 LUT1=1)
  Clock Path Skew:        1.632ns (DCD - SCD + CPR)
    Destination Clock Delay (DCD):    1.632ns
    Source Clock Delay      (SCD):    0.000ns
    Clock Pessimism Removal (CPR):    0.000ns
  Clock Uncertainty:      0.178ns  ((TSJ^2 + DJ^2)^1/2) / 2 + PE
    Total System Jitter     (TSJ):    0.050ns
    Discrete Jitter          (DJ):    0.152ns
    Phase Error              (PE):    0.099ns

    Location             Delay type                Incr(ns)  Path(ns)    Netlist Resource(s)
  -------------------------------------------------------------------    -------------------
    G4                                                0.000     0.000 f  reset_n (IN)
                         net (fo=0)                   0.000     0.000    reset_n
    G4                   IBUF (Prop_ibuf_I_O)         1.062     1.062 f  reset_n_IBUF_inst/O
                         net (fo=69, routed)          4.304     5.366    datapath/Audio_Codec/audio_inout/reset_n_IBUF
    SLICE_X160Y109       LUT1 (Prop_lut1_I0_O)        0.124     5.490 r  datapath/Audio_Codec/audio_inout/prev_down_i_1/O
                         net (fo=188, routed)         0.946     6.435    datapath/Audio_Codec/initialize_audio/initA_reg[6]_0
    SLICE_X152Y112       FDRE                                         r  datapath/Audio_Codec/initialize_audio/initA_reg[1]/R
  -------------------------------------------------------------------    -------------------

                         (clock clk_out2_clk_wiz_1 rise edge)
                                                      0.000     0.000 r  
    BUFGCTRL_X0Y2        BUFG                         0.000     0.000 r  clk_IBUF_BUFG_inst/O
                         net (fo=319, routed)         1.643     1.643    datapath/Audio_Codec/audiocodec_master_clock/inst/clk_in1
    MMCME2_ADV_X0Y2      MMCME2_ADV (Prop_mmcme2_adv_CLKIN1_CLKOUT1)
                                                     -3.494    -1.851 r  datapath/Audio_Codec/audiocodec_master_clock/inst/mmcm_adv_inst/CLKOUT1
                         net (fo=1, routed)           1.760    -0.091    datapath/Audio_Codec/audiocodec_master_clock/inst/clk_out2_clk_wiz_1
    BUFGCTRL_X0Y3        BUFG (Prop_bufg_I_O)         0.091     0.000 r  datapath/Audio_Codec/audiocodec_master_clock/inst/clkout2_buf/O
                         net (fo=115, routed)         1.632     1.632    datapath/Audio_Codec/initialize_audio/CLK
    SLICE_X152Y112       FDRE                                         r  datapath/Audio_Codec/initialize_audio/initA_reg[1]/C

Slack:                    inf
  Source:                 reset_n
                            (input port)
  Destination:            datapath/Audio_Codec/initialize_audio/initA_reg[2]/R
                            (rising edge-triggered cell FDRE clocked by clk_out2_clk_wiz_1  {rise@0.000ns fall@10.000ns period=20.000ns})
  Path Group:             (none)
  Path Type:              Setup (Max at Slow Process Corner)
  Data Path Delay:        6.435ns  (logic 1.186ns (18.426%)  route 5.250ns (81.574%))
  Logic Levels:           2  (IBUF=1 LUT1=1)
  Clock Path Skew:        1.632ns (DCD - SCD + CPR)
    Destination Clock Delay (DCD):    1.632ns
    Source Clock Delay      (SCD):    0.000ns
    Clock Pessimism Removal (CPR):    0.000ns
  Clock Uncertainty:      0.178ns  ((TSJ^2 + DJ^2)^1/2) / 2 + PE
    Total System Jitter     (TSJ):    0.050ns
    Discrete Jitter          (DJ):    0.152ns
    Phase Error              (PE):    0.099ns

    Location             Delay type                Incr(ns)  Path(ns)    Netlist Resource(s)
  -------------------------------------------------------------------    -------------------
    G4                                                0.000     0.000 f  reset_n (IN)
                         net (fo=0)                   0.000     0.000    reset_n
    G4                   IBUF (Prop_ibuf_I_O)         1.062     1.062 f  reset_n_IBUF_inst/O
                         net (fo=69, routed)          4.304     5.366    datapath/Audio_Codec/audio_inout/reset_n_IBUF
    SLICE_X160Y109       LUT1 (Prop_lut1_I0_O)        0.124     5.490 r  datapath/Audio_Codec/audio_inout/prev_down_i_1/O
                         net (fo=188, routed)         0.946     6.435    datapath/Audio_Codec/initialize_audio/initA_reg[6]_0
    SLICE_X153Y112       FDRE                                         r  datapath/Audio_Codec/initialize_audio/initA_reg[2]/R
  -------------------------------------------------------------------    -------------------

                         (clock clk_out2_clk_wiz_1 rise edge)
                                                      0.000     0.000 r  
    BUFGCTRL_X0Y2        BUFG                         0.000     0.000 r  clk_IBUF_BUFG_inst/O
                         net (fo=319, routed)         1.643     1.643    datapath/Audio_Codec/audiocodec_master_clock/inst/clk_in1
    MMCME2_ADV_X0Y2      MMCME2_ADV (Prop_mmcme2_adv_CLKIN1_CLKOUT1)
                                                     -3.494    -1.851 r  datapath/Audio_Codec/audiocodec_master_clock/inst/mmcm_adv_inst/CLKOUT1
                         net (fo=1, routed)           1.760    -0.091    datapath/Audio_Codec/audiocodec_master_clock/inst/clk_out2_clk_wiz_1
    BUFGCTRL_X0Y3        BUFG (Prop_bufg_I_O)         0.091     0.000 r  datapath/Audio_Codec/audiocodec_master_clock/inst/clkout2_buf/O
                         net (fo=115, routed)         1.632     1.632    datapath/Audio_Codec/initialize_audio/CLK
    SLICE_X153Y112       FDRE                                         r  datapath/Audio_Codec/initialize_audio/initA_reg[2]/C

Slack:                    inf
  Source:                 reset_n
                            (input port)
  Destination:            datapath/Audio_Codec/initialize_audio/initA_reg[3]/R
                            (rising edge-triggered cell FDRE clocked by clk_out2_clk_wiz_1  {rise@0.000ns fall@10.000ns period=20.000ns})
  Path Group:             (none)
  Path Type:              Setup (Max at Slow Process Corner)
  Data Path Delay:        6.435ns  (logic 1.186ns (18.426%)  route 5.250ns (81.574%))
  Logic Levels:           2  (IBUF=1 LUT1=1)
  Clock Path Skew:        1.632ns (DCD - SCD + CPR)
    Destination Clock Delay (DCD):    1.632ns
    Source Clock Delay      (SCD):    0.000ns
    Clock Pessimism Removal (CPR):    0.000ns
  Clock Uncertainty:      0.178ns  ((TSJ^2 + DJ^2)^1/2) / 2 + PE
    Total System Jitter     (TSJ):    0.050ns
    Discrete Jitter          (DJ):    0.152ns
    Phase Error              (PE):    0.099ns

    Location             Delay type                Incr(ns)  Path(ns)    Netlist Resource(s)
  -------------------------------------------------------------------    -------------------
    G4                                                0.000     0.000 f  reset_n (IN)
                         net (fo=0)                   0.000     0.000    reset_n
    G4                   IBUF (Prop_ibuf_I_O)         1.062     1.062 f  reset_n_IBUF_inst/O
                         net (fo=69, routed)          4.304     5.366    datapath/Audio_Codec/audio_inout/reset_n_IBUF
    SLICE_X160Y109       LUT1 (Prop_lut1_I0_O)        0.124     5.490 r  datapath/Audio_Codec/audio_inout/prev_down_i_1/O
                         net (fo=188, routed)         0.946     6.435    datapath/Audio_Codec/initialize_audio/initA_reg[6]_0
    SLICE_X152Y112       FDRE                                         r  datapath/Audio_Codec/initialize_audio/initA_reg[3]/R
  -------------------------------------------------------------------    -------------------

                         (clock clk_out2_clk_wiz_1 rise edge)
                                                      0.000     0.000 r  
    BUFGCTRL_X0Y2        BUFG                         0.000     0.000 r  clk_IBUF_BUFG_inst/O
                         net (fo=319, routed)         1.643     1.643    datapath/Audio_Codec/audiocodec_master_clock/inst/clk_in1
    MMCME2_ADV_X0Y2      MMCME2_ADV (Prop_mmcme2_adv_CLKIN1_CLKOUT1)
                                                     -3.494    -1.851 r  datapath/Audio_Codec/audiocodec_master_clock/inst/mmcm_adv_inst/CLKOUT1
                         net (fo=1, routed)           1.760    -0.091    datapath/Audio_Codec/audiocodec_master_clock/inst/clk_out2_clk_wiz_1
    BUFGCTRL_X0Y3        BUFG (Prop_bufg_I_O)         0.091     0.000 r  datapath/Audio_Codec/audiocodec_master_clock/inst/clkout2_buf/O
                         net (fo=115, routed)         1.632     1.632    datapath/Audio_Codec/initialize_audio/CLK
    SLICE_X152Y112       FDRE                                         r  datapath/Audio_Codec/initialize_audio/initA_reg[3]/C





Min Delay Paths
--------------------------------------------------------------------------------------
Slack:                    inf
  Source:                 scl
                            (input port)
  Destination:            datapath/Audio_Codec/initialize_audio/twi_controller/dScl_reg/D
                            (rising edge-triggered cell FDRE clocked by clk_out2_clk_wiz_1  {rise@0.000ns fall@10.000ns period=20.000ns})
  Path Group:             (none)
  Path Type:              Hold (Min at Fast Process Corner)
  Data Path Delay:        0.687ns  (logic 0.263ns (38.201%)  route 0.425ns (61.799%))
  Logic Levels:           1  (IBUF=1)
  Clock Path Skew:        0.917ns (DCD - SCD - CPR)
    Destination Clock Delay (DCD):    0.917ns
    Source Clock Delay      (SCD):    0.000ns
    Clock Pessimism Removal (CPR):    -0.000ns

    Location             Delay type                Incr(ns)  Path(ns)    Netlist Resource(s)
  -------------------------------------------------------------------    -------------------
    W5                                                0.000     0.000 r  scl (INOUT)
                         net (fo=1, unset)            0.000     0.000    scl_IOBUF_inst/IO
    W5                   IBUF (Prop_ibuf_I_O)         0.263     0.263 r  scl_IOBUF_inst/IBUF/O
                         net (fo=1, routed)           0.425     0.687    datapath/Audio_Codec/initialize_audio/twi_controller/scl_IBUF
    SLICE_X161Y112       FDRE                                         r  datapath/Audio_Codec/initialize_audio/twi_controller/dScl_reg/D
  -------------------------------------------------------------------    -------------------

                         (clock clk_out2_clk_wiz_1 rise edge)
                                                      0.000     0.000 r  
    BUFGCTRL_X0Y2        BUFG                         0.000     0.000 r  clk_IBUF_BUFG_inst/O
                         net (fo=319, routed)         0.879     0.879    datapath/Audio_Codec/audiocodec_master_clock/inst/clk_in1
    MMCME2_ADV_X0Y2      MMCME2_ADV (Prop_mmcme2_adv_CLKIN1_CLKOUT1)
                                                     -1.502    -0.624 r  datapath/Audio_Codec/audiocodec_master_clock/inst/mmcm_adv_inst/CLKOUT1
                         net (fo=1, routed)           0.595    -0.029    datapath/Audio_Codec/audiocodec_master_clock/inst/clk_out2_clk_wiz_1
    BUFGCTRL_X0Y3        BUFG (Prop_bufg_I_O)         0.029    -0.000 r  datapath/Audio_Codec/audiocodec_master_clock/inst/clkout2_buf/O
                         net (fo=115, routed)         0.917     0.917    datapath/Audio_Codec/initialize_audio/twi_controller/CLK
    SLICE_X161Y112       FDRE                                         r  datapath/Audio_Codec/initialize_audio/twi_controller/dScl_reg/C

Slack:                    inf
  Source:                 sda
                            (input port)
  Destination:            datapath/Audio_Codec/initialize_audio/twi_controller/dSda_reg/D
                            (rising edge-triggered cell FDRE clocked by clk_out2_clk_wiz_1  {rise@0.000ns fall@10.000ns period=20.000ns})
  Path Group:             (none)
  Path Type:              Hold (Min at Fast Process Corner)
  Data Path Delay:        0.765ns  (logic 0.246ns (32.101%)  route 0.519ns (67.899%))
  Logic Levels:           1  (IBUF=1)
  Clock Path Skew:        0.914ns (DCD - SCD - CPR)
    Destination Clock Delay (DCD):    0.914ns
    Source Clock Delay      (SCD):    0.000ns
    Clock Pessimism Removal (CPR):    -0.000ns

    Location             Delay type                Incr(ns)  Path(ns)    Netlist Resource(s)
  -------------------------------------------------------------------    -------------------
    V5                                                0.000     0.000 r  sda (INOUT)
                         net (fo=1, unset)            0.000     0.000    sda_IOBUF_inst/IO
    V5                   IBUF (Prop_ibuf_I_O)         0.246     0.246 r  sda_IOBUF_inst/IBUF/O
                         net (fo=1, routed)           0.519     0.765    datapath/Audio_Codec/initialize_audio/twi_controller/sda_IBUF
    SLICE_X162Y116       FDRE                                         r  datapath/Audio_Codec/initialize_audio/twi_controller/dSda_reg/D
  -------------------------------------------------------------------    -------------------

                         (clock clk_out2_clk_wiz_1 rise edge)
                                                      0.000     0.000 r  
    BUFGCTRL_X0Y2        BUFG                         0.000     0.000 r  clk_IBUF_BUFG_inst/O
                         net (fo=319, routed)         0.879     0.879    datapath/Audio_Codec/audiocodec_master_clock/inst/clk_in1
    MMCME2_ADV_X0Y2      MMCME2_ADV (Prop_mmcme2_adv_CLKIN1_CLKOUT1)
                                                     -1.502    -0.624 r  datapath/Audio_Codec/audiocodec_master_clock/inst/mmcm_adv_inst/CLKOUT1
                         net (fo=1, routed)           0.595    -0.029    datapath/Audio_Codec/audiocodec_master_clock/inst/clk_out2_clk_wiz_1
    BUFGCTRL_X0Y3        BUFG (Prop_bufg_I_O)         0.029    -0.000 r  datapath/Audio_Codec/audiocodec_master_clock/inst/clkout2_buf/O
                         net (fo=115, routed)         0.914     0.914    datapath/Audio_Codec/initialize_audio/twi_controller/CLK
    SLICE_X162Y116       FDRE                                         r  datapath/Audio_Codec/initialize_audio/twi_controller/dSda_reg/C

Slack:                    inf
  Source:                 reset_n
                            (input port)
  Destination:            datapath/Audio_Codec/initialize_audio/data_i_reg[0]/CE
                            (rising edge-triggered cell FDRE clocked by clk_out2_clk_wiz_1  {rise@0.000ns fall@10.000ns period=20.000ns})
  Path Group:             (none)
  Path Type:              Hold (Min at Fast Process Corner)
  Data Path Delay:        1.810ns  (logic 0.186ns (10.272%)  route 1.624ns (89.728%))
  Logic Levels:           1  (IBUF=1)
  Clock Path Skew:        0.892ns (DCD - SCD - CPR)
    Destination Clock Delay (DCD):    0.892ns
    Source Clock Delay      (SCD):    0.000ns
    Clock Pessimism Removal (CPR):    -0.000ns

    Location             Delay type                Incr(ns)  Path(ns)    Netlist Resource(s)
  -------------------------------------------------------------------    -------------------
    G4                                                0.000     0.000 r  reset_n (IN)
                         net (fo=0)                   0.000     0.000    reset_n
    G4                   IBUF (Prop_ibuf_I_O)         0.186     0.186 r  reset_n_IBUF_inst/O
                         net (fo=69, routed)          1.624     1.810    datapath/Audio_Codec/initialize_audio/reset_n_IBUF
    SLICE_X155Y109       FDRE                                         r  datapath/Audio_Codec/initialize_audio/data_i_reg[0]/CE
  -------------------------------------------------------------------    -------------------

                         (clock clk_out2_clk_wiz_1 rise edge)
                                                      0.000     0.000 r  
    BUFGCTRL_X0Y2        BUFG                         0.000     0.000 r  clk_IBUF_BUFG_inst/O
                         net (fo=319, routed)         0.879     0.879    datapath/Audio_Codec/audiocodec_master_clock/inst/clk_in1
    MMCME2_ADV_X0Y2      MMCME2_ADV (Prop_mmcme2_adv_CLKIN1_CLKOUT1)
                                                     -1.502    -0.624 r  datapath/Audio_Codec/audiocodec_master_clock/inst/mmcm_adv_inst/CLKOUT1
                         net (fo=1, routed)           0.595    -0.029    datapath/Audio_Codec/audiocodec_master_clock/inst/clk_out2_clk_wiz_1
    BUFGCTRL_X0Y3        BUFG (Prop_bufg_I_O)         0.029    -0.000 r  datapath/Audio_Codec/audiocodec_master_clock/inst/clkout2_buf/O
                         net (fo=115, routed)         0.892     0.892    datapath/Audio_Codec/initialize_audio/CLK
    SLICE_X155Y109       FDRE                                         r  datapath/Audio_Codec/initialize_audio/data_i_reg[0]/C

Slack:                    inf
  Source:                 reset_n
                            (input port)
  Destination:            datapath/Audio_Codec/initialize_audio/data_i_reg[6]/CE
                            (rising edge-triggered cell FDRE clocked by clk_out2_clk_wiz_1  {rise@0.000ns fall@10.000ns period=20.000ns})
  Path Group:             (none)
  Path Type:              Hold (Min at Fast Process Corner)
  Data Path Delay:        1.810ns  (logic 0.186ns (10.272%)  route 1.624ns (89.728%))
  Logic Levels:           1  (IBUF=1)
  Clock Path Skew:        0.892ns (DCD - SCD - CPR)
    Destination Clock Delay (DCD):    0.892ns
    Source Clock Delay      (SCD):    0.000ns
    Clock Pessimism Removal (CPR):    -0.000ns

    Location             Delay type                Incr(ns)  Path(ns)    Netlist Resource(s)
  -------------------------------------------------------------------    -------------------
    G4                                                0.000     0.000 r  reset_n (IN)
                         net (fo=0)                   0.000     0.000    reset_n
    G4                   IBUF (Prop_ibuf_I_O)         0.186     0.186 r  reset_n_IBUF_inst/O
                         net (fo=69, routed)          1.624     1.810    datapath/Audio_Codec/initialize_audio/reset_n_IBUF
    SLICE_X155Y109       FDRE                                         r  datapath/Audio_Codec/initialize_audio/data_i_reg[6]/CE
  -------------------------------------------------------------------    -------------------

                         (clock clk_out2_clk_wiz_1 rise edge)
                                                      0.000     0.000 r  
    BUFGCTRL_X0Y2        BUFG                         0.000     0.000 r  clk_IBUF_BUFG_inst/O
                         net (fo=319, routed)         0.879     0.879    datapath/Audio_Codec/audiocodec_master_clock/inst/clk_in1
    MMCME2_ADV_X0Y2      MMCME2_ADV (Prop_mmcme2_adv_CLKIN1_CLKOUT1)
                                                     -1.502    -0.624 r  datapath/Audio_Codec/audiocodec_master_clock/inst/mmcm_adv_inst/CLKOUT1
                         net (fo=1, routed)           0.595    -0.029    datapath/Audio_Codec/audiocodec_master_clock/inst/clk_out2_clk_wiz_1
    BUFGCTRL_X0Y3        BUFG (Prop_bufg_I_O)         0.029    -0.000 r  datapath/Audio_Codec/audiocodec_master_clock/inst/clkout2_buf/O
                         net (fo=115, routed)         0.892     0.892    datapath/Audio_Codec/initialize_audio/CLK
    SLICE_X155Y109       FDRE                                         r  datapath/Audio_Codec/initialize_audio/data_i_reg[6]/C

Slack:                    inf
  Source:                 reset_n
                            (input port)
  Destination:            datapath/Audio_Codec/initialize_audio/msg_reg/CE
                            (rising edge-triggered cell FDRE clocked by clk_out2_clk_wiz_1  {rise@0.000ns fall@10.000ns period=20.000ns})
  Path Group:             (none)
  Path Type:              Hold (Min at Fast Process Corner)
  Data Path Delay:        1.810ns  (logic 0.186ns (10.272%)  route 1.624ns (89.728%))
  Logic Levels:           1  (IBUF=1)
  Clock Path Skew:        0.892ns (DCD - SCD - CPR)
    Destination Clock Delay (DCD):    0.892ns
    Source Clock Delay      (SCD):    0.000ns
    Clock Pessimism Removal (CPR):    -0.000ns

    Location             Delay type                Incr(ns)  Path(ns)    Netlist Resource(s)
  -------------------------------------------------------------------    -------------------
    G4                                                0.000     0.000 r  reset_n (IN)
                         net (fo=0)                   0.000     0.000    reset_n
    G4                   IBUF (Prop_ibuf_I_O)         0.186     0.186 r  reset_n_IBUF_inst/O
                         net (fo=69, routed)          1.624     1.810    datapath/Audio_Codec/initialize_audio/reset_n_IBUF
    SLICE_X155Y109       FDRE                                         r  datapath/Audio_Codec/initialize_audio/msg_reg/CE
  -------------------------------------------------------------------    -------------------

                         (clock clk_out2_clk_wiz_1 rise edge)
                                                      0.000     0.000 r  
    BUFGCTRL_X0Y2        BUFG                         0.000     0.000 r  clk_IBUF_BUFG_inst/O
                         net (fo=319, routed)         0.879     0.879    datapath/Audio_Codec/audiocodec_master_clock/inst/clk_in1
    MMCME2_ADV_X0Y2      MMCME2_ADV (Prop_mmcme2_adv_CLKIN1_CLKOUT1)
                                                     -1.502    -0.624 r  datapath/Audio_Codec/audiocodec_master_clock/inst/mmcm_adv_inst/CLKOUT1
                         net (fo=1, routed)           0.595    -0.029    datapath/Audio_Codec/audiocodec_master_clock/inst/clk_out2_clk_wiz_1
    BUFGCTRL_X0Y3        BUFG (Prop_bufg_I_O)         0.029    -0.000 r  datapath/Audio_Codec/audiocodec_master_clock/inst/clkout2_buf/O
                         net (fo=115, routed)         0.892     0.892    datapath/Audio_Codec/initialize_audio/CLK
    SLICE_X155Y109       FDRE                                         r  datapath/Audio_Codec/initialize_audio/msg_reg/C

Slack:                    inf
  Source:                 reset_n
                            (input port)
  Destination:            datapath/Audio_Codec/initialize_audio/stb_reg/CE
                            (rising edge-triggered cell FDRE clocked by clk_out2_clk_wiz_1  {rise@0.000ns fall@10.000ns period=20.000ns})
  Path Group:             (none)
  Path Type:              Hold (Min at Fast Process Corner)
  Data Path Delay:        1.810ns  (logic 0.186ns (10.272%)  route 1.624ns (89.728%))
  Logic Levels:           1  (IBUF=1)
  Clock Path Skew:        0.892ns (DCD - SCD - CPR)
    Destination Clock Delay (DCD):    0.892ns
    Source Clock Delay      (SCD):    0.000ns
    Clock Pessimism Removal (CPR):    -0.000ns

    Location             Delay type                Incr(ns)  Path(ns)    Netlist Resource(s)
  -------------------------------------------------------------------    -------------------
    G4                                                0.000     0.000 r  reset_n (IN)
                         net (fo=0)                   0.000     0.000    reset_n
    G4                   IBUF (Prop_ibuf_I_O)         0.186     0.186 r  reset_n_IBUF_inst/O
                         net (fo=69, routed)          1.624     1.810    datapath/Audio_Codec/initialize_audio/reset_n_IBUF
    SLICE_X155Y109       FDRE                                         r  datapath/Audio_Codec/initialize_audio/stb_reg/CE
  -------------------------------------------------------------------    -------------------

                         (clock clk_out2_clk_wiz_1 rise edge)
                                                      0.000     0.000 r  
    BUFGCTRL_X0Y2        BUFG                         0.000     0.000 r  clk_IBUF_BUFG_inst/O
                         net (fo=319, routed)         0.879     0.879    datapath/Audio_Codec/audiocodec_master_clock/inst/clk_in1
    MMCME2_ADV_X0Y2      MMCME2_ADV (Prop_mmcme2_adv_CLKIN1_CLKOUT1)
                                                     -1.502    -0.624 r  datapath/Audio_Codec/audiocodec_master_clock/inst/mmcm_adv_inst/CLKOUT1
                         net (fo=1, routed)           0.595    -0.029    datapath/Audio_Codec/audiocodec_master_clock/inst/clk_out2_clk_wiz_1
    BUFGCTRL_X0Y3        BUFG (Prop_bufg_I_O)         0.029    -0.000 r  datapath/Audio_Codec/audiocodec_master_clock/inst/clkout2_buf/O
                         net (fo=115, routed)         0.892     0.892    datapath/Audio_Codec/initialize_audio/CLK
    SLICE_X155Y109       FDRE                                         r  datapath/Audio_Codec/initialize_audio/stb_reg/C

Slack:                    inf
  Source:                 reset_n
                            (input port)
  Destination:            datapath/Audio_Codec/initialize_audio/delayEn_reg/D
                            (rising edge-triggered cell FDRE clocked by clk_out2_clk_wiz_1  {rise@0.000ns fall@10.000ns period=20.000ns})
  Path Group:             (none)
  Path Type:              Hold (Min at Fast Process Corner)
  Data Path Delay:        2.086ns  (logic 0.231ns (11.069%)  route 1.855ns (88.931%))
  Logic Levels:           2  (IBUF=1 LUT6=1)
  Clock Path Skew:        0.892ns (DCD - SCD - CPR)
    Destination Clock Delay (DCD):    0.892ns
    Source Clock Delay      (SCD):    0.000ns
    Clock Pessimism Removal (CPR):    -0.000ns

    Location             Delay type                Incr(ns)  Path(ns)    Netlist Resource(s)
  -------------------------------------------------------------------    -------------------
    G4                                                0.000     0.000 r  reset_n (IN)
                         net (fo=0)                   0.000     0.000    reset_n
    G4                   IBUF (Prop_ibuf_I_O)         0.186     0.186 r  reset_n_IBUF_inst/O
                         net (fo=69, routed)          1.855     2.041    datapath/Audio_Codec/initialize_audio/reset_n_IBUF
    SLICE_X154Y108       LUT6 (Prop_lut6_I5_O)        0.045     2.086 r  datapath/Audio_Codec/initialize_audio/delayEn_i_1/O
                         net (fo=1, routed)           0.000     2.086    datapath/Audio_Codec/initialize_audio/delayEn_i_1_n_0
    SLICE_X154Y108       FDRE                                         r  datapath/Audio_Codec/initialize_audio/delayEn_reg/D
  -------------------------------------------------------------------    -------------------

                         (clock clk_out2_clk_wiz_1 rise edge)
                                                      0.000     0.000 r  
    BUFGCTRL_X0Y2        BUFG                         0.000     0.000 r  clk_IBUF_BUFG_inst/O
                         net (fo=319, routed)         0.879     0.879    datapath/Audio_Codec/audiocodec_master_clock/inst/clk_in1
    MMCME2_ADV_X0Y2      MMCME2_ADV (Prop_mmcme2_adv_CLKIN1_CLKOUT1)
                                                     -1.502    -0.624 r  datapath/Audio_Codec/audiocodec_master_clock/inst/mmcm_adv_inst/CLKOUT1
                         net (fo=1, routed)           0.595    -0.029    datapath/Audio_Codec/audiocodec_master_clock/inst/clk_out2_clk_wiz_1
    BUFGCTRL_X0Y3        BUFG (Prop_bufg_I_O)         0.029    -0.000 r  datapath/Audio_Codec/audiocodec_master_clock/inst/clkout2_buf/O
                         net (fo=115, routed)         0.892     0.892    datapath/Audio_Codec/initialize_audio/CLK
    SLICE_X154Y108       FDRE                                         r  datapath/Audio_Codec/initialize_audio/delayEn_reg/C

Slack:                    inf
  Source:                 reset_n
                            (input port)
  Destination:            datapath/Audio_Codec/initialize_audio/twi_controller/int_Rst_reg/D
                            (rising edge-triggered cell FDRE clocked by clk_out2_clk_wiz_1  {rise@0.000ns fall@10.000ns period=20.000ns})
  Path Group:             (none)
  Path Type:              Hold (Min at Fast Process Corner)
  Data Path Delay:        2.154ns  (logic 0.231ns (10.720%)  route 1.923ns (89.280%))
  Logic Levels:           2  (IBUF=1 LUT6=1)
  Clock Path Skew:        0.918ns (DCD - SCD - CPR)
    Destination Clock Delay (DCD):    0.918ns
    Source Clock Delay      (SCD):    0.000ns
    Clock Pessimism Removal (CPR):    -0.000ns

    Location             Delay type                Incr(ns)  Path(ns)    Netlist Resource(s)
  -------------------------------------------------------------------    -------------------
    G4                                                0.000     0.000 f  reset_n (IN)
                         net (fo=0)                   0.000     0.000    reset_n
    G4                   IBUF (Prop_ibuf_I_O)         0.186     0.186 f  reset_n_IBUF_inst/O
                         net (fo=69, routed)          1.923     2.109    datapath/Audio_Codec/initialize_audio/twi_controller/reset_n_IBUF
    SLICE_X157Y110       LUT6 (Prop_lut6_I1_O)        0.045     2.154 r  datapath/Audio_Codec/initialize_audio/twi_controller/int_Rst_i_1/O
                         net (fo=1, routed)           0.000     2.154    datapath/Audio_Codec/initialize_audio/twi_controller/int_Rst_i_1_n_0
    SLICE_X157Y110       FDRE                                         r  datapath/Audio_Codec/initialize_audio/twi_controller/int_Rst_reg/D
  -------------------------------------------------------------------    -------------------

                         (clock clk_out2_clk_wiz_1 rise edge)
                                                      0.000     0.000 r  
    BUFGCTRL_X0Y2        BUFG                         0.000     0.000 r  clk_IBUF_BUFG_inst/O
                         net (fo=319, routed)         0.879     0.879    datapath/Audio_Codec/audiocodec_master_clock/inst/clk_in1
    MMCME2_ADV_X0Y2      MMCME2_ADV (Prop_mmcme2_adv_CLKIN1_CLKOUT1)
                                                     -1.502    -0.624 r  datapath/Audio_Codec/audiocodec_master_clock/inst/mmcm_adv_inst/CLKOUT1
                         net (fo=1, routed)           0.595    -0.029    datapath/Audio_Codec/audiocodec_master_clock/inst/clk_out2_clk_wiz_1
    BUFGCTRL_X0Y3        BUFG (Prop_bufg_I_O)         0.029    -0.000 r  datapath/Audio_Codec/audiocodec_master_clock/inst/clkout2_buf/O
                         net (fo=115, routed)         0.918     0.918    datapath/Audio_Codec/initialize_audio/twi_controller/CLK
    SLICE_X157Y110       FDRE                                         r  datapath/Audio_Codec/initialize_audio/twi_controller/int_Rst_reg/C

Slack:                    inf
  Source:                 reset_n
                            (input port)
  Destination:            datapath/Audio_Codec/initialize_audio/initEn_reg/D
                            (rising edge-triggered cell FDRE clocked by clk_out2_clk_wiz_1  {rise@0.000ns fall@10.000ns period=20.000ns})
  Path Group:             (none)
  Path Type:              Hold (Min at Fast Process Corner)
  Data Path Delay:        2.224ns  (logic 0.231ns (10.382%)  route 1.993ns (89.618%))
  Logic Levels:           2  (IBUF=1 LUT6=1)
  Clock Path Skew:        0.892ns (DCD - SCD - CPR)
    Destination Clock Delay (DCD):    0.892ns
    Source Clock Delay      (SCD):    0.000ns
    Clock Pessimism Removal (CPR):    -0.000ns

    Location             Delay type                Incr(ns)  Path(ns)    Netlist Resource(s)
  -------------------------------------------------------------------    -------------------
    G4                                                0.000     0.000 r  reset_n (IN)
                         net (fo=0)                   0.000     0.000    reset_n
    G4                   IBUF (Prop_ibuf_I_O)         0.186     0.186 r  reset_n_IBUF_inst/O
                         net (fo=69, routed)          1.993     2.179    datapath/Audio_Codec/initialize_audio/twi_controller/reset_n_IBUF
    SLICE_X154Y108       LUT6 (Prop_lut6_I2_O)        0.045     2.224 r  datapath/Audio_Codec/initialize_audio/twi_controller/initEn_i_1/O
                         net (fo=1, routed)           0.000     2.224    datapath/Audio_Codec/initialize_audio/twi_controller_n_7
    SLICE_X154Y108       FDRE                                         r  datapath/Audio_Codec/initialize_audio/initEn_reg/D
  -------------------------------------------------------------------    -------------------

                         (clock clk_out2_clk_wiz_1 rise edge)
                                                      0.000     0.000 r  
    BUFGCTRL_X0Y2        BUFG                         0.000     0.000 r  clk_IBUF_BUFG_inst/O
                         net (fo=319, routed)         0.879     0.879    datapath/Audio_Codec/audiocodec_master_clock/inst/clk_in1
    MMCME2_ADV_X0Y2      MMCME2_ADV (Prop_mmcme2_adv_CLKIN1_CLKOUT1)
                                                     -1.502    -0.624 r  datapath/Audio_Codec/audiocodec_master_clock/inst/mmcm_adv_inst/CLKOUT1
                         net (fo=1, routed)           0.595    -0.029    datapath/Audio_Codec/audiocodec_master_clock/inst/clk_out2_clk_wiz_1
    BUFGCTRL_X0Y3        BUFG (Prop_bufg_I_O)         0.029    -0.000 r  datapath/Audio_Codec/audiocodec_master_clock/inst/clkout2_buf/O
                         net (fo=115, routed)         0.892     0.892    datapath/Audio_Codec/initialize_audio/CLK
    SLICE_X154Y108       FDRE                                         r  datapath/Audio_Codec/initialize_audio/initEn_reg/C

Slack:                    inf
  Source:                 reset_n
                            (input port)
  Destination:            datapath/Audio_Codec/initialize_audio/data_i_reg[1]/CE
                            (rising edge-triggered cell FDRE clocked by clk_out2_clk_wiz_1  {rise@0.000ns fall@10.000ns period=20.000ns})
  Path Group:             (none)
  Path Type:              Hold (Min at Fast Process Corner)
  Data Path Delay:        2.247ns  (logic 0.186ns (8.273%)  route 2.061ns (91.727%))
  Logic Levels:           1  (IBUF=1)
  Clock Path Skew:        0.891ns (DCD - SCD - CPR)
    Destination Clock Delay (DCD):    0.891ns
    Source Clock Delay      (SCD):    0.000ns
    Clock Pessimism Removal (CPR):    -0.000ns

    Location             Delay type                Incr(ns)  Path(ns)    Netlist Resource(s)
  -------------------------------------------------------------------    -------------------
    G4                                                0.000     0.000 r  reset_n (IN)
                         net (fo=0)                   0.000     0.000    reset_n
    G4                   IBUF (Prop_ibuf_I_O)         0.186     0.186 r  reset_n_IBUF_inst/O
                         net (fo=69, routed)          2.061     2.247    datapath/Audio_Codec/initialize_audio/reset_n_IBUF
    SLICE_X152Y110       FDRE                                         r  datapath/Audio_Codec/initialize_audio/data_i_reg[1]/CE
  -------------------------------------------------------------------    -------------------

                         (clock clk_out2_clk_wiz_1 rise edge)
                                                      0.000     0.000 r  
    BUFGCTRL_X0Y2        BUFG                         0.000     0.000 r  clk_IBUF_BUFG_inst/O
                         net (fo=319, routed)         0.879     0.879    datapath/Audio_Codec/audiocodec_master_clock/inst/clk_in1
    MMCME2_ADV_X0Y2      MMCME2_ADV (Prop_mmcme2_adv_CLKIN1_CLKOUT1)
                                                     -1.502    -0.624 r  datapath/Audio_Codec/audiocodec_master_clock/inst/mmcm_adv_inst/CLKOUT1
                         net (fo=1, routed)           0.595    -0.029    datapath/Audio_Codec/audiocodec_master_clock/inst/clk_out2_clk_wiz_1
    BUFGCTRL_X0Y3        BUFG (Prop_bufg_I_O)         0.029    -0.000 r  datapath/Audio_Codec/audiocodec_master_clock/inst/clkout2_buf/O
                         net (fo=115, routed)         0.891     0.891    datapath/Audio_Codec/initialize_audio/CLK
    SLICE_X152Y110       FDRE                                         r  datapath/Audio_Codec/initialize_audio/data_i_reg[1]/C





