
*** Running vivado
    with args -log design_1_mig_7series_0_2.vds -m64 -product Vivado -mode batch -messageDb vivado.pb -notrace -source design_1_mig_7series_0_2.tcl



****** Vivado v2024.2 (64-bit)
  **** SW Build 5239630 on Fri Nov 08 22:35:27 MST 2024
  **** IP Build 5239520 on Sun Nov 10 16:12:51 MST 2024
  **** SharedData Build 5239561 on Fri Nov 08 14:39:27 MST 2024
  **** Start of session at: Fri Feb 27 08:19:08 2026
    ** Copyright 1986-2022 Xilinx, Inc. All Rights Reserved.
    ** Copyright 2022-2024 Advanced Micro Devices, Inc. All Rights Reserved.

source design_1_mig_7series_0_2.tcl -notrace
Command: synth_design -top design_1_mig_7series_0_2 -part xc7a200tsbg484-1 -incremental_mode off -mode out_of_context
Starting synth_design
Attempting to get a license for feature 'Synthesis' and/or device 'xc7a200t'
INFO: [Common 17-349] Got license for feature 'Synthesis' and/or device 'xc7a200t'
INFO: [Device 21-403] Loading part xc7a200tsbg484-1
INFO: [Synth 8-7079] Multithreading enabled for synth_design using a maximum of 2 processes.
INFO: [Synth 8-7078] Launching helper process for spawning children vivado processes
INFO: [Synth 8-7075] Helper process launched with PID 14104
---------------------------------------------------------------------------------
Starting RTL Elaboration : Time (s): cpu = 00:00:08 ; elapsed = 00:00:14 . Memory (MB): peak = 1033.836 ; gain = 468.977
---------------------------------------------------------------------------------
WARNING: [Synth 8-10515] begin/end is required for generate-for in this mode of Verilog [c:/Users/C27John.Alves/ECE383/ece383_wksp/ice1/ublaze1/ublaze1.gen/sources_1/bd/design_1/ip/design_1_mig_7series_0_2/design_1_mig_7series_0_2/user_design/rtl/controller/mig_7series_v4_2_arb_row_col.v:253]
INFO: [Synth 8-11241] undeclared symbol 'dbg_sel_po_incdec', assumed default net type 'wire' [c:/Users/C27John.Alves/ECE383/ece383_wksp/ice1/ublaze1/ublaze1.gen/sources_1/bd/design_1/ip/design_1_mig_7series_0_2/design_1_mig_7series_0_2/user_design/rtl/design_1_mig_7series_0_2_mig.v:1260]
INFO: [Synth 8-11241] undeclared symbol 'dbg_po_f_inc', assumed default net type 'wire' [c:/Users/C27John.Alves/ECE383/ece383_wksp/ice1/ublaze1/ublaze1.gen/sources_1/bd/design_1/ip/design_1_mig_7series_0_2/design_1_mig_7series_0_2/user_design/rtl/design_1_mig_7series_0_2_mig.v:1264]
INFO: [Synth 8-11241] undeclared symbol 'dbg_po_f_stg23_sel', assumed default net type 'wire' [c:/Users/C27John.Alves/ECE383/ece383_wksp/ice1/ublaze1/ublaze1.gen/sources_1/bd/design_1/ip/design_1_mig_7series_0_2/design_1_mig_7series_0_2/user_design/rtl/design_1_mig_7series_0_2_mig.v:1265]
INFO: [Synth 8-11241] undeclared symbol 'dbg_po_f_dec', assumed default net type 'wire' [c:/Users/C27John.Alves/ECE383/ece383_wksp/ice1/ublaze1/ublaze1.gen/sources_1/bd/design_1/ip/design_1_mig_7series_0_2/design_1_mig_7series_0_2/user_design/rtl/design_1_mig_7series_0_2_mig.v:1266]
INFO: [Synth 8-6157] synthesizing module 'design_1_mig_7series_0_2' [c:/Users/C27John.Alves/ECE383/ece383_wksp/ice1/ublaze1/ublaze1.gen/sources_1/bd/design_1/ip/design_1_mig_7series_0_2/design_1_mig_7series_0_2/user_design/rtl/design_1_mig_7series_0_2.v:69]
INFO: [Synth 8-6157] synthesizing module 'design_1_mig_7series_0_2_mig' [c:/Users/C27John.Alves/ECE383/ece383_wksp/ice1/ublaze1/ublaze1.gen/sources_1/bd/design_1/ip/design_1_mig_7series_0_2/design_1_mig_7series_0_2/user_design/rtl/design_1_mig_7series_0_2_mig.v:74]
INFO: [Synth 8-6157] synthesizing module 'mig_7series_v4_2_tempmon' [c:/Users/C27John.Alves/ECE383/ece383_wksp/ice1/ublaze1/ublaze1.gen/sources_1/bd/design_1/ip/design_1_mig_7series_0_2/design_1_mig_7series_0_2/user_design/rtl/clocking/mig_7series_v4_2_tempmon.v:69]
	Parameter TCQ bound to: 100 - type: integer 
	Parameter TEMP_MON_CONTROL bound to: INTERNAL - type: string 
	Parameter XADC_CLK_PERIOD bound to: 5000 - type: integer 
	Parameter tTEMPSAMPLE bound to: 10000000 - type: integer 
INFO: [Synth 8-6157] synthesizing module 'XADC' [C:/Xilinx_383/Vivado/2024.2/scripts/rt/data/unisim_comp.v:154822]
	Parameter INIT_40 bound to: 16'b0001000000000000 
	Parameter INIT_41 bound to: 16'b0010111111111111 
	Parameter INIT_42 bound to: 16'b0000100000000000 
	Parameter INIT_48 bound to: 16'b0000000100000001 
	Parameter INIT_49 bound to: 16'b0000000000000000 
	Parameter INIT_4A bound to: 16'b0000000100000000 
	Parameter INIT_4B bound to: 16'b0000000000000000 
	Parameter INIT_4C bound to: 16'b0000000000000000 
	Parameter INIT_4D bound to: 16'b0000000000000000 
	Parameter INIT_4E bound to: 16'b0000000000000000 
	Parameter INIT_4F bound to: 16'b0000000000000000 
	Parameter INIT_50 bound to: 16'b1011010111101101 
	Parameter INIT_51 bound to: 16'b0101011111100100 
	Parameter INIT_52 bound to: 16'b1010000101000111 
	Parameter INIT_53 bound to: 16'b1100101000110011 
	Parameter INIT_54 bound to: 16'b1010100100111010 
	Parameter INIT_55 bound to: 16'b0101001011000110 
	Parameter INIT_56 bound to: 16'b1001010101010101 
	Parameter INIT_57 bound to: 16'b1010111001001110 
	Parameter INIT_58 bound to: 16'b0101100110011001 
	Parameter INIT_5C bound to: 16'b0101000100010001 
	Parameter SIM_DEVICE bound to: 7SERIES - type: string 
INFO: [Synth 8-6155] done synthesizing module 'XADC' (0#1) [C:/Xilinx_383/Vivado/2024.2/scripts/rt/data/unisim_comp.v:154822]
INFO: [Synth 8-6155] done synthesizing module 'mig_7series_v4_2_tempmon' (0#1) [c:/Users/C27John.Alves/ECE383/ece383_wksp/ice1/ublaze1/ublaze1.gen/sources_1/bd/design_1/ip/design_1_mig_7series_0_2/design_1_mig_7series_0_2/user_design/rtl/clocking/mig_7series_v4_2_tempmon.v:69]
INFO: [Synth 8-6157] synthesizing module 'mig_7series_v4_2_iodelay_ctrl' [c:/Users/C27John.Alves/ECE383/ece383_wksp/ice1/ublaze1/ublaze1.gen/sources_1/bd/design_1/ip/design_1_mig_7series_0_2/design_1_mig_7series_0_2/user_design/rtl/clocking/mig_7series_v4_2_iodelay_ctrl.v:80]
	Parameter TCQ bound to: 100 - type: integer 
	Parameter IODELAY_GRP0 bound to: DESIGN_1_MIG_7SERIES_0_2_IODELAY_MIG0 - type: string 
	Parameter IODELAY_GRP1 bound to: DESIGN_1_MIG_7SERIES_0_2_IODELAY_MIG1 - type: string 
	Parameter REFCLK_TYPE bound to: NO_BUFFER - type: string 
	Parameter SYSCLK_TYPE bound to: NO_BUFFER - type: string 
	Parameter SYS_RST_PORT bound to: FALSE - type: string 
	Parameter RST_ACT_LOW bound to: 1 - type: integer 
	Parameter DIFF_TERM_REFCLK bound to: TRUE - type: string 
	Parameter FPGA_SPEED_GRADE bound to: 1 - type: integer 
	Parameter REF_CLK_MMCM_IODELAY_CTRL bound to: FALSE - type: string 
INFO: [Synth 8-6157] synthesizing module 'IDELAYCTRL' [C:/Xilinx_383/Vivado/2024.2/scripts/rt/data/unisim_comp.v:77921]
INFO: [Synth 8-6155] done synthesizing module 'IDELAYCTRL' (0#1) [C:/Xilinx_383/Vivado/2024.2/scripts/rt/data/unisim_comp.v:77921]
INFO: [Synth 8-6155] done synthesizing module 'mig_7series_v4_2_iodelay_ctrl' (0#1) [c:/Users/C27John.Alves/ECE383/ece383_wksp/ice1/ublaze1/ublaze1.gen/sources_1/bd/design_1/ip/design_1_mig_7series_0_2/design_1_mig_7series_0_2/user_design/rtl/clocking/mig_7series_v4_2_iodelay_ctrl.v:80]
INFO: [Synth 8-6157] synthesizing module 'mig_7series_v4_2_clk_ibuf' [c:/Users/C27John.Alves/ECE383/ece383_wksp/ice1/ublaze1/ublaze1.gen/sources_1/bd/design_1/ip/design_1_mig_7series_0_2/design_1_mig_7series_0_2/user_design/rtl/clocking/mig_7series_v4_2_clk_ibuf.v:68]
	Parameter SYSCLK_TYPE bound to: NO_BUFFER - type: string 
	Parameter DIFF_TERM_SYSCLK bound to: TRUE - type: string 
INFO: [Synth 8-6155] done synthesizing module 'mig_7series_v4_2_clk_ibuf' (0#1) [c:/Users/C27John.Alves/ECE383/ece383_wksp/ice1/ublaze1/ublaze1.gen/sources_1/bd/design_1/ip/design_1_mig_7series_0_2/design_1_mig_7series_0_2/user_design/rtl/clocking/mig_7series_v4_2_clk_ibuf.v:68]
INFO: [Synth 8-6157] synthesizing module 'mig_7series_v4_2_infrastructure' [c:/Users/C27John.Alves/ECE383/ece383_wksp/ice1/ublaze1/ublaze1.gen/sources_1/bd/design_1/ip/design_1_mig_7series_0_2/design_1_mig_7series_0_2/user_design/rtl/clocking/mig_7series_v4_2_infrastructure.v:78]
	Parameter TCQ bound to: 100 - type: integer 
	Parameter CLKIN_PERIOD bound to: 10000 - type: integer 
	Parameter nCK_PER_CLK bound to: 4 - type: integer 
	Parameter SYSCLK_TYPE bound to: NO_BUFFER - type: string 
	Parameter UI_EXTRA_CLOCKS bound to: TRUE - type: string 
	Parameter CLKFBOUT_MULT bound to: 8 - type: integer 
	Parameter DIVCLK_DIVIDE bound to: 1 - type: integer 
	Parameter CLKOUT0_PHASE bound to: 0.000000 - type: double 
	Parameter CLKOUT0_DIVIDE bound to: 1 - type: integer 
	Parameter CLKOUT1_DIVIDE bound to: 2 - type: integer 
	Parameter CLKOUT2_DIVIDE bound to: 32 - type: integer 
	Parameter CLKOUT3_DIVIDE bound to: 8 - type: integer 
	Parameter MMCM_VCO bound to: 800 - type: integer 
	Parameter MMCM_MULT_F bound to: 8 - type: integer 
	Parameter MMCM_DIVCLK_DIVIDE bound to: 1 - type: integer 
	Parameter MMCM_CLKOUT0_EN bound to: TRUE - type: string 
	Parameter MMCM_CLKOUT1_EN bound to: FALSE - type: string 
	Parameter MMCM_CLKOUT2_EN bound to: FALSE - type: string 
	Parameter MMCM_CLKOUT3_EN bound to: FALSE - type: string 
	Parameter MMCM_CLKOUT4_EN bound to: FALSE - type: string 
	Parameter MMCM_CLKOUT0_DIVIDE bound to: 4 - type: integer 
	Parameter MMCM_CLKOUT1_DIVIDE bound to: 1 - type: integer 
	Parameter MMCM_CLKOUT2_DIVIDE bound to: 1 - type: integer 
	Parameter MMCM_CLKOUT3_DIVIDE bound to: 1 - type: integer 
	Parameter MMCM_CLKOUT4_DIVIDE bound to: 1 - type: integer 
	Parameter RST_ACT_LOW bound to: 1 - type: integer 
	Parameter tCK bound to: 2500 - type: integer 
	Parameter MEM_TYPE bound to: DDR3 - type: string 
INFO: [Synth 8-6157] synthesizing module 'MMCME2_ADV' [C:/Xilinx_383/Vivado/2024.2/scripts/rt/data/unisim_comp.v:84588]
	Parameter BANDWIDTH bound to: HIGH - type: string 
	Parameter CLKFBOUT_MULT_F bound to: 8.000000 - type: double 
	Parameter CLKFBOUT_PHASE bound to: 0.000000 - type: double 
	Parameter CLKFBOUT_USE_FINE_PS bound to: FALSE - type: string 
	Parameter CLKIN1_PERIOD bound to: 10.000000 - type: double 
	Parameter CLKOUT0_DIVIDE_F bound to: 4.000000 - type: double 
	Parameter CLKOUT0_DUTY_CYCLE bound to: 0.500000 - type: double 
	Parameter CLKOUT0_PHASE bound to: 0.000000 - type: double 
	Parameter CLKOUT0_USE_FINE_PS bound to: FALSE - type: string 
	Parameter CLKOUT1_DIVIDE bound to: 8 - type: integer 
	Parameter CLKOUT1_DUTY_CYCLE bound to: 0.500000 - type: double 
	Parameter CLKOUT1_PHASE bound to: 0.000000 - type: double 
	Parameter CLKOUT1_USE_FINE_PS bound to: FALSE - type: string 
	Parameter CLKOUT2_DIVIDE bound to: 8 - type: integer 
	Parameter CLKOUT2_DUTY_CYCLE bound to: 0.500000 - type: double 
	Parameter CLKOUT2_PHASE bound to: 0.000000 - type: double 
	Parameter CLKOUT2_USE_FINE_PS bound to: FALSE - type: string 
	Parameter CLKOUT3_DIVIDE bound to: 8 - type: integer 
	Parameter CLKOUT3_DUTY_CYCLE bound to: 0.500000 - type: double 
	Parameter CLKOUT3_PHASE bound to: 0.000000 - type: double 
	Parameter CLKOUT3_USE_FINE_PS bound to: FALSE - type: string 
	Parameter CLKOUT4_CASCADE bound to: FALSE - type: string 
	Parameter CLKOUT4_DIVIDE bound to: 8 - type: integer 
	Parameter CLKOUT4_DUTY_CYCLE bound to: 0.500000 - type: double 
	Parameter CLKOUT4_PHASE bound to: 0.000000 - type: double 
	Parameter CLKOUT4_USE_FINE_PS bound to: FALSE - type: string 
	Parameter CLKOUT5_DIVIDE bound to: 16 - type: integer 
	Parameter CLKOUT5_DUTY_CYCLE bound to: 0.500000 - type: double 
	Parameter CLKOUT5_PHASE bound to: 0.000000 - type: double 
	Parameter CLKOUT5_USE_FINE_PS bound to: TRUE - type: string 
	Parameter CLKOUT6_DIVIDE bound to: 4 - type: integer 
	Parameter CLKOUT6_DUTY_CYCLE bound to: 0.500000 - type: double 
	Parameter CLKOUT6_PHASE bound to: 0.000000 - type: double 
	Parameter CLKOUT6_USE_FINE_PS bound to: FALSE - type: string 
	Parameter COMPENSATION bound to: BUF_IN - type: string 
	Parameter DIVCLK_DIVIDE bound to: 1 - type: integer 
	Parameter REF_JITTER1 bound to: 0.000000 - type: double 
	Parameter STARTUP_WAIT bound to: FALSE - type: string 
INFO: [Synth 8-6155] done synthesizing module 'MMCME2_ADV' (0#1) [C:/Xilinx_383/Vivado/2024.2/scripts/rt/data/unisim_comp.v:84588]
INFO: [Synth 8-6157] synthesizing module 'BUFG' [C:/Xilinx_383/Vivado/2024.2/scripts/rt/data/unisim_comp.v:2676]
INFO: [Synth 8-6155] done synthesizing module 'BUFG' (0#1) [C:/Xilinx_383/Vivado/2024.2/scripts/rt/data/unisim_comp.v:2676]
INFO: [Synth 8-6157] synthesizing module 'PLLE2_ADV' [C:/Xilinx_383/Vivado/2024.2/scripts/rt/data/unisim_comp.v:117720]
	Parameter BANDWIDTH bound to: OPTIMIZED - type: string 
	Parameter CLKFBOUT_MULT bound to: 8 - type: integer 
	Parameter CLKFBOUT_PHASE bound to: 0.000000 - type: double 
	Parameter CLKIN1_PERIOD bound to: 10.000000 - type: double 
	Parameter CLKOUT0_DIVIDE bound to: 1 - type: integer 
	Parameter CLKOUT0_DUTY_CYCLE bound to: 0.500000 - type: double 
	Parameter CLKOUT0_PHASE bound to: 0.000000 - type: double 
	Parameter CLKOUT1_DIVIDE bound to: 2 - type: integer 
	Parameter CLKOUT1_DUTY_CYCLE bound to: 0.500000 - type: double 
	Parameter CLKOUT1_PHASE bound to: 0.000000 - type: double 
	Parameter CLKOUT2_DIVIDE bound to: 32 - type: integer 
	Parameter CLKOUT2_DUTY_CYCLE bound to: 0.062500 - type: double 
	Parameter CLKOUT2_PHASE bound to: 9.843750 - type: double 
	Parameter CLKOUT3_DIVIDE bound to: 8 - type: integer 
	Parameter CLKOUT3_DUTY_CYCLE bound to: 0.500000 - type: double 
	Parameter CLKOUT3_PHASE bound to: 0.000000 - type: double 
	Parameter CLKOUT4_DIVIDE bound to: 4 - type: integer 
	Parameter CLKOUT4_DUTY_CYCLE bound to: 0.500000 - type: double 
	Parameter CLKOUT4_PHASE bound to: 168.750000 - type: double 
	Parameter CLKOUT5_DUTY_CYCLE bound to: 0.500000 - type: double 
	Parameter CLKOUT5_PHASE bound to: 0.000000 - type: double 
	Parameter COMPENSATION bound to: INTERNAL - type: string 
	Parameter DIVCLK_DIVIDE bound to: 1 - type: integer 
	Parameter REF_JITTER1 bound to: 0.010000 - type: double 
	Parameter REF_JITTER2 bound to: 0.010000 - type: double 
	Parameter STARTUP_WAIT bound to: FALSE - type: string 
INFO: [Synth 8-6155] done synthesizing module 'PLLE2_ADV' (0#1) [C:/Xilinx_383/Vivado/2024.2/scripts/rt/data/unisim_comp.v:117720]
INFO: [Synth 8-6157] synthesizing module 'BUFH' [C:/Xilinx_383/Vivado/2024.2/scripts/rt/data/unisim_comp.v:2924]
INFO: [Synth 8-6155] done synthesizing module 'BUFH' (0#1) [C:/Xilinx_383/Vivado/2024.2/scripts/rt/data/unisim_comp.v:2924]
INFO: [Synth 8-6155] done synthesizing module 'mig_7series_v4_2_infrastructure' (0#1) [c:/Users/C27John.Alves/ECE383/ece383_wksp/ice1/ublaze1/ublaze1.gen/sources_1/bd/design_1/ip/design_1_mig_7series_0_2/design_1_mig_7series_0_2/user_design/rtl/clocking/mig_7series_v4_2_infrastructure.v:78]
INFO: [Synth 8-6157] synthesizing module 'mig_7series_v4_2_memc_ui_top_axi' [c:/Users/C27John.Alves/ECE383/ece383_wksp/ice1/ublaze1/ublaze1.gen/sources_1/bd/design_1/ip/design_1_mig_7series_0_2/design_1_mig_7series_0_2/user_design/rtl/ip_top/mig_7series_v4_2_memc_ui_top_axi.v:70]
	Parameter TCQ bound to: 100 - type: integer 
	Parameter DDR3_VDD_OP_VOLT bound to: 150 - type: string 
	Parameter PAYLOAD_WIDTH bound to: 16 - type: integer 
	Parameter ADDR_CMD_MODE bound to: 1T - type: string 
	Parameter AL bound to: 0 - type: string 
	Parameter BANK_WIDTH bound to: 3 - type: integer 
	Parameter BM_CNT_WIDTH bound to: 2 - type: integer 
	Parameter BURST_MODE bound to: 8 - type: string 
	Parameter BURST_TYPE bound to: SEQ - type: string 
	Parameter CA_MIRROR bound to: OFF - type: string 
	Parameter CK_WIDTH bound to: 1 - type: integer 
	Parameter CL bound to: 6 - type: integer 
	Parameter COL_WIDTH bound to: 10 - type: integer 
	Parameter CMD_PIPE_PLUS1 bound to: ON - type: string 
	Parameter CS_WIDTH bound to: 1 - type: integer 
	Parameter CKE_WIDTH bound to: 1 - type: integer 
	Parameter CWL bound to: 5 - type: integer 
	Parameter DATA_WIDTH bound to: 16 - type: integer 
	Parameter DATA_BUF_ADDR_WIDTH bound to: 5 - type: integer 
	Parameter DM_WIDTH bound to: 2 - type: integer 
	Parameter DQ_CNT_WIDTH bound to: 4 - type: integer 
	Parameter DQ_WIDTH bound to: 16 - type: integer 
	Parameter DQS_CNT_WIDTH bound to: 1 - type: integer 
	Parameter DQS_WIDTH bound to: 2 - type: integer 
	Parameter DRAM_TYPE bound to: DDR3 - type: string 
	Parameter DRAM_WIDTH bound to: 8 - type: integer 
	Parameter ECC bound to: OFF - type: string 
	Parameter ECC_WIDTH bound to: 0 - type: integer 
	Parameter ECC_TEST bound to: OFF - type: string 
	Parameter MC_ERR_ADDR_WIDTH bound to: 29 - type: integer 
	Parameter MASTER_PHY_CTL bound to: 0 - type: integer 
	Parameter nAL bound to: 0 - type: integer 
	Parameter nBANK_MACHS bound to: 4 - type: integer 
	Parameter nCK_PER_CLK bound to: 4 - type: integer 
	Parameter nCS_PER_RANK bound to: 1 - type: integer 
	Parameter ORDERING bound to: NORM - type: string 
	Parameter IBUF_LPWR_MODE bound to: OFF - type: string 
	Parameter BANK_TYPE bound to: HR_IO - type: string 
	Parameter DATA_IO_PRIM_TYPE bound to: HR_LP - type: string 
	Parameter DATA_IO_IDLE_PWRDWN bound to: ON - type: string 
	Parameter IODELAY_GRP0 bound to: DESIGN_1_MIG_7SERIES_0_2_IODELAY_MIG0 - type: string 
	Parameter IODELAY_GRP1 bound to: DESIGN_1_MIG_7SERIES_0_2_IODELAY_MIG1 - type: string 
	Parameter FPGA_SPEED_GRADE bound to: 1 - type: integer 
	Parameter OUTPUT_DRV bound to: HIGH - type: string 
	Parameter REG_CTRL bound to: OFF - type: string 
	Parameter RTT_NOM bound to: 40 - type: string 
	Parameter RTT_WR bound to: OFF - type: string 
	Parameter STARVE_LIMIT bound to: 2 - type: integer 
	Parameter tCK bound to: 2500 - type: integer 
	Parameter tCKE bound to: 5000 - type: integer 
	Parameter tFAW bound to: 40000 - type: integer 
	Parameter tPRDI bound to: 1000000 - type: integer 
	Parameter tRAS bound to: 35000 - type: integer 
	Parameter tRCD bound to: 13750 - type: integer 
	Parameter tREFI bound to: 7800000 - type: integer 
	Parameter tRFC bound to: 260000 - type: integer 
	Parameter tRP bound to: 13750 - type: integer 
	Parameter tRRD bound to: 7500 - type: integer 
	Parameter tRTP bound to: 7500 - type: integer 
	Parameter tWTR bound to: 7500 - type: integer 
	Parameter tZQI bound to: 128000000 - type: integer 
	Parameter tZQCS bound to: 64 - type: integer 
	Parameter USER_REFRESH bound to: OFF - type: string 
	Parameter TEMP_MON_EN bound to: ON - type: string 
	Parameter WRLVL bound to: ON - type: string 
	Parameter DEBUG_PORT bound to: OFF - type: string 
	Parameter CAL_WIDTH bound to: HALF - type: string 
	Parameter RANK_WIDTH bound to: 1 - type: integer 
	Parameter RANKS bound to: 1 - type: integer 
	Parameter ODT_WIDTH bound to: 1 - type: integer 
	Parameter ROW_WIDTH bound to: 15 - type: integer 
	Parameter ADDR_WIDTH bound to: 29 - type: integer 
	Parameter APP_MASK_WIDTH bound to: 16 - type: integer 
	Parameter APP_DATA_WIDTH bound to: 128 - type: integer 
	Parameter BYTE_LANES_B0 bound to: 4'b1111 
	Parameter BYTE_LANES_B1 bound to: 4'b0000 
	Parameter BYTE_LANES_B2 bound to: 4'b0000 
	Parameter BYTE_LANES_B3 bound to: 4'b0000 
	Parameter BYTE_LANES_B4 bound to: 4'b0000 
	Parameter DATA_CTL_B0 bound to: 4'b1100 
	Parameter DATA_CTL_B1 bound to: 4'b0000 
	Parameter DATA_CTL_B2 bound to: 4'b0000 
	Parameter DATA_CTL_B3 bound to: 4'b0000 
	Parameter DATA_CTL_B4 bound to: 4'b0000 
	Parameter PHY_0_BITLANES bound to: 48'b001111110111001111111110111111111111101111111111 
	Parameter PHY_1_BITLANES bound to: 48'b000000000000000000000000000000000000000000000000 
	Parameter PHY_2_BITLANES bound to: 48'b000000000000000000000000000000000000000000000000 
	Parameter CK_BYTE_MAP bound to: 144'b000000000000000000000000000000000000000000000000000000000000000000000000000000000000000000000000000000000000000000000000000000000000000000000000 
	Parameter ADDR_MAP bound to: 192'b000000000000000000000001000000000101000000001001000000000000000000010001000000000111000000000011000000000100000000001000000000000110000000001011000000011011000000010101000000000010000000010100 
	Parameter BANK_MAP bound to: 36'b000000010000000000010011000000010111 
	Parameter CAS_MAP bound to: 12'b000000010110 
	Parameter CKE_ODT_BYTE_MAP bound to: 8'b00000000 
	Parameter CKE_MAP bound to: 96'b000000000000000000000000000000000000000000000000000000000000000000000000000000000000000000010010 
	Parameter ODT_MAP bound to: 96'b000000000000000000000000000000000000000000000000000000000000000000000000000000000000000000011001 
	Parameter CKE_ODT_AUX bound to: FALSE - type: string 
	Parameter CS_MAP bound to: 120'b000000000000000000000000000000000000000000000000000000000000000000000000000000000000000000000000000000000000000000000000 
	Parameter PARITY_MAP bound to: 12'b000000000000 
	Parameter RAS_MAP bound to: 12'b000000011000 
	Parameter WE_MAP bound to: 12'b000000011010 
	Parameter DQS_BYTE_MAP bound to: 144'b000000000000000000000000000000000000000000000000000000000000000000000000000000000000000000000000000000000000000000000000000000000000001100000010 
	Parameter DATA0_MAP bound to: 96'b000000100101000000100111000000100011000000101001000000101000000000100100000000100001000000100110 
	Parameter DATA1_MAP bound to: 96'b000000111001000000110101000000111000000000110111000000110100000000110001000000110110000000110000 
	Parameter DATA2_MAP bound to: 96'b000000000000000000000000000000000000000000000000000000000000000000000000000000000000000000000000 
	Parameter DATA3_MAP bound to: 96'b000000000000000000000000000000000000000000000000000000000000000000000000000000000000000000000000 
	Parameter DATA4_MAP bound to: 96'b000000000000000000000000000000000000000000000000000000000000000000000000000000000000000000000000 
	Parameter DATA5_MAP bound to: 96'b000000000000000000000000000000000000000000000000000000000000000000000000000000000000000000000000 
	Parameter DATA6_MAP bound to: 96'b000000000000000000000000000000000000000000000000000000000000000000000000000000000000000000000000 
	Parameter DATA7_MAP bound to: 96'b000000000000000000000000000000000000000000000000000000000000000000000000000000000000000000000000 
	Parameter DATA8_MAP bound to: 96'b000000000000000000000000000000000000000000000000000000000000000000000000000000000000000000000000 
	Parameter DATA9_MAP bound to: 96'b000000000000000000000000000000000000000000000000000000000000000000000000000000000000000000000000 
	Parameter DATA10_MAP bound to: 96'b000000000000000000000000000000000000000000000000000000000000000000000000000000000000000000000000 
	Parameter DATA11_MAP bound to: 96'b000000000000000000000000000000000000000000000000000000000000000000000000000000000000000000000000 
	Parameter DATA12_MAP bound to: 96'b000000000000000000000000000000000000000000000000000000000000000000000000000000000000000000000000 
	Parameter DATA13_MAP bound to: 96'b000000000000000000000000000000000000000000000000000000000000000000000000000000000000000000000000 
	Parameter DATA14_MAP bound to: 96'b000000000000000000000000000000000000000000000000000000000000000000000000000000000000000000000000 
	Parameter DATA15_MAP bound to: 96'b000000000000000000000000000000000000000000000000000000000000000000000000000000000000000000000000 
	Parameter DATA16_MAP bound to: 96'b000000000000000000000000000000000000000000000000000000000000000000000000000000000000000000000000 
	Parameter DATA17_MAP bound to: 96'b000000000000000000000000000000000000000000000000000000000000000000000000000000000000000000000000 
	Parameter MASK0_MAP bound to: 108'b000000000000000000000000000000000000000000000000000000000000000000000000000000000000000000110010000000100010 
	Parameter MASK1_MAP bound to: 108'b000000000000000000000000000000000000000000000000000000000000000000000000000000000000000000000000000000000000 
	Parameter SLOT_0_CONFIG bound to: 8'b00000001 
	Parameter SLOT_1_CONFIG bound to: 8'b00000000 
	Parameter MEM_ADDR_ORDER bound to: BANK_ROW_COLUMN - type: string 
	Parameter CALIB_ROW_ADD bound to: 16'b0000000000000000 
	Parameter CALIB_COL_ADD bound to: 12'b000000000000 
	Parameter CALIB_BA_ADD bound to: 3'b000 
	Parameter SIM_BYPASS_INIT_CAL bound to: OFF - type: string 
	Parameter REFCLK_FREQ bound to: 200.000000 - type: double 
	Parameter USE_CS_PORT bound to: 0 - type: integer 
	Parameter USE_DM_PORT bound to: 1 - type: integer 
	Parameter USE_ODT_PORT bound to: 1 - type: integer 
	Parameter IDELAY_ADJ bound to: OFF - type: string 
	Parameter FINE_PER_BIT bound to: OFF - type: string 
	Parameter CENTER_COMP_MODE bound to: OFF - type: string 
	Parameter PI_VAL_ADJ bound to: OFF - type: string 
	Parameter SKIP_CALIB bound to: FALSE - type: string 
	Parameter TAPSPERKCLK bound to: 112 - type: integer 
	Parameter C_S_AXI_ID_WIDTH bound to: 2 - type: integer 
	Parameter C_S_AXI_ADDR_WIDTH bound to: 29 - type: integer 
	Parameter C_S_AXI_DATA_WIDTH bound to: 32 - type: integer 
	Parameter C_S_AXI_SUPPORTS_NARROW_BURST bound to: 0 - type: integer 
	Parameter C_RD_WR_ARB_ALGORITHM bound to: RD_PRI_REG - type: string 
	Parameter C_S_AXI_REG_EN0 bound to: 20'b00000000000000000000 
	Parameter C_S_AXI_REG_EN1 bound to: 20'b00000000000000000000 
	Parameter C_S_AXI_CTRL_ADDR_WIDTH bound to: 32 - type: integer 
	Parameter C_S_AXI_CTRL_DATA_WIDTH bound to: 32 - type: integer 
	Parameter C_S_AXI_BASEADDR bound to: 0 - type: integer 
	Parameter C_ECC_ONOFF_RESET_VALUE bound to: 1 - type: integer 
	Parameter C_ECC_CE_COUNTER_WIDTH bound to: 8 - type: integer 
	Parameter FPGA_VOLT_TYPE bound to: N - type: string 
INFO: [Synth 8-6157] synthesizing module 'mig_7series_v4_2_mem_intfc' [c:/Users/C27John.Alves/ECE383/ece383_wksp/ice1/ublaze1/ublaze1.gen/sources_1/bd/design_1/ip/design_1_mig_7series_0_2/design_1_mig_7series_0_2/user_design/rtl/ip_top/mig_7series_v4_2_mem_intfc.v:69]
INFO: [Synth 8-6157] synthesizing module 'mig_7series_v4_2_mc' [c:/Users/C27John.Alves/ECE383/ece383_wksp/ice1/ublaze1/ublaze1.gen/sources_1/bd/design_1/ip/design_1_mig_7series_0_2/design_1_mig_7series_0_2/user_design/rtl/controller/mig_7series_v4_2_mc.v:73]
INFO: [Synth 8-6157] synthesizing module 'mig_7series_v4_2_rank_mach' [c:/Users/C27John.Alves/ECE383/ece383_wksp/ice1/ublaze1/ublaze1.gen/sources_1/bd/design_1/ip/design_1_mig_7series_0_2/design_1_mig_7series_0_2/user_design/rtl/controller/mig_7series_v4_2_rank_mach.v:71]
INFO: [Synth 8-6157] synthesizing module 'mig_7series_v4_2_rank_cntrl' [c:/Users/C27John.Alves/ECE383/ece383_wksp/ice1/ublaze1/ublaze1.gen/sources_1/bd/design_1/ip/design_1_mig_7series_0_2/design_1_mig_7series_0_2/user_design/rtl/controller/mig_7series_v4_2_rank_cntrl.v:79]
INFO: [Synth 8-6157] synthesizing module 'SRLC32E' [C:/Xilinx_383/Vivado/2024.2/scripts/rt/data/unisim_comp.v:149195]
INFO: [Synth 8-6155] done synthesizing module 'SRLC32E' (0#1) [C:/Xilinx_383/Vivado/2024.2/scripts/rt/data/unisim_comp.v:149195]
WARNING: [Synth 8-567] referenced signal 'periodic_rd_generation.periodic_rd_timer_one' should be on the sensitivity list [c:/Users/C27John.Alves/ECE383/ece383_wksp/ice1/ublaze1/ublaze1.gen/sources_1/bd/design_1/ip/design_1_mig_7series_0_2/design_1_mig_7series_0_2/user_design/rtl/controller/mig_7series_v4_2_rank_cntrl.v:509]
INFO: [Synth 8-6155] done synthesizing module 'mig_7series_v4_2_rank_cntrl' (0#1) [c:/Users/C27John.Alves/ECE383/ece383_wksp/ice1/ublaze1/ublaze1.gen/sources_1/bd/design_1/ip/design_1_mig_7series_0_2/design_1_mig_7series_0_2/user_design/rtl/controller/mig_7series_v4_2_rank_cntrl.v:79]
INFO: [Synth 8-6157] synthesizing module 'mig_7series_v4_2_rank_common' [c:/Users/C27John.Alves/ECE383/ece383_wksp/ice1/ublaze1/ublaze1.gen/sources_1/bd/design_1/ip/design_1_mig_7series_0_2/design_1_mig_7series_0_2/user_design/rtl/controller/mig_7series_v4_2_rank_common.v:72]
WARNING: [Synth 8-567] referenced signal 'zq_cntrl.zq_tick' should be on the sensitivity list [c:/Users/C27John.Alves/ECE383/ece383_wksp/ice1/ublaze1/ublaze1.gen/sources_1/bd/design_1/ip/design_1_mig_7series_0_2/design_1_mig_7series_0_2/user_design/rtl/controller/mig_7series_v4_2_rank_common.v:172]
INFO: [Synth 8-6157] synthesizing module 'mig_7series_v4_2_round_robin_arb' [c:/Users/C27John.Alves/ECE383/ece383_wksp/ice1/ublaze1/ublaze1.gen/sources_1/bd/design_1/ip/design_1_mig_7series_0_2/design_1_mig_7series_0_2/user_design/rtl/controller/mig_7series_v4_2_round_robin_arb.v:121]
INFO: [Synth 8-6155] done synthesizing module 'mig_7series_v4_2_round_robin_arb' (0#1) [c:/Users/C27John.Alves/ECE383/ece383_wksp/ice1/ublaze1/ublaze1.gen/sources_1/bd/design_1/ip/design_1_mig_7series_0_2/design_1_mig_7series_0_2/user_design/rtl/controller/mig_7series_v4_2_round_robin_arb.v:121]
INFO: [Synth 8-6157] synthesizing module 'mig_7series_v4_2_round_robin_arb__parameterized0' [c:/Users/C27John.Alves/ECE383/ece383_wksp/ice1/ublaze1/ublaze1.gen/sources_1/bd/design_1/ip/design_1_mig_7series_0_2/design_1_mig_7series_0_2/user_design/rtl/controller/mig_7series_v4_2_round_robin_arb.v:121]
INFO: [Synth 8-6155] done synthesizing module 'mig_7series_v4_2_round_robin_arb__parameterized0' (0#1) [c:/Users/C27John.Alves/ECE383/ece383_wksp/ice1/ublaze1/ublaze1.gen/sources_1/bd/design_1/ip/design_1_mig_7series_0_2/design_1_mig_7series_0_2/user_design/rtl/controller/mig_7series_v4_2_round_robin_arb.v:121]
INFO: [Synth 8-6155] done synthesizing module 'mig_7series_v4_2_rank_common' (0#1) [c:/Users/C27John.Alves/ECE383/ece383_wksp/ice1/ublaze1/ublaze1.gen/sources_1/bd/design_1/ip/design_1_mig_7series_0_2/design_1_mig_7series_0_2/user_design/rtl/controller/mig_7series_v4_2_rank_common.v:72]
INFO: [Synth 8-6155] done synthesizing module 'mig_7series_v4_2_rank_mach' (0#1) [c:/Users/C27John.Alves/ECE383/ece383_wksp/ice1/ublaze1/ublaze1.gen/sources_1/bd/design_1/ip/design_1_mig_7series_0_2/design_1_mig_7series_0_2/user_design/rtl/controller/mig_7series_v4_2_rank_mach.v:71]
INFO: [Synth 8-6157] synthesizing module 'mig_7series_v4_2_bank_mach' [c:/Users/C27John.Alves/ECE383/ece383_wksp/ice1/ublaze1/ublaze1.gen/sources_1/bd/design_1/ip/design_1_mig_7series_0_2/design_1_mig_7series_0_2/user_design/rtl/controller/mig_7series_v4_2_bank_mach.v:72]
INFO: [Synth 8-6157] synthesizing module 'mig_7series_v4_2_bank_cntrl' [c:/Users/C27John.Alves/ECE383/ece383_wksp/ice1/ublaze1/ublaze1.gen/sources_1/bd/design_1/ip/design_1_mig_7series_0_2/design_1_mig_7series_0_2/user_design/rtl/controller/mig_7series_v4_2_bank_cntrl.v:70]
INFO: [Synth 8-6157] synthesizing module 'mig_7series_v4_2_bank_compare' [c:/Users/C27John.Alves/ECE383/ece383_wksp/ice1/ublaze1/ublaze1.gen/sources_1/bd/design_1/ip/design_1_mig_7series_0_2/design_1_mig_7series_0_2/user_design/rtl/controller/mig_7series_v4_2_bank_compare.v:74]
INFO: [Synth 8-6155] done synthesizing module 'mig_7series_v4_2_bank_compare' (0#1) [c:/Users/C27John.Alves/ECE383/ece383_wksp/ice1/ublaze1/ublaze1.gen/sources_1/bd/design_1/ip/design_1_mig_7series_0_2/design_1_mig_7series_0_2/user_design/rtl/controller/mig_7series_v4_2_bank_compare.v:74]
INFO: [Synth 8-6157] synthesizing module 'mig_7series_v4_2_bank_state' [c:/Users/C27John.Alves/ECE383/ece383_wksp/ice1/ublaze1/ublaze1.gen/sources_1/bd/design_1/ip/design_1_mig_7series_0_2/design_1_mig_7series_0_2/user_design/rtl/controller/mig_7series_v4_2_bank_state.v:141]
INFO: [Synth 8-6155] done synthesizing module 'mig_7series_v4_2_bank_state' (0#1) [c:/Users/C27John.Alves/ECE383/ece383_wksp/ice1/ublaze1/ublaze1.gen/sources_1/bd/design_1/ip/design_1_mig_7series_0_2/design_1_mig_7series_0_2/user_design/rtl/controller/mig_7series_v4_2_bank_state.v:141]
INFO: [Synth 8-6157] synthesizing module 'mig_7series_v4_2_bank_queue' [c:/Users/C27John.Alves/ECE383/ece383_wksp/ice1/ublaze1/ublaze1.gen/sources_1/bd/design_1/ip/design_1_mig_7series_0_2/design_1_mig_7series_0_2/user_design/rtl/controller/mig_7series_v4_2_bank_queue.v:174]
INFO: [Synth 8-6155] done synthesizing module 'mig_7series_v4_2_bank_queue' (0#1) [c:/Users/C27John.Alves/ECE383/ece383_wksp/ice1/ublaze1/ublaze1.gen/sources_1/bd/design_1/ip/design_1_mig_7series_0_2/design_1_mig_7series_0_2/user_design/rtl/controller/mig_7series_v4_2_bank_queue.v:174]
INFO: [Synth 8-6155] done synthesizing module 'mig_7series_v4_2_bank_cntrl' (0#1) [c:/Users/C27John.Alves/ECE383/ece383_wksp/ice1/ublaze1/ublaze1.gen/sources_1/bd/design_1/ip/design_1_mig_7series_0_2/design_1_mig_7series_0_2/user_design/rtl/controller/mig_7series_v4_2_bank_cntrl.v:70]
INFO: [Synth 8-6157] synthesizing module 'mig_7series_v4_2_bank_cntrl__parameterized0' [c:/Users/C27John.Alves/ECE383/ece383_wksp/ice1/ublaze1/ublaze1.gen/sources_1/bd/design_1/ip/design_1_mig_7series_0_2/design_1_mig_7series_0_2/user_design/rtl/controller/mig_7series_v4_2_bank_cntrl.v:70]
INFO: [Synth 8-6157] synthesizing module 'mig_7series_v4_2_bank_state__parameterized0' [c:/Users/C27John.Alves/ECE383/ece383_wksp/ice1/ublaze1/ublaze1.gen/sources_1/bd/design_1/ip/design_1_mig_7series_0_2/design_1_mig_7series_0_2/user_design/rtl/controller/mig_7series_v4_2_bank_state.v:141]
INFO: [Synth 8-6155] done synthesizing module 'mig_7series_v4_2_bank_state__parameterized0' (0#1) [c:/Users/C27John.Alves/ECE383/ece383_wksp/ice1/ublaze1/ublaze1.gen/sources_1/bd/design_1/ip/design_1_mig_7series_0_2/design_1_mig_7series_0_2/user_design/rtl/controller/mig_7series_v4_2_bank_state.v:141]
INFO: [Synth 8-6157] synthesizing module 'mig_7series_v4_2_bank_queue__parameterized0' [c:/Users/C27John.Alves/ECE383/ece383_wksp/ice1/ublaze1/ublaze1.gen/sources_1/bd/design_1/ip/design_1_mig_7series_0_2/design_1_mig_7series_0_2/user_design/rtl/controller/mig_7series_v4_2_bank_queue.v:174]
INFO: [Synth 8-6155] done synthesizing module 'mig_7series_v4_2_bank_queue__parameterized0' (0#1) [c:/Users/C27John.Alves/ECE383/ece383_wksp/ice1/ublaze1/ublaze1.gen/sources_1/bd/design_1/ip/design_1_mig_7series_0_2/design_1_mig_7series_0_2/user_design/rtl/controller/mig_7series_v4_2_bank_queue.v:174]
INFO: [Synth 8-6155] done synthesizing module 'mig_7series_v4_2_bank_cntrl__parameterized0' (0#1) [c:/Users/C27John.Alves/ECE383/ece383_wksp/ice1/ublaze1/ublaze1.gen/sources_1/bd/design_1/ip/design_1_mig_7series_0_2/design_1_mig_7series_0_2/user_design/rtl/controller/mig_7series_v4_2_bank_cntrl.v:70]
INFO: [Synth 8-6157] synthesizing module 'mig_7series_v4_2_bank_cntrl__parameterized1' [c:/Users/C27John.Alves/ECE383/ece383_wksp/ice1/ublaze1/ublaze1.gen/sources_1/bd/design_1/ip/design_1_mig_7series_0_2/design_1_mig_7series_0_2/user_design/rtl/controller/mig_7series_v4_2_bank_cntrl.v:70]
INFO: [Synth 8-6157] synthesizing module 'mig_7series_v4_2_bank_state__parameterized1' [c:/Users/C27John.Alves/ECE383/ece383_wksp/ice1/ublaze1/ublaze1.gen/sources_1/bd/design_1/ip/design_1_mig_7series_0_2/design_1_mig_7series_0_2/user_design/rtl/controller/mig_7series_v4_2_bank_state.v:141]
INFO: [Synth 8-6155] done synthesizing module 'mig_7series_v4_2_bank_state__parameterized1' (0#1) [c:/Users/C27John.Alves/ECE383/ece383_wksp/ice1/ublaze1/ublaze1.gen/sources_1/bd/design_1/ip/design_1_mig_7series_0_2/design_1_mig_7series_0_2/user_design/rtl/controller/mig_7series_v4_2_bank_state.v:141]
INFO: [Synth 8-6157] synthesizing module 'mig_7series_v4_2_bank_queue__parameterized1' [c:/Users/C27John.Alves/ECE383/ece383_wksp/ice1/ublaze1/ublaze1.gen/sources_1/bd/design_1/ip/design_1_mig_7series_0_2/design_1_mig_7series_0_2/user_design/rtl/controller/mig_7series_v4_2_bank_queue.v:174]
INFO: [Synth 8-6155] done synthesizing module 'mig_7series_v4_2_bank_queue__parameterized1' (0#1) [c:/Users/C27John.Alves/ECE383/ece383_wksp/ice1/ublaze1/ublaze1.gen/sources_1/bd/design_1/ip/design_1_mig_7series_0_2/design_1_mig_7series_0_2/user_design/rtl/controller/mig_7series_v4_2_bank_queue.v:174]
INFO: [Synth 8-6155] done synthesizing module 'mig_7series_v4_2_bank_cntrl__parameterized1' (0#1) [c:/Users/C27John.Alves/ECE383/ece383_wksp/ice1/ublaze1/ublaze1.gen/sources_1/bd/design_1/ip/design_1_mig_7series_0_2/design_1_mig_7series_0_2/user_design/rtl/controller/mig_7series_v4_2_bank_cntrl.v:70]
INFO: [Synth 8-6157] synthesizing module 'mig_7series_v4_2_bank_cntrl__parameterized2' [c:/Users/C27John.Alves/ECE383/ece383_wksp/ice1/ublaze1/ublaze1.gen/sources_1/bd/design_1/ip/design_1_mig_7series_0_2/design_1_mig_7series_0_2/user_design/rtl/controller/mig_7series_v4_2_bank_cntrl.v:70]
INFO: [Synth 8-6157] synthesizing module 'mig_7series_v4_2_bank_state__parameterized2' [c:/Users/C27John.Alves/ECE383/ece383_wksp/ice1/ublaze1/ublaze1.gen/sources_1/bd/design_1/ip/design_1_mig_7series_0_2/design_1_mig_7series_0_2/user_design/rtl/controller/mig_7series_v4_2_bank_state.v:141]
INFO: [Synth 8-6155] done synthesizing module 'mig_7series_v4_2_bank_state__parameterized2' (0#1) [c:/Users/C27John.Alves/ECE383/ece383_wksp/ice1/ublaze1/ublaze1.gen/sources_1/bd/design_1/ip/design_1_mig_7series_0_2/design_1_mig_7series_0_2/user_design/rtl/controller/mig_7series_v4_2_bank_state.v:141]
INFO: [Synth 8-6157] synthesizing module 'mig_7series_v4_2_bank_queue__parameterized2' [c:/Users/C27John.Alves/ECE383/ece383_wksp/ice1/ublaze1/ublaze1.gen/sources_1/bd/design_1/ip/design_1_mig_7series_0_2/design_1_mig_7series_0_2/user_design/rtl/controller/mig_7series_v4_2_bank_queue.v:174]
INFO: [Synth 8-6155] done synthesizing module 'mig_7series_v4_2_bank_queue__parameterized2' (0#1) [c:/Users/C27John.Alves/ECE383/ece383_wksp/ice1/ublaze1/ublaze1.gen/sources_1/bd/design_1/ip/design_1_mig_7series_0_2/design_1_mig_7series_0_2/user_design/rtl/controller/mig_7series_v4_2_bank_queue.v:174]
INFO: [Synth 8-6155] done synthesizing module 'mig_7series_v4_2_bank_cntrl__parameterized2' (0#1) [c:/Users/C27John.Alves/ECE383/ece383_wksp/ice1/ublaze1/ublaze1.gen/sources_1/bd/design_1/ip/design_1_mig_7series_0_2/design_1_mig_7series_0_2/user_design/rtl/controller/mig_7series_v4_2_bank_cntrl.v:70]
INFO: [Synth 8-6157] synthesizing module 'mig_7series_v4_2_bank_common' [c:/Users/C27John.Alves/ECE383/ece383_wksp/ice1/ublaze1/ublaze1.gen/sources_1/bd/design_1/ip/design_1_mig_7series_0_2/design_1_mig_7series_0_2/user_design/rtl/controller/mig_7series_v4_2_bank_common.v:73]
INFO: [Synth 8-6155] done synthesizing module 'mig_7series_v4_2_bank_common' (0#1) [c:/Users/C27John.Alves/ECE383/ece383_wksp/ice1/ublaze1/ublaze1.gen/sources_1/bd/design_1/ip/design_1_mig_7series_0_2/design_1_mig_7series_0_2/user_design/rtl/controller/mig_7series_v4_2_bank_common.v:73]
INFO: [Synth 8-6157] synthesizing module 'mig_7series_v4_2_arb_mux' [c:/Users/C27John.Alves/ECE383/ece383_wksp/ice1/ublaze1/ublaze1.gen/sources_1/bd/design_1/ip/design_1_mig_7series_0_2/design_1_mig_7series_0_2/user_design/rtl/controller/mig_7series_v4_2_arb_mux.v:69]
INFO: [Synth 8-6157] synthesizing module 'mig_7series_v4_2_arb_row_col' [c:/Users/C27John.Alves/ECE383/ece383_wksp/ice1/ublaze1/ublaze1.gen/sources_1/bd/design_1/ip/design_1_mig_7series_0_2/design_1_mig_7series_0_2/user_design/rtl/controller/mig_7series_v4_2_arb_row_col.v:83]
INFO: [Synth 8-6157] synthesizing module 'mig_7series_v4_2_round_robin_arb__parameterized1' [c:/Users/C27John.Alves/ECE383/ece383_wksp/ice1/ublaze1/ublaze1.gen/sources_1/bd/design_1/ip/design_1_mig_7series_0_2/design_1_mig_7series_0_2/user_design/rtl/controller/mig_7series_v4_2_round_robin_arb.v:121]
INFO: [Synth 8-6155] done synthesizing module 'mig_7series_v4_2_round_robin_arb__parameterized1' (0#1) [c:/Users/C27John.Alves/ECE383/ece383_wksp/ice1/ublaze1/ublaze1.gen/sources_1/bd/design_1/ip/design_1_mig_7series_0_2/design_1_mig_7series_0_2/user_design/rtl/controller/mig_7series_v4_2_round_robin_arb.v:121]
INFO: [Synth 8-6155] done synthesizing module 'mig_7series_v4_2_arb_row_col' (0#1) [c:/Users/C27John.Alves/ECE383/ece383_wksp/ice1/ublaze1/ublaze1.gen/sources_1/bd/design_1/ip/design_1_mig_7series_0_2/design_1_mig_7series_0_2/user_design/rtl/controller/mig_7series_v4_2_arb_row_col.v:83]
INFO: [Synth 8-6157] synthesizing module 'mig_7series_v4_2_arb_select' [c:/Users/C27John.Alves/ECE383/ece383_wksp/ice1/ublaze1/ublaze1.gen/sources_1/bd/design_1/ip/design_1_mig_7series_0_2/design_1_mig_7series_0_2/user_design/rtl/controller/mig_7series_v4_2_arb_select.v:75]
INFO: [Synth 8-6155] done synthesizing module 'mig_7series_v4_2_arb_select' (0#1) [c:/Users/C27John.Alves/ECE383/ece383_wksp/ice1/ublaze1/ublaze1.gen/sources_1/bd/design_1/ip/design_1_mig_7series_0_2/design_1_mig_7series_0_2/user_design/rtl/controller/mig_7series_v4_2_arb_select.v:75]
INFO: [Synth 8-6155] done synthesizing module 'mig_7series_v4_2_arb_mux' (0#1) [c:/Users/C27John.Alves/ECE383/ece383_wksp/ice1/ublaze1/ublaze1.gen/sources_1/bd/design_1/ip/design_1_mig_7series_0_2/design_1_mig_7series_0_2/user_design/rtl/controller/mig_7series_v4_2_arb_mux.v:69]
INFO: [Synth 8-6155] done synthesizing module 'mig_7series_v4_2_bank_mach' (0#1) [c:/Users/C27John.Alves/ECE383/ece383_wksp/ice1/ublaze1/ublaze1.gen/sources_1/bd/design_1/ip/design_1_mig_7series_0_2/design_1_mig_7series_0_2/user_design/rtl/controller/mig_7series_v4_2_bank_mach.v:72]
WARNING: [Synth 8-7071] port 'idle' of module 'mig_7series_v4_2_bank_mach' is unconnected for instance 'bank_mach0' [c:/Users/C27John.Alves/ECE383/ece383_wksp/ice1/ublaze1/ublaze1.gen/sources_1/bd/design_1/ip/design_1_mig_7series_0_2/design_1_mig_7series_0_2/user_design/rtl/controller/mig_7series_v4_2_mc.v:670]
WARNING: [Synth 8-7023] instance 'bank_mach0' of module 'mig_7series_v4_2_bank_mach' has 74 connections declared, but only 73 given [c:/Users/C27John.Alves/ECE383/ece383_wksp/ice1/ublaze1/ublaze1.gen/sources_1/bd/design_1/ip/design_1_mig_7series_0_2/design_1_mig_7series_0_2/user_design/rtl/controller/mig_7series_v4_2_mc.v:670]
INFO: [Synth 8-6157] synthesizing module 'mig_7series_v4_2_col_mach' [c:/Users/C27John.Alves/ECE383/ece383_wksp/ice1/ublaze1/ublaze1.gen/sources_1/bd/design_1/ip/design_1_mig_7series_0_2/design_1_mig_7series_0_2/user_design/rtl/controller/mig_7series_v4_2_col_mach.v:88]
INFO: [Synth 8-6157] synthesizing module 'RAM32M' [C:/Xilinx_383/Vivado/2024.2/scripts/rt/data/unisim_comp.v:137799]
INFO: [Synth 8-6155] done synthesizing module 'RAM32M' (0#1) [C:/Xilinx_383/Vivado/2024.2/scripts/rt/data/unisim_comp.v:137799]
INFO: [Synth 8-6155] done synthesizing module 'mig_7series_v4_2_col_mach' (0#1) [c:/Users/C27John.Alves/ECE383/ece383_wksp/ice1/ublaze1/ublaze1.gen/sources_1/bd/design_1/ip/design_1_mig_7series_0_2/design_1_mig_7series_0_2/user_design/rtl/controller/mig_7series_v4_2_col_mach.v:88]
INFO: [Synth 8-6155] done synthesizing module 'mig_7series_v4_2_mc' (0#1) [c:/Users/C27John.Alves/ECE383/ece383_wksp/ice1/ublaze1/ublaze1.gen/sources_1/bd/design_1/ip/design_1_mig_7series_0_2/design_1_mig_7series_0_2/user_design/rtl/controller/mig_7series_v4_2_mc.v:73]
INFO: [Synth 8-6157] synthesizing module 'mig_7series_v4_2_ddr_phy_top' [c:/Users/C27John.Alves/ECE383/ece383_wksp/ice1/ublaze1/ublaze1.gen/sources_1/bd/design_1/ip/design_1_mig_7series_0_2/design_1_mig_7series_0_2/user_design/rtl/phy/mig_7series_v4_2_ddr_phy_top.v:69]
INFO: [Synth 8-6157] synthesizing module 'mig_7series_v4_2_ddr_mc_phy_wrapper' [c:/Users/C27John.Alves/ECE383/ece383_wksp/ice1/ublaze1/ublaze1.gen/sources_1/bd/design_1/ip/design_1_mig_7series_0_2/design_1_mig_7series_0_2/user_design/rtl/phy/mig_7series_v4_2_ddr_mc_phy_wrapper.v:71]
INFO: [Synth 8-6157] synthesizing module 'OBUF' [C:/Xilinx_383/Vivado/2024.2/scripts/rt/data/unisim_comp.v:99428]
INFO: [Synth 8-6155] done synthesizing module 'OBUF' (0#1) [C:/Xilinx_383/Vivado/2024.2/scripts/rt/data/unisim_comp.v:99428]
INFO: [Synth 8-6157] synthesizing module 'OBUFT' [C:/Xilinx_383/Vivado/2024.2/scripts/rt/data/unisim_comp.v:99816]
INFO: [Synth 8-6155] done synthesizing module 'OBUFT' (0#1) [C:/Xilinx_383/Vivado/2024.2/scripts/rt/data/unisim_comp.v:99816]
INFO: [Synth 8-6157] synthesizing module 'IOBUF_INTERMDISABLE' [C:/Xilinx_383/Vivado/2024.2/scripts/rt/data/unisim_comp.v:81184]
INFO: [Synth 8-6155] done synthesizing module 'IOBUF_INTERMDISABLE' (0#1) [C:/Xilinx_383/Vivado/2024.2/scripts/rt/data/unisim_comp.v:81184]
INFO: [Synth 8-6157] synthesizing module 'IOBUFDS_DIFF_OUT_INTERMDISABLE' [C:/Xilinx_383/Vivado/2024.2/scripts/rt/data/unisim_comp.v:80608]
INFO: [Synth 8-6155] done synthesizing module 'IOBUFDS_DIFF_OUT_INTERMDISABLE' (0#1) [C:/Xilinx_383/Vivado/2024.2/scripts/rt/data/unisim_comp.v:80608]
WARNING: [Synth 8-7071] port 'IBUFDISABLE' of module 'IOBUFDS_DIFF_OUT_INTERMDISABLE' is unconnected for instance 'u_iobuf_dqs' [c:/Users/C27John.Alves/ECE383/ece383_wksp/ice1/ublaze1/ublaze1.gen/sources_1/bd/design_1/ip/design_1_mig_7series_0_2/design_1_mig_7series_0_2/user_design/rtl/phy/mig_7series_v4_2_ddr_mc_phy_wrapper.v:1334]
WARNING: [Synth 8-7023] instance 'u_iobuf_dqs' of module 'IOBUFDS_DIFF_OUT_INTERMDISABLE' has 9 connections declared, but only 8 given [c:/Users/C27John.Alves/ECE383/ece383_wksp/ice1/ublaze1/ublaze1.gen/sources_1/bd/design_1/ip/design_1_mig_7series_0_2/design_1_mig_7series_0_2/user_design/rtl/phy/mig_7series_v4_2_ddr_mc_phy_wrapper.v:1334]
INFO: [Synth 8-6157] synthesizing module 'mig_7series_v4_2_poc_pd' [c:/Users/C27John.Alves/ECE383/ece383_wksp/ice1/ublaze1/ublaze1.gen/sources_1/bd/design_1/ip/design_1_mig_7series_0_2/design_1_mig_7series_0_2/user_design/rtl/phy/mig_7series_v4_2_poc_pd.v:69]
INFO: [Synth 8-6157] synthesizing module 'IDDR' [C:/Xilinx_383/Vivado/2024.2/scripts/rt/data/unisim_comp.v:77799]
INFO: [Synth 8-6155] done synthesizing module 'IDDR' (0#1) [C:/Xilinx_383/Vivado/2024.2/scripts/rt/data/unisim_comp.v:77799]
INFO: [Synth 8-6155] done synthesizing module 'mig_7series_v4_2_poc_pd' (0#1) [c:/Users/C27John.Alves/ECE383/ece383_wksp/ice1/ublaze1/ublaze1.gen/sources_1/bd/design_1/ip/design_1_mig_7series_0_2/design_1_mig_7series_0_2/user_design/rtl/phy/mig_7series_v4_2_poc_pd.v:69]
WARNING: [Synth 8-7071] port 'IBUFDISABLE' of module 'IOBUFDS_DIFF_OUT_INTERMDISABLE' is unconnected for instance 'u_iobuf_dqs' [c:/Users/C27John.Alves/ECE383/ece383_wksp/ice1/ublaze1/ublaze1.gen/sources_1/bd/design_1/ip/design_1_mig_7series_0_2/design_1_mig_7series_0_2/user_design/rtl/phy/mig_7series_v4_2_ddr_mc_phy_wrapper.v:1334]
WARNING: [Synth 8-7023] instance 'u_iobuf_dqs' of module 'IOBUFDS_DIFF_OUT_INTERMDISABLE' has 9 connections declared, but only 8 given [c:/Users/C27John.Alves/ECE383/ece383_wksp/ice1/ublaze1/ublaze1.gen/sources_1/bd/design_1/ip/design_1_mig_7series_0_2/design_1_mig_7series_0_2/user_design/rtl/phy/mig_7series_v4_2_ddr_mc_phy_wrapper.v:1334]
INFO: [Synth 8-6157] synthesizing module 'mig_7series_v4_2_ddr_of_pre_fifo' [c:/Users/C27John.Alves/ECE383/ece383_wksp/ice1/ublaze1/ublaze1.gen/sources_1/bd/design_1/ip/design_1_mig_7series_0_2/design_1_mig_7series_0_2/user_design/rtl/phy/mig_7series_v4_2_ddr_of_pre_fifo.v:76]
INFO: [Synth 8-6155] done synthesizing module 'mig_7series_v4_2_ddr_of_pre_fifo' (0#1) [c:/Users/C27John.Alves/ECE383/ece383_wksp/ice1/ublaze1/ublaze1.gen/sources_1/bd/design_1/ip/design_1_mig_7series_0_2/design_1_mig_7series_0_2/user_design/rtl/phy/mig_7series_v4_2_ddr_of_pre_fifo.v:76]
WARNING: [Synth 8-7071] port 'afull' of module 'mig_7series_v4_2_ddr_of_pre_fifo' is unconnected for instance 'phy_ctl_pre_fifo_0' [c:/Users/C27John.Alves/ECE383/ece383_wksp/ice1/ublaze1/ublaze1.gen/sources_1/bd/design_1/ip/design_1_mig_7series_0_2/design_1_mig_7series_0_2/user_design/rtl/phy/mig_7series_v4_2_ddr_mc_phy_wrapper.v:1428]
WARNING: [Synth 8-7023] instance 'phy_ctl_pre_fifo_0' of module 'mig_7series_v4_2_ddr_of_pre_fifo' has 8 connections declared, but only 7 given [c:/Users/C27John.Alves/ECE383/ece383_wksp/ice1/ublaze1/ublaze1.gen/sources_1/bd/design_1/ip/design_1_mig_7series_0_2/design_1_mig_7series_0_2/user_design/rtl/phy/mig_7series_v4_2_ddr_mc_phy_wrapper.v:1428]
INFO: [Synth 8-6157] synthesizing module 'mig_7series_v4_2_ddr_of_pre_fifo__parameterized0' [c:/Users/C27John.Alves/ECE383/ece383_wksp/ice1/ublaze1/ublaze1.gen/sources_1/bd/design_1/ip/design_1_mig_7series_0_2/design_1_mig_7series_0_2/user_design/rtl/phy/mig_7series_v4_2_ddr_of_pre_fifo.v:76]
INFO: [Synth 8-6155] done synthesizing module 'mig_7series_v4_2_ddr_of_pre_fifo__parameterized0' (0#1) [c:/Users/C27John.Alves/ECE383/ece383_wksp/ice1/ublaze1/ublaze1.gen/sources_1/bd/design_1/ip/design_1_mig_7series_0_2/design_1_mig_7series_0_2/user_design/rtl/phy/mig_7series_v4_2_ddr_of_pre_fifo.v:76]
WARNING: [Synth 8-7071] port 'afull' of module 'mig_7series_v4_2_ddr_of_pre_fifo' is unconnected for instance 'phy_ctl_pre_fifo_1' [c:/Users/C27John.Alves/ECE383/ece383_wksp/ice1/ublaze1/ublaze1.gen/sources_1/bd/design_1/ip/design_1_mig_7series_0_2/design_1_mig_7series_0_2/user_design/rtl/phy/mig_7series_v4_2_ddr_mc_phy_wrapper.v:1445]
WARNING: [Synth 8-7023] instance 'phy_ctl_pre_fifo_1' of module 'mig_7series_v4_2_ddr_of_pre_fifo' has 8 connections declared, but only 7 given [c:/Users/C27John.Alves/ECE383/ece383_wksp/ice1/ublaze1/ublaze1.gen/sources_1/bd/design_1/ip/design_1_mig_7series_0_2/design_1_mig_7series_0_2/user_design/rtl/phy/mig_7series_v4_2_ddr_mc_phy_wrapper.v:1445]
WARNING: [Synth 8-7071] port 'afull' of module 'mig_7series_v4_2_ddr_of_pre_fifo' is unconnected for instance 'phy_ctl_pre_fifo_2' [c:/Users/C27John.Alves/ECE383/ece383_wksp/ice1/ublaze1/ublaze1.gen/sources_1/bd/design_1/ip/design_1_mig_7series_0_2/design_1_mig_7series_0_2/user_design/rtl/phy/mig_7series_v4_2_ddr_mc_phy_wrapper.v:1462]
WARNING: [Synth 8-7023] instance 'phy_ctl_pre_fifo_2' of module 'mig_7series_v4_2_ddr_of_pre_fifo' has 8 connections declared, but only 7 given [c:/Users/C27John.Alves/ECE383/ece383_wksp/ice1/ublaze1/ublaze1.gen/sources_1/bd/design_1/ip/design_1_mig_7series_0_2/design_1_mig_7series_0_2/user_design/rtl/phy/mig_7series_v4_2_ddr_mc_phy_wrapper.v:1462]
WARNING: [Synth 8-5974] attribute "use_dsp48" has been deprecated, please use "use_dsp" instead 
INFO: [Synth 8-6157] synthesizing module 'mig_7series_v4_2_ddr_mc_phy' [c:/Users/C27John.Alves/ECE383/ece383_wksp/ice1/ublaze1/ublaze1.gen/sources_1/bd/design_1/ip/design_1_mig_7series_0_2/design_1_mig_7series_0_2/user_design/rtl/phy/mig_7series_v4_2_ddr_mc_phy.v:70]
INFO: [Synth 8-251] WARNING: : The required delay though the phaser_in to internally match the aux_out clock  to ddr clock exceeds the maximum allowable delay. The clock edge  will occur at the output registers of aux_out 556.7656252f ps before the ddr clock  edge. If aux_out is used for memory inputs, this may violate setup or hold time. [c:/Users/C27John.Alves/ECE383/ece383_wksp/ice1/ublaze1/ublaze1.gen/sources_1/bd/design_1/ip/design_1_mig_7series_0_2/design_1_mig_7series_0_2/user_design/rtl/phy/mig_7series_v4_2_ddr_mc_phy.v:735]
INFO: [Synth 8-6157] synthesizing module 'mig_7series_v4_2_ddr_phy_4lanes' [c:/Users/C27John.Alves/ECE383/ece383_wksp/ice1/ublaze1/ublaze1.gen/sources_1/bd/design_1/ip/design_1_mig_7series_0_2/design_1_mig_7series_0_2/user_design/rtl/phy/mig_7series_v4_2_ddr_phy_4lanes.v:72]
INFO: [Synth 8-6157] synthesizing module 'mig_7series_v4_2_ddr_byte_lane' [c:/Users/C27John.Alves/ECE383/ece383_wksp/ice1/ublaze1/ublaze1.gen/sources_1/bd/design_1/ip/design_1_mig_7series_0_2/design_1_mig_7series_0_2/user_design/rtl/phy/mig_7series_v4_2_ddr_byte_lane.v:68]
INFO: [Synth 8-6157] synthesizing module 'mig_7series_v4_2_ddr_of_pre_fifo__parameterized1' [c:/Users/C27John.Alves/ECE383/ece383_wksp/ice1/ublaze1/ublaze1.gen/sources_1/bd/design_1/ip/design_1_mig_7series_0_2/design_1_mig_7series_0_2/user_design/rtl/phy/mig_7series_v4_2_ddr_of_pre_fifo.v:76]
INFO: [Synth 8-6155] done synthesizing module 'mig_7series_v4_2_ddr_of_pre_fifo__parameterized1' (0#1) [c:/Users/C27John.Alves/ECE383/ece383_wksp/ice1/ublaze1/ublaze1.gen/sources_1/bd/design_1/ip/design_1_mig_7series_0_2/design_1_mig_7series_0_2/user_design/rtl/phy/mig_7series_v4_2_ddr_of_pre_fifo.v:76]
INFO: [Synth 8-6157] synthesizing module 'ODDR' [C:/Xilinx_383/Vivado/2024.2/scripts/rt/data/unisim_comp.v:103072]
INFO: [Synth 8-6155] done synthesizing module 'ODDR' (0#1) [C:/Xilinx_383/Vivado/2024.2/scripts/rt/data/unisim_comp.v:103072]
INFO: [Synth 8-6157] synthesizing module 'OBUFDS' [C:/Xilinx_383/Vivado/2024.2/scripts/rt/data/unisim_comp.v:99442]
INFO: [Synth 8-6155] done synthesizing module 'OBUFDS' (0#1) [C:/Xilinx_383/Vivado/2024.2/scripts/rt/data/unisim_comp.v:99442]
INFO: [Synth 8-6157] synthesizing module 'PHASER_OUT_PHY' [C:/Xilinx_383/Vivado/2024.2/scripts/rt/data/unisim_comp.v:117543]
INFO: [Synth 8-6155] done synthesizing module 'PHASER_OUT_PHY' (0#1) [C:/Xilinx_383/Vivado/2024.2/scripts/rt/data/unisim_comp.v:117543]
INFO: [Synth 8-6157] synthesizing module 'OUT_FIFO' [C:/Xilinx_383/Vivado/2024.2/scripts/rt/data/unisim_comp.v:103794]
INFO: [Synth 8-6155] done synthesizing module 'OUT_FIFO' (0#1) [C:/Xilinx_383/Vivado/2024.2/scripts/rt/data/unisim_comp.v:103794]
INFO: [Synth 8-6157] synthesizing module 'mig_7series_v4_2_ddr_byte_group_io' [c:/Users/C27John.Alves/ECE383/ece383_wksp/ice1/ublaze1/ublaze1.gen/sources_1/bd/design_1/ip/design_1_mig_7series_0_2/design_1_mig_7series_0_2/user_design/rtl/phy/mig_7series_v4_2_ddr_byte_group_io.v:68]
INFO: [Synth 8-6157] synthesizing module 'OSERDESE2' [C:/Xilinx_383/Vivado/2024.2/scripts/rt/data/unisim_comp.v:103679]
INFO: [Synth 8-6155] done synthesizing module 'OSERDESE2' (0#1) [C:/Xilinx_383/Vivado/2024.2/scripts/rt/data/unisim_comp.v:103679]
INFO: [Synth 8-6155] done synthesizing module 'mig_7series_v4_2_ddr_byte_group_io' (0#1) [c:/Users/C27John.Alves/ECE383/ece383_wksp/ice1/ublaze1/ublaze1.gen/sources_1/bd/design_1/ip/design_1_mig_7series_0_2/design_1_mig_7series_0_2/user_design/rtl/phy/mig_7series_v4_2_ddr_byte_group_io.v:68]
INFO: [Synth 8-6155] done synthesizing module 'mig_7series_v4_2_ddr_byte_lane' (0#1) [c:/Users/C27John.Alves/ECE383/ece383_wksp/ice1/ublaze1/ublaze1.gen/sources_1/bd/design_1/ip/design_1_mig_7series_0_2/design_1_mig_7series_0_2/user_design/rtl/phy/mig_7series_v4_2_ddr_byte_lane.v:68]
INFO: [Synth 8-6157] synthesizing module 'mig_7series_v4_2_ddr_byte_lane__parameterized0' [c:/Users/C27John.Alves/ECE383/ece383_wksp/ice1/ublaze1/ublaze1.gen/sources_1/bd/design_1/ip/design_1_mig_7series_0_2/design_1_mig_7series_0_2/user_design/rtl/phy/mig_7series_v4_2_ddr_byte_lane.v:68]
INFO: [Synth 8-6157] synthesizing module 'mig_7series_v4_2_ddr_byte_group_io__parameterized0' [c:/Users/C27John.Alves/ECE383/ece383_wksp/ice1/ublaze1/ublaze1.gen/sources_1/bd/design_1/ip/design_1_mig_7series_0_2/design_1_mig_7series_0_2/user_design/rtl/phy/mig_7series_v4_2_ddr_byte_group_io.v:68]
INFO: [Synth 8-6155] done synthesizing module 'mig_7series_v4_2_ddr_byte_group_io__parameterized0' (0#1) [c:/Users/C27John.Alves/ECE383/ece383_wksp/ice1/ublaze1/ublaze1.gen/sources_1/bd/design_1/ip/design_1_mig_7series_0_2/design_1_mig_7series_0_2/user_design/rtl/phy/mig_7series_v4_2_ddr_byte_group_io.v:68]
INFO: [Synth 8-6155] done synthesizing module 'mig_7series_v4_2_ddr_byte_lane__parameterized0' (0#1) [c:/Users/C27John.Alves/ECE383/ece383_wksp/ice1/ublaze1/ublaze1.gen/sources_1/bd/design_1/ip/design_1_mig_7series_0_2/design_1_mig_7series_0_2/user_design/rtl/phy/mig_7series_v4_2_ddr_byte_lane.v:68]
INFO: [Synth 8-6157] synthesizing module 'mig_7series_v4_2_ddr_byte_lane__parameterized1' [c:/Users/C27John.Alves/ECE383/ece383_wksp/ice1/ublaze1/ublaze1.gen/sources_1/bd/design_1/ip/design_1_mig_7series_0_2/design_1_mig_7series_0_2/user_design/rtl/phy/mig_7series_v4_2_ddr_byte_lane.v:68]
INFO: [Synth 8-6157] synthesizing module 'mig_7series_v4_2_ddr_if_post_fifo' [c:/Users/C27John.Alves/ECE383/ece383_wksp/ice1/ublaze1/ublaze1.gen/sources_1/bd/design_1/ip/design_1_mig_7series_0_2/design_1_mig_7series_0_2/user_design/rtl/phy/mig_7series_v4_2_ddr_if_post_fifo.v:67]
INFO: [Synth 8-155] case statement is not full and has no default [c:/Users/C27John.Alves/ECE383/ece383_wksp/ice1/ublaze1/ublaze1.gen/sources_1/bd/design_1/ip/design_1_mig_7series_0_2/design_1_mig_7series_0_2/user_design/rtl/phy/mig_7series_v4_2_ddr_if_post_fifo.v:109]
INFO: [Synth 8-6155] done synthesizing module 'mig_7series_v4_2_ddr_if_post_fifo' (0#1) [c:/Users/C27John.Alves/ECE383/ece383_wksp/ice1/ublaze1/ublaze1.gen/sources_1/bd/design_1/ip/design_1_mig_7series_0_2/design_1_mig_7series_0_2/user_design/rtl/phy/mig_7series_v4_2_ddr_if_post_fifo.v:67]
INFO: [Synth 8-6157] synthesizing module 'PHASER_IN_PHY' [C:/Xilinx_383/Vivado/2024.2/scripts/rt/data/unisim_comp.v:117406]
INFO: [Synth 8-6155] done synthesizing module 'PHASER_IN_PHY' (0#1) [C:/Xilinx_383/Vivado/2024.2/scripts/rt/data/unisim_comp.v:117406]
INFO: [Synth 8-6157] synthesizing module 'IN_FIFO' [C:/Xilinx_383/Vivado/2024.2/scripts/rt/data/unisim_comp.v:80323]
INFO: [Synth 8-6155] done synthesizing module 'IN_FIFO' (0#1) [C:/Xilinx_383/Vivado/2024.2/scripts/rt/data/unisim_comp.v:80323]
INFO: [Synth 8-6157] synthesizing module 'PHASER_OUT_PHY__parameterized0' [C:/Xilinx_383/Vivado/2024.2/scripts/rt/data/unisim_comp.v:117543]
INFO: [Synth 8-6155] done synthesizing module 'PHASER_OUT_PHY__parameterized0' (0#1) [C:/Xilinx_383/Vivado/2024.2/scripts/rt/data/unisim_comp.v:117543]
INFO: [Synth 8-6157] synthesizing module 'OUT_FIFO__parameterized0' [C:/Xilinx_383/Vivado/2024.2/scripts/rt/data/unisim_comp.v:103794]
INFO: [Synth 8-6155] done synthesizing module 'OUT_FIFO__parameterized0' (0#1) [C:/Xilinx_383/Vivado/2024.2/scripts/rt/data/unisim_comp.v:103794]
INFO: [Synth 8-6157] synthesizing module 'mig_7series_v4_2_ddr_byte_group_io__parameterized1' [c:/Users/C27John.Alves/ECE383/ece383_wksp/ice1/ublaze1/ublaze1.gen/sources_1/bd/design_1/ip/design_1_mig_7series_0_2/design_1_mig_7series_0_2/user_design/rtl/phy/mig_7series_v4_2_ddr_byte_group_io.v:68]
INFO: [Synth 8-6157] synthesizing module 'IDELAYE2' [C:/Xilinx_383/Vivado/2024.2/scripts/rt/data/unisim_comp.v:77934]
INFO: [Synth 8-6155] done synthesizing module 'IDELAYE2' (0#1) [C:/Xilinx_383/Vivado/2024.2/scripts/rt/data/unisim_comp.v:77934]
INFO: [Synth 8-6157] synthesizing module 'ISERDESE2' [C:/Xilinx_383/Vivado/2024.2/scripts/rt/data/unisim_comp.v:82955]
INFO: [Synth 8-6155] done synthesizing module 'ISERDESE2' (0#1) [C:/Xilinx_383/Vivado/2024.2/scripts/rt/data/unisim_comp.v:82955]
INFO: [Synth 8-6157] synthesizing module 'OSERDESE2__parameterized0' [C:/Xilinx_383/Vivado/2024.2/scripts/rt/data/unisim_comp.v:103679]
INFO: [Synth 8-6155] done synthesizing module 'OSERDESE2__parameterized0' (0#1) [C:/Xilinx_383/Vivado/2024.2/scripts/rt/data/unisim_comp.v:103679]
INFO: [Synth 8-6157] synthesizing module 'OSERDESE2__parameterized1' [C:/Xilinx_383/Vivado/2024.2/scripts/rt/data/unisim_comp.v:103679]
INFO: [Synth 8-6155] done synthesizing module 'OSERDESE2__parameterized1' (0#1) [C:/Xilinx_383/Vivado/2024.2/scripts/rt/data/unisim_comp.v:103679]
INFO: [Synth 8-6155] done synthesizing module 'mig_7series_v4_2_ddr_byte_group_io__parameterized1' (0#1) [c:/Users/C27John.Alves/ECE383/ece383_wksp/ice1/ublaze1/ublaze1.gen/sources_1/bd/design_1/ip/design_1_mig_7series_0_2/design_1_mig_7series_0_2/user_design/rtl/phy/mig_7series_v4_2_ddr_byte_group_io.v:68]
INFO: [Synth 8-6155] done synthesizing module 'mig_7series_v4_2_ddr_byte_lane__parameterized1' (0#1) [c:/Users/C27John.Alves/ECE383/ece383_wksp/ice1/ublaze1/ublaze1.gen/sources_1/bd/design_1/ip/design_1_mig_7series_0_2/design_1_mig_7series_0_2/user_design/rtl/phy/mig_7series_v4_2_ddr_byte_lane.v:68]
INFO: [Synth 8-6157] synthesizing module 'mig_7series_v4_2_ddr_byte_lane__parameterized2' [c:/Users/C27John.Alves/ECE383/ece383_wksp/ice1/ublaze1/ublaze1.gen/sources_1/bd/design_1/ip/design_1_mig_7series_0_2/design_1_mig_7series_0_2/user_design/rtl/phy/mig_7series_v4_2_ddr_byte_lane.v:68]
INFO: [Synth 8-6157] synthesizing module 'mig_7series_v4_2_ddr_byte_group_io__parameterized2' [c:/Users/C27John.Alves/ECE383/ece383_wksp/ice1/ublaze1/ublaze1.gen/sources_1/bd/design_1/ip/design_1_mig_7series_0_2/design_1_mig_7series_0_2/user_design/rtl/phy/mig_7series_v4_2_ddr_byte_group_io.v:68]
INFO: [Synth 8-6155] done synthesizing module 'mig_7series_v4_2_ddr_byte_group_io__parameterized2' (0#1) [c:/Users/C27John.Alves/ECE383/ece383_wksp/ice1/ublaze1/ublaze1.gen/sources_1/bd/design_1/ip/design_1_mig_7series_0_2/design_1_mig_7series_0_2/user_design/rtl/phy/mig_7series_v4_2_ddr_byte_group_io.v:68]
INFO: [Synth 8-6155] done synthesizing module 'mig_7series_v4_2_ddr_byte_lane__parameterized2' (0#1) [c:/Users/C27John.Alves/ECE383/ece383_wksp/ice1/ublaze1/ublaze1.gen/sources_1/bd/design_1/ip/design_1_mig_7series_0_2/design_1_mig_7series_0_2/user_design/rtl/phy/mig_7series_v4_2_ddr_byte_lane.v:68]
INFO: [Synth 8-6157] synthesizing module 'BUFIO' [C:/Xilinx_383/Vivado/2024.2/scripts/rt/data/unisim_comp.v:2949]
INFO: [Synth 8-6155] done synthesizing module 'BUFIO' (0#1) [C:/Xilinx_383/Vivado/2024.2/scripts/rt/data/unisim_comp.v:2949]
INFO: [Synth 8-6157] synthesizing module 'PHY_CONTROL' [C:/Xilinx_383/Vivado/2024.2/scripts/rt/data/unisim_comp.v:117634]
INFO: [Synth 8-6155] done synthesizing module 'PHY_CONTROL' (0#1) [C:/Xilinx_383/Vivado/2024.2/scripts/rt/data/unisim_comp.v:117634]
INFO: [Synth 8-226] default block is never used [c:/Users/C27John.Alves/ECE383/ece383_wksp/ice1/ublaze1/ublaze1.gen/sources_1/bd/design_1/ip/design_1_mig_7series_0_2/design_1_mig_7series_0_2/user_design/rtl/phy/mig_7series_v4_2_ddr_phy_4lanes.v:1557]
INFO: [Synth 8-6157] synthesizing module 'PHASER_REF' [C:/Xilinx_383/Vivado/2024.2/scripts/rt/data/unisim_comp.v:117618]
INFO: [Synth 8-6155] done synthesizing module 'PHASER_REF' (0#1) [C:/Xilinx_383/Vivado/2024.2/scripts/rt/data/unisim_comp.v:117618]
INFO: [Synth 8-6155] done synthesizing module 'mig_7series_v4_2_ddr_phy_4lanes' (0#1) [c:/Users/C27John.Alves/ECE383/ece383_wksp/ice1/ublaze1/ublaze1.gen/sources_1/bd/design_1/ip/design_1_mig_7series_0_2/design_1_mig_7series_0_2/user_design/rtl/phy/mig_7series_v4_2_ddr_phy_4lanes.v:72]
INFO: [Synth 8-6155] done synthesizing module 'mig_7series_v4_2_ddr_mc_phy' (0#1) [c:/Users/C27John.Alves/ECE383/ece383_wksp/ice1/ublaze1/ublaze1.gen/sources_1/bd/design_1/ip/design_1_mig_7series_0_2/design_1_mig_7series_0_2/user_design/rtl/phy/mig_7series_v4_2_ddr_mc_phy.v:70]
WARNING: [Synth 8-689] width (12) of port connection 'pi_dqs_found_lanes' does not match port width (4) of module 'mig_7series_v4_2_ddr_mc_phy' [c:/Users/C27John.Alves/ECE383/ece383_wksp/ice1/ublaze1/ublaze1.gen/sources_1/bd/design_1/ip/design_1_mig_7series_0_2/design_1_mig_7series_0_2/user_design/rtl/phy/mig_7series_v4_2_ddr_mc_phy_wrapper.v:1671]
WARNING: [Synth 8-689] width (12) of port connection 'pi_phase_locked_lanes' does not match port width (4) of module 'mig_7series_v4_2_ddr_mc_phy' [c:/Users/C27John.Alves/ECE383/ece383_wksp/ice1/ublaze1/ublaze1.gen/sources_1/bd/design_1/ip/design_1_mig_7series_0_2/design_1_mig_7series_0_2/user_design/rtl/phy/mig_7series_v4_2_ddr_mc_phy_wrapper.v:1679]
WARNING: [Synth 8-7071] port 'of_data_a_full' of module 'mig_7series_v4_2_ddr_mc_phy' is unconnected for instance 'u_ddr_mc_phy' [c:/Users/C27John.Alves/ECE383/ece383_wksp/ice1/ublaze1/ublaze1.gen/sources_1/bd/design_1/ip/design_1_mig_7series_0_2/design_1_mig_7series_0_2/user_design/rtl/phy/mig_7series_v4_2_ddr_mc_phy_wrapper.v:1579]
WARNING: [Synth 8-7023] instance 'u_ddr_mc_phy' of module 'mig_7series_v4_2_ddr_mc_phy' has 89 connections declared, but only 88 given [c:/Users/C27John.Alves/ECE383/ece383_wksp/ice1/ublaze1/ublaze1.gen/sources_1/bd/design_1/ip/design_1_mig_7series_0_2/design_1_mig_7series_0_2/user_design/rtl/phy/mig_7series_v4_2_ddr_mc_phy_wrapper.v:1579]
INFO: [Synth 8-6155] done synthesizing module 'mig_7series_v4_2_ddr_mc_phy_wrapper' (0#1) [c:/Users/C27John.Alves/ECE383/ece383_wksp/ice1/ublaze1/ublaze1.gen/sources_1/bd/design_1/ip/design_1_mig_7series_0_2/design_1_mig_7series_0_2/user_design/rtl/phy/mig_7series_v4_2_ddr_mc_phy_wrapper.v:71]
INFO: [Synth 8-6157] synthesizing module 'mig_7series_v4_2_ddr_calib_top' [c:/Users/C27John.Alves/ECE383/ece383_wksp/ice1/ublaze1/ublaze1.gen/sources_1/bd/design_1/ip/design_1_mig_7series_0_2/design_1_mig_7series_0_2/user_design/rtl/phy/mig_7series_v4_2_ddr_calib_top.v:81]
INFO: [Synth 8-6157] synthesizing module 'mig_7series_v4_2_ddr_phy_wrlvl' [c:/Users/C27John.Alves/ECE383/ece383_wksp/ice1/ublaze1/ublaze1.gen/sources_1/bd/design_1/ip/design_1_mig_7series_0_2/design_1_mig_7series_0_2/user_design/rtl/phy/mig_7series_v4_2_ddr_phy_wrlvl.v:90]
INFO: [Synth 8-155] case statement is not full and has no default [c:/Users/C27John.Alves/ECE383/ece383_wksp/ice1/ublaze1/ublaze1.gen/sources_1/bd/design_1/ip/design_1_mig_7series_0_2/design_1_mig_7series_0_2/user_design/rtl/phy/mig_7series_v4_2_ddr_phy_wrlvl.v:797]
INFO: [Synth 8-6155] done synthesizing module 'mig_7series_v4_2_ddr_phy_wrlvl' (0#1) [c:/Users/C27John.Alves/ECE383/ece383_wksp/ice1/ublaze1/ublaze1.gen/sources_1/bd/design_1/ip/design_1_mig_7series_0_2/design_1_mig_7series_0_2/user_design/rtl/phy/mig_7series_v4_2_ddr_phy_wrlvl.v:90]
INFO: [Synth 8-6157] synthesizing module 'mig_7series_v4_2_ddr_phy_ck_addr_cmd_delay' [c:/Users/C27John.Alves/ECE383/ece383_wksp/ice1/ublaze1/ublaze1.gen/sources_1/bd/design_1/ip/design_1_mig_7series_0_2/design_1_mig_7series_0_2/user_design/rtl/phy/mig_7series_v4_2_ddr_phy_ck_addr_cmd_delay.v:68]
INFO: [Synth 8-6155] done synthesizing module 'mig_7series_v4_2_ddr_phy_ck_addr_cmd_delay' (0#1) [c:/Users/C27John.Alves/ECE383/ece383_wksp/ice1/ublaze1/ublaze1.gen/sources_1/bd/design_1/ip/design_1_mig_7series_0_2/design_1_mig_7series_0_2/user_design/rtl/phy/mig_7series_v4_2_ddr_phy_ck_addr_cmd_delay.v:68]
INFO: [Synth 8-6157] synthesizing module 'mig_7series_v4_2_ddr_phy_dqs_found_cal_hr' [c:/Users/C27John.Alves/ECE383/ece383_wksp/ice1/ublaze1/ublaze1.gen/sources_1/bd/design_1/ip/design_1_mig_7series_0_2/design_1_mig_7series_0_2/user_design/rtl/phy/mig_7series_v4_2_ddr_phy_dqs_found_cal_hr.v:79]
INFO: [Synth 8-6155] done synthesizing module 'mig_7series_v4_2_ddr_phy_dqs_found_cal_hr' (0#1) [c:/Users/C27John.Alves/ECE383/ece383_wksp/ice1/ublaze1/ublaze1.gen/sources_1/bd/design_1/ip/design_1_mig_7series_0_2/design_1_mig_7series_0_2/user_design/rtl/phy/mig_7series_v4_2_ddr_phy_dqs_found_cal_hr.v:79]
INFO: [Synth 8-6157] synthesizing module 'mig_7series_v4_2_ddr_phy_rdlvl' [c:/Users/C27John.Alves/ECE383/ece383_wksp/ice1/ublaze1/ublaze1.gen/sources_1/bd/design_1/ip/design_1_mig_7series_0_2/design_1_mig_7series_0_2/user_design/rtl/phy/mig_7series_v4_2_ddr_phy_rdlvl.v:78]
WARNING: [Synth 8-5974] attribute "use_dsp48" has been deprecated, please use "use_dsp" instead 
INFO: [Synth 8-155] case statement is not full and has no default [c:/Users/C27John.Alves/ECE383/ece383_wksp/ice1/ublaze1/ublaze1.gen/sources_1/bd/design_1/ip/design_1_mig_7series_0_2/design_1_mig_7series_0_2/user_design/rtl/phy/mig_7series_v4_2_ddr_phy_rdlvl.v:2745]
INFO: [Synth 8-6155] done synthesizing module 'mig_7series_v4_2_ddr_phy_rdlvl' (0#1) [c:/Users/C27John.Alves/ECE383/ece383_wksp/ice1/ublaze1/ublaze1.gen/sources_1/bd/design_1/ip/design_1_mig_7series_0_2/design_1_mig_7series_0_2/user_design/rtl/phy/mig_7series_v4_2_ddr_phy_rdlvl.v:78]
INFO: [Synth 8-6157] synthesizing module 'mig_7series_v4_2_ddr_phy_prbs_rdlvl' [c:/Users/C27John.Alves/ECE383/ece383_wksp/ice1/ublaze1/ublaze1.gen/sources_1/bd/design_1/ip/design_1_mig_7series_0_2/design_1_mig_7series_0_2/user_design/rtl/phy/mig_7series_v4_2_ddr_phy_prbs_rdlvl.v:78]
INFO: [Synth 8-155] case statement is not full and has no default [c:/Users/C27John.Alves/ECE383/ece383_wksp/ice1/ublaze1/ublaze1.gen/sources_1/bd/design_1/ip/design_1_mig_7series_0_2/design_1_mig_7series_0_2/user_design/rtl/phy/mig_7series_v4_2_ddr_phy_prbs_rdlvl.v:1151]
INFO: [Synth 8-6155] done synthesizing module 'mig_7series_v4_2_ddr_phy_prbs_rdlvl' (0#1) [c:/Users/C27John.Alves/ECE383/ece383_wksp/ice1/ublaze1/ublaze1.gen/sources_1/bd/design_1/ip/design_1_mig_7series_0_2/design_1_mig_7series_0_2/user_design/rtl/phy/mig_7series_v4_2_ddr_phy_prbs_rdlvl.v:78]
INFO: [Synth 8-6157] synthesizing module 'mig_7series_v4_2_ddr_prbs_gen' [c:/Users/C27John.Alves/ECE383/ece383_wksp/ice1/ublaze1/ublaze1.gen/sources_1/bd/design_1/ip/design_1_mig_7series_0_2/design_1_mig_7series_0_2/user_design/rtl/phy/mig_7series_v4_2_ddr_prbs_gen.v:91]
WARNING: [Synth 8-7186] Applying attribute ram_style = "distributed" is ignored, object 'rd_addr' is not inferred as ram due to incorrect usage [c:/Users/C27John.Alves/ECE383/ece383_wksp/ice1/ublaze1/ublaze1.gen/sources_1/bd/design_1/ip/design_1_mig_7series_0_2/design_1_mig_7series_0_2/user_design/rtl/phy/mig_7series_v4_2_ddr_prbs_gen.v:202]
WARNING: [Synth 8-7186] Applying attribute ram_style = "distributed" is ignored, object 'mem_out' is not inferred as ram due to incorrect usage [c:/Users/C27John.Alves/ECE383/ece383_wksp/ice1/ublaze1/ublaze1.gen/sources_1/bd/design_1/ip/design_1_mig_7series_0_2/design_1_mig_7series_0_2/user_design/rtl/phy/mig_7series_v4_2_ddr_prbs_gen.v:204]
INFO: [Synth 8-6155] done synthesizing module 'mig_7series_v4_2_ddr_prbs_gen' (0#1) [c:/Users/C27John.Alves/ECE383/ece383_wksp/ice1/ublaze1/ublaze1.gen/sources_1/bd/design_1/ip/design_1_mig_7series_0_2/design_1_mig_7series_0_2/user_design/rtl/phy/mig_7series_v4_2_ddr_prbs_gen.v:91]
INFO: [Synth 8-6157] synthesizing module 'mig_7series_v4_2_ddr_phy_init' [c:/Users/C27John.Alves/ECE383/ece383_wksp/ice1/ublaze1/ublaze1.gen/sources_1/bd/design_1/ip/design_1_mig_7series_0_2/design_1_mig_7series_0_2/user_design/rtl/phy/mig_7series_v4_2_ddr_phy_init.v:88]
INFO: [Synth 8-226] default block is never used [c:/Users/C27John.Alves/ECE383/ece383_wksp/ice1/ublaze1/ublaze1.gen/sources_1/bd/design_1/ip/design_1_mig_7series_0_2/design_1_mig_7series_0_2/user_design/rtl/phy/mig_7series_v4_2_ddr_phy_init.v:5272]
INFO: [Synth 8-6155] done synthesizing module 'mig_7series_v4_2_ddr_phy_init' (0#1) [c:/Users/C27John.Alves/ECE383/ece383_wksp/ice1/ublaze1/ublaze1.gen/sources_1/bd/design_1/ip/design_1_mig_7series_0_2/design_1_mig_7series_0_2/user_design/rtl/phy/mig_7series_v4_2_ddr_phy_init.v:88]
WARNING: [Synth 8-7071] port 'complex_oclk_prech_req' of module 'mig_7series_v4_2_ddr_phy_init' is unconnected for instance 'u_ddr_phy_init' [c:/Users/C27John.Alves/ECE383/ece383_wksp/ice1/ublaze1/ublaze1.gen/sources_1/bd/design_1/ip/design_1_mig_7series_0_2/design_1_mig_7series_0_2/user_design/rtl/phy/mig_7series_v4_2_ddr_calib_top.v:1366]
WARNING: [Synth 8-7023] instance 'u_ddr_phy_init' of module 'mig_7series_v4_2_ddr_phy_init' has 131 connections declared, but only 130 given [c:/Users/C27John.Alves/ECE383/ece383_wksp/ice1/ublaze1/ublaze1.gen/sources_1/bd/design_1/ip/design_1_mig_7series_0_2/design_1_mig_7series_0_2/user_design/rtl/phy/mig_7series_v4_2_ddr_calib_top.v:1366]
INFO: [Synth 8-6157] synthesizing module 'mig_7series_v4_2_ddr_phy_wrcal' [c:/Users/C27John.Alves/ECE383/ece383_wksp/ice1/ublaze1/ublaze1.gen/sources_1/bd/design_1/ip/design_1_mig_7series_0_2/design_1_mig_7series_0_2/user_design/rtl/phy/mig_7series_v4_2_ddr_phy_wrcal.v:77]
INFO: [Synth 8-155] case statement is not full and has no default [c:/Users/C27John.Alves/ECE383/ece383_wksp/ice1/ublaze1/ublaze1.gen/sources_1/bd/design_1/ip/design_1_mig_7series_0_2/design_1_mig_7series_0_2/user_design/rtl/phy/mig_7series_v4_2_ddr_phy_wrcal.v:1130]
INFO: [Synth 8-6155] done synthesizing module 'mig_7series_v4_2_ddr_phy_wrcal' (0#1) [c:/Users/C27John.Alves/ECE383/ece383_wksp/ice1/ublaze1/ublaze1.gen/sources_1/bd/design_1/ip/design_1_mig_7series_0_2/design_1_mig_7series_0_2/user_design/rtl/phy/mig_7series_v4_2_ddr_phy_wrcal.v:77]
INFO: [Synth 8-6157] synthesizing module 'mig_7series_v4_2_ddr_phy_tempmon' [c:/Users/C27John.Alves/ECE383/ece383_wksp/ice1/ublaze1/ublaze1.gen/sources_1/bd/design_1/ip/design_1_mig_7series_0_2/design_1_mig_7series_0_2/user_design/rtl/phy/mig_7series_v4_2_ddr_phy_tempmon.v:68]
INFO: [Synth 8-6155] done synthesizing module 'mig_7series_v4_2_ddr_phy_tempmon' (0#1) [c:/Users/C27John.Alves/ECE383/ece383_wksp/ice1/ublaze1/ublaze1.gen/sources_1/bd/design_1/ip/design_1_mig_7series_0_2/design_1_mig_7series_0_2/user_design/rtl/phy/mig_7series_v4_2_ddr_phy_tempmon.v:68]
INFO: [Synth 8-6155] done synthesizing module 'mig_7series_v4_2_ddr_calib_top' (0#1) [c:/Users/C27John.Alves/ECE383/ece383_wksp/ice1/ublaze1/ublaze1.gen/sources_1/bd/design_1/ip/design_1_mig_7series_0_2/design_1_mig_7series_0_2/user_design/rtl/phy/mig_7series_v4_2_ddr_calib_top.v:81]
WARNING: [Synth 8-689] width (12) of port connection 'pi_dqs_found_lanes' does not match port width (4) of module 'mig_7series_v4_2_ddr_calib_top' [c:/Users/C27John.Alves/ECE383/ece383_wksp/ice1/ublaze1/ublaze1.gen/sources_1/bd/design_1/ip/design_1_mig_7series_0_2/design_1_mig_7series_0_2/user_design/rtl/phy/mig_7series_v4_2_ddr_phy_top.v:1339]
INFO: [Synth 8-6155] done synthesizing module 'mig_7series_v4_2_ddr_phy_top' (0#1) [c:/Users/C27John.Alves/ECE383/ece383_wksp/ice1/ublaze1/ublaze1.gen/sources_1/bd/design_1/ip/design_1_mig_7series_0_2/design_1_mig_7series_0_2/user_design/rtl/phy/mig_7series_v4_2_ddr_phy_top.v:69]
INFO: [Synth 8-6155] done synthesizing module 'mig_7series_v4_2_mem_intfc' (0#1) [c:/Users/C27John.Alves/ECE383/ece383_wksp/ice1/ublaze1/ublaze1.gen/sources_1/bd/design_1/ip/design_1_mig_7series_0_2/design_1_mig_7series_0_2/user_design/rtl/ip_top/mig_7series_v4_2_mem_intfc.v:69]
INFO: [Synth 8-6157] synthesizing module 'mig_7series_v4_2_ui_top' [c:/Users/C27John.Alves/ECE383/ece383_wksp/ice1/ublaze1/ublaze1.gen/sources_1/bd/design_1/ip/design_1_mig_7series_0_2/design_1_mig_7series_0_2/user_design/rtl/ui/mig_7series_v4_2_ui_top.v:70]
INFO: [Synth 8-6157] synthesizing module 'mig_7series_v4_2_ui_cmd' [c:/Users/C27John.Alves/ECE383/ece383_wksp/ice1/ublaze1/ublaze1.gen/sources_1/bd/design_1/ip/design_1_mig_7series_0_2/design_1_mig_7series_0_2/user_design/rtl/ui/mig_7series_v4_2_ui_cmd.v:69]
INFO: [Synth 8-6155] done synthesizing module 'mig_7series_v4_2_ui_cmd' (0#1) [c:/Users/C27John.Alves/ECE383/ece383_wksp/ice1/ublaze1/ublaze1.gen/sources_1/bd/design_1/ip/design_1_mig_7series_0_2/design_1_mig_7series_0_2/user_design/rtl/ui/mig_7series_v4_2_ui_cmd.v:69]
INFO: [Synth 8-6157] synthesizing module 'mig_7series_v4_2_ui_wr_data' [c:/Users/C27John.Alves/ECE383/ece383_wksp/ice1/ublaze1/ublaze1.gen/sources_1/bd/design_1/ip/design_1_mig_7series_0_2/design_1_mig_7series_0_2/user_design/rtl/ui/mig_7series_v4_2_ui_wr_data.v:130]
INFO: [Synth 8-155] case statement is not full and has no default [c:/Users/C27John.Alves/ECE383/ece383_wksp/ice1/ublaze1/ublaze1.gen/sources_1/bd/design_1/ip/design_1_mig_7series_0_2/design_1_mig_7series_0_2/user_design/rtl/ui/mig_7series_v4_2_ui_wr_data.v:341]
INFO: [Synth 8-155] case statement is not full and has no default [c:/Users/C27John.Alves/ECE383/ece383_wksp/ice1/ublaze1/ublaze1.gen/sources_1/bd/design_1/ip/design_1_mig_7series_0_2/design_1_mig_7series_0_2/user_design/rtl/ui/mig_7series_v4_2_ui_wr_data.v:379]
INFO: [Synth 8-6155] done synthesizing module 'mig_7series_v4_2_ui_wr_data' (0#1) [c:/Users/C27John.Alves/ECE383/ece383_wksp/ice1/ublaze1/ublaze1.gen/sources_1/bd/design_1/ip/design_1_mig_7series_0_2/design_1_mig_7series_0_2/user_design/rtl/ui/mig_7series_v4_2_ui_wr_data.v:130]
INFO: [Synth 8-6157] synthesizing module 'mig_7series_v4_2_ui_rd_data' [c:/Users/C27John.Alves/ECE383/ece383_wksp/ice1/ublaze1/ublaze1.gen/sources_1/bd/design_1/ip/design_1_mig_7series_0_2/design_1_mig_7series_0_2/user_design/rtl/ui/mig_7series_v4_2_ui_rd_data.v:139]
INFO: [Synth 8-155] case statement is not full and has no default [c:/Users/C27John.Alves/ECE383/ece383_wksp/ice1/ublaze1/ublaze1.gen/sources_1/bd/design_1/ip/design_1_mig_7series_0_2/design_1_mig_7series_0_2/user_design/rtl/ui/mig_7series_v4_2_ui_rd_data.v:405]
WARNING: [Synth 8-567] referenced signal 'not_strict_mode.occ_cnt_r' should be on the sensitivity list [c:/Users/C27John.Alves/ECE383/ece383_wksp/ice1/ublaze1/ublaze1.gen/sources_1/bd/design_1/ip/design_1_mig_7series_0_2/design_1_mig_7series_0_2/user_design/rtl/ui/mig_7series_v4_2_ui_rd_data.v:402]
WARNING: [Synth 8-567] referenced signal 'not_strict_mode.free_rd_buf' should be on the sensitivity list [c:/Users/C27John.Alves/ECE383/ece383_wksp/ice1/ublaze1/ublaze1.gen/sources_1/bd/design_1/ip/design_1_mig_7series_0_2/design_1_mig_7series_0_2/user_design/rtl/ui/mig_7series_v4_2_ui_rd_data.v:402]
WARNING: [Synth 8-567] referenced signal 'not_strict_mode.occ_minus_one' should be on the sensitivity list [c:/Users/C27John.Alves/ECE383/ece383_wksp/ice1/ublaze1/ublaze1.gen/sources_1/bd/design_1/ip/design_1_mig_7series_0_2/design_1_mig_7series_0_2/user_design/rtl/ui/mig_7series_v4_2_ui_rd_data.v:402]
WARNING: [Synth 8-567] referenced signal 'not_strict_mode.occ_plus_one' should be on the sensitivity list [c:/Users/C27John.Alves/ECE383/ece383_wksp/ice1/ublaze1/ublaze1.gen/sources_1/bd/design_1/ip/design_1_mig_7series_0_2/design_1_mig_7series_0_2/user_design/rtl/ui/mig_7series_v4_2_ui_rd_data.v:402]
WARNING: [Synth 8-567] referenced signal 'not_strict_mode.rd_data_buf_addr_r_lcl' should be on the sensitivity list [c:/Users/C27John.Alves/ECE383/ece383_wksp/ice1/ublaze1/ublaze1.gen/sources_1/bd/design_1/ip/design_1_mig_7series_0_2/design_1_mig_7series_0_2/user_design/rtl/ui/mig_7series_v4_2_ui_rd_data.v:431]
INFO: [Synth 8-6155] done synthesizing module 'mig_7series_v4_2_ui_rd_data' (0#1) [c:/Users/C27John.Alves/ECE383/ece383_wksp/ice1/ublaze1/ublaze1.gen/sources_1/bd/design_1/ip/design_1_mig_7series_0_2/design_1_mig_7series_0_2/user_design/rtl/ui/mig_7series_v4_2_ui_rd_data.v:139]
INFO: [Synth 8-6155] done synthesizing module 'mig_7series_v4_2_ui_top' (0#1) [c:/Users/C27John.Alves/ECE383/ece383_wksp/ice1/ublaze1/ublaze1.gen/sources_1/bd/design_1/ip/design_1_mig_7series_0_2/design_1_mig_7series_0_2/user_design/rtl/ui/mig_7series_v4_2_ui_top.v:70]
INFO: [Synth 8-6157] synthesizing module 'mig_7series_v4_2_axi_mc' [c:/Users/C27John.Alves/ECE383/ece383_wksp/ice1/ublaze1/ublaze1.gen/sources_1/bd/design_1/ip/design_1_mig_7series_0_2/design_1_mig_7series_0_2/user_design/rtl/axi/mig_7series_v4_2_axi_mc.v:90]
INFO: [Synth 8-6157] synthesizing module 'mig_7series_v4_2_ddr_axi_upsizer' [c:/Users/C27John.Alves/ECE383/ece383_wksp/ice1/ublaze1/ublaze1.gen/sources_1/bd/design_1/ip/design_1_mig_7series_0_2/design_1_mig_7series_0_2/user_design/rtl/axi/mig_7series_v4_2_ddr_axi_upsizer.v:71]
INFO: [Synth 8-6157] synthesizing module 'mig_7series_v4_2_ddr_a_upsizer' [c:/Users/C27John.Alves/ECE383/ece383_wksp/ice1/ublaze1/ublaze1.gen/sources_1/bd/design_1/ip/design_1_mig_7series_0_2/design_1_mig_7series_0_2/user_design/rtl/axi/mig_7series_v4_2_ddr_a_upsizer.v:62]
INFO: [Synth 8-6157] synthesizing module 'MUXCY' [C:/Xilinx_383/Vivado/2024.2/scripts/rt/data/unisim_comp.v:90755]
INFO: [Synth 8-6155] done synthesizing module 'MUXCY' (0#1) [C:/Xilinx_383/Vivado/2024.2/scripts/rt/data/unisim_comp.v:90755]
INFO: [Synth 8-6157] synthesizing module 'XORCY' [C:/Xilinx_383/Vivado/2024.2/scripts/rt/data/unisim_comp.v:155012]
INFO: [Synth 8-6155] done synthesizing module 'XORCY' (0#1) [C:/Xilinx_383/Vivado/2024.2/scripts/rt/data/unisim_comp.v:155012]
INFO: [Synth 8-6157] synthesizing module 'mig_7series_v4_2_ddr_carry_latch_and' [c:/Users/C27John.Alves/ECE383/ece383_wksp/ice1/ublaze1/ublaze1.gen/sources_1/bd/design_1/ip/design_1_mig_7series_0_2/design_1_mig_7series_0_2/user_design/rtl/axi/mig_7series_v4_2_ddr_carry_latch_and.v:61]
INFO: [Common 17-14] Message 'Synth 8-6157' appears 100 times and further instances of the messages will be disabled. Use the Tcl command set_msg_config to change the current settings.
INFO: [Synth 8-6155] done synthesizing module 'AND2B1L' (0#1) [C:/Xilinx_383/Vivado/2024.2/scripts/rt/data/unisim_comp.v:1501]
INFO: [Synth 8-6155] done synthesizing module 'mig_7series_v4_2_ddr_carry_latch_and' (0#1) [c:/Users/C27John.Alves/ECE383/ece383_wksp/ice1/ublaze1/ublaze1.gen/sources_1/bd/design_1/ip/design_1_mig_7series_0_2/design_1_mig_7series_0_2/user_design/rtl/axi/mig_7series_v4_2_ddr_carry_latch_and.v:61]
INFO: [Synth 8-6155] done synthesizing module 'mig_7series_v4_2_ddr_carry_and' (0#1) [c:/Users/C27John.Alves/ECE383/ece383_wksp/ice1/ublaze1/ublaze1.gen/sources_1/bd/design_1/ip/design_1_mig_7series_0_2/design_1_mig_7series_0_2/user_design/rtl/axi/mig_7series_v4_2_ddr_carry_and.v:61]
INFO: [Synth 8-6155] done synthesizing module 'OR2L' (0#1) [C:/Xilinx_383/Vivado/2024.2/scripts/rt/data/unisim_comp.v:103336]
INFO: [Synth 8-6155] done synthesizing module 'mig_7series_v4_2_ddr_carry_latch_or' (0#1) [c:/Users/C27John.Alves/ECE383/ece383_wksp/ice1/ublaze1/ublaze1.gen/sources_1/bd/design_1/ip/design_1_mig_7series_0_2/design_1_mig_7series_0_2/user_design/rtl/axi/mig_7series_v4_2_ddr_carry_latch_or.v:61]
INFO: [Synth 8-6155] done synthesizing module 'FDRE' (0#1) [C:/Xilinx_383/Vivado/2024.2/scripts/rt/data/unisim_comp.v:43188]
INFO: [Synth 8-6155] done synthesizing module 'mig_7series_v4_2_ddr_command_fifo' (0#1) [c:/Users/C27John.Alves/ECE383/ece383_wksp/ice1/ublaze1/ublaze1.gen/sources_1/bd/design_1/ip/design_1_mig_7series_0_2/design_1_mig_7series_0_2/user_design/rtl/axi/mig_7series_v4_2_ddr_command_fifo.v:61]
INFO: [Common 17-14] Message 'Synth 8-6155' appears 100 times and further instances of the messages will be disabled. Use the Tcl command set_msg_config to change the current settings.
INFO: [Synth 8-155] case statement is not full and has no default [c:/Users/C27John.Alves/ECE383/ece383_wksp/ice1/ublaze1/ublaze1.gen/sources_1/bd/design_1/ip/design_1_mig_7series_0_2/design_1_mig_7series_0_2/user_design/rtl/axi/mig_7series_v4_2_ddr_axic_register_slice.v:183]
WARNING: [Synth 8-589] replacing case/wildcard equality operator === with logical equality operator == [c:/Users/C27John.Alves/ECE383/ece383_wksp/ice1/ublaze1/ublaze1.gen/sources_1/bd/design_1/ip/design_1_mig_7series_0_2/design_1_mig_7series_0_2/user_design/rtl/axi/mig_7series_v4_2_axi_mc_r_channel.v:189]
INFO: [Synth 8-155] case statement is not full and has no default [c:/Users/C27John.Alves/ECE383/ece383_wksp/ice1/ublaze1/ublaze1.gen/sources_1/bd/design_1/ip/design_1_mig_7series_0_2/design_1_mig_7series_0_2/user_design/rtl/axi/mig_7series_v4_2_axi_mc_r_channel.v:315]
WARNING: [Synth 8-6014] Unused sequential element periodic_rd_generation.read_this_rank_r1_reg was removed.  [c:/Users/C27John.Alves/ECE383/ece383_wksp/ice1/ublaze1/ublaze1.gen/sources_1/bd/design_1/ip/design_1_mig_7series_0_2/design_1_mig_7series_0_2/user_design/rtl/controller/mig_7series_v4_2_rank_cntrl.v:487]
WARNING: [Synth 8-3936] Found unconnected internal register 'dbl_req_reg' and it is trimmed from '6' to '5' bits. [c:/Users/C27John.Alves/ECE383/ece383_wksp/ice1/ublaze1/ublaze1.gen/sources_1/bd/design_1/ip/design_1_mig_7series_0_2/design_1_mig_7series_0_2/user_design/rtl/controller/mig_7series_v4_2_round_robin_arb.v:145]
WARNING: [Synth 8-3936] Found unconnected internal register 'dbl_last_master_ns_reg' and it is trimmed from '6' to '4' bits. [c:/Users/C27John.Alves/ECE383/ece383_wksp/ice1/ublaze1/ublaze1.gen/sources_1/bd/design_1/ip/design_1_mig_7series_0_2/design_1_mig_7series_0_2/user_design/rtl/controller/mig_7series_v4_2_round_robin_arb.v:143]
WARNING: [Synth 8-6014] Unused sequential element last_master_r_reg was removed.  [c:/Users/C27John.Alves/ECE383/ece383_wksp/ice1/ublaze1/ublaze1.gen/sources_1/bd/design_1/ip/design_1_mig_7series_0_2/design_1_mig_7series_0_2/user_design/rtl/controller/mig_7series_v4_2_round_robin_arb.v:181]
WARNING: [Synth 8-3848] Net channel[0].inh_group in module/entity mig_7series_v4_2_round_robin_arb__parameterized0 does not have driver. [c:/Users/C27John.Alves/ECE383/ece383_wksp/ice1/ublaze1/ublaze1.gen/sources_1/bd/design_1/ip/design_1_mig_7series_0_2/design_1_mig_7series_0_2/user_design/rtl/controller/mig_7series_v4_2_round_robin_arb.v:153]
WARNING: [Synth 8-3936] Found unconnected internal register 'col_addr_template_reg' and it is trimmed from '16' to '15' bits. [c:/Users/C27John.Alves/ECE383/ece383_wksp/ice1/ublaze1/ublaze1.gen/sources_1/bd/design_1/ip/design_1_mig_7series_0_2/design_1_mig_7series_0_2/user_design/rtl/controller/mig_7series_v4_2_bank_compare.v:251]
WARNING: [Synth 8-3936] Found unconnected internal register 'dbl_req_reg' and it is trimmed from '8' to '7' bits. [c:/Users/C27John.Alves/ECE383/ece383_wksp/ice1/ublaze1/ublaze1.gen/sources_1/bd/design_1/ip/design_1_mig_7series_0_2/design_1_mig_7series_0_2/user_design/rtl/controller/mig_7series_v4_2_round_robin_arb.v:145]
WARNING: [Synth 8-3936] Found unconnected internal register 'dbl_last_master_ns_reg' and it is trimmed from '8' to '6' bits. [c:/Users/C27John.Alves/ECE383/ece383_wksp/ice1/ublaze1/ublaze1.gen/sources_1/bd/design_1/ip/design_1_mig_7series_0_2/design_1_mig_7series_0_2/user_design/rtl/controller/mig_7series_v4_2_round_robin_arb.v:143]
WARNING: [Synth 8-6014] Unused sequential element sent_row_or_maint_r_reg was removed.  [c:/Users/C27John.Alves/ECE383/ece383_wksp/ice1/ublaze1/ublaze1.gen/sources_1/bd/design_1/ip/design_1_mig_7series_0_2/design_1_mig_7series_0_2/user_design/rtl/controller/mig_7series_v4_2_arb_row_col.v:357]
WARNING: [Synth 8-6014] Unused sequential element mc_aux_out_r_1_reg was removed.  [c:/Users/C27John.Alves/ECE383/ece383_wksp/ice1/ublaze1/ublaze1.gen/sources_1/bd/design_1/ip/design_1_mig_7series_0_2/design_1_mig_7series_0_2/user_design/rtl/controller/mig_7series_v4_2_arb_select.v:680]
WARNING: [Synth 8-6014] Unused sequential element mc_aux_out_r_2_reg was removed.  [c:/Users/C27John.Alves/ECE383/ece383_wksp/ice1/ublaze1/ublaze1.gen/sources_1/bd/design_1/ip/design_1_mig_7series_0_2/design_1_mig_7series_0_2/user_design/rtl/controller/mig_7series_v4_2_arb_select.v:681]
WARNING: [Synth 8-3848] Net col_mux.col_row_r in module/entity mig_7series_v4_2_arb_select does not have driver. [c:/Users/C27John.Alves/ECE383/ece383_wksp/ice1/ublaze1/ublaze1.gen/sources_1/bd/design_1/ip/design_1_mig_7series_0_2/design_1_mig_7series_0_2/user_design/rtl/controller/mig_7series_v4_2_arb_select.v:390]
WARNING: [Synth 8-3936] Found unconnected internal register 'read_fifo.fifo_out_data_r_reg' and it is trimmed from '12' to '8' bits. [c:/Users/C27John.Alves/ECE383/ece383_wksp/ice1/ublaze1/ublaze1.gen/sources_1/bd/design_1/ip/design_1_mig_7series_0_2/design_1_mig_7series_0_2/user_design/rtl/controller/mig_7series_v4_2_col_mach.v:396]
WARNING: [Synth 8-3848] Net oserdes_dqts_buf in module/entity mig_7series_v4_2_ddr_byte_group_io does not have driver. [c:/Users/C27John.Alves/ECE383/ece383_wksp/ice1/ublaze1/ublaze1.gen/sources_1/bd/design_1/ip/design_1_mig_7series_0_2/design_1_mig_7series_0_2/user_design/rtl/phy/mig_7series_v4_2_ddr_byte_group_io.v:142]
WARNING: [Synth 8-3848] Net oserdes_dqs_buf in module/entity mig_7series_v4_2_ddr_byte_group_io does not have driver. [c:/Users/C27John.Alves/ECE383/ece383_wksp/ice1/ublaze1/ublaze1.gen/sources_1/bd/design_1/ip/design_1_mig_7series_0_2/design_1_mig_7series_0_2/user_design/rtl/phy/mig_7series_v4_2_ddr_byte_group_io.v:143]
WARNING: [Synth 8-3848] Net oserdes_dqsts_buf in module/entity mig_7series_v4_2_ddr_byte_group_io does not have driver. [c:/Users/C27John.Alves/ECE383/ece383_wksp/ice1/ublaze1/ublaze1.gen/sources_1/bd/design_1/ip/design_1_mig_7series_0_2/design_1_mig_7series_0_2/user_design/rtl/phy/mig_7series_v4_2_ddr_byte_group_io.v:144]
WARNING: [Synth 8-3848] Net iserdes_dout in module/entity mig_7series_v4_2_ddr_byte_group_io does not have driver. [c:/Users/C27John.Alves/ECE383/ece383_wksp/ice1/ublaze1/ublaze1.gen/sources_1/bd/design_1/ip/design_1_mig_7series_0_2/design_1_mig_7series_0_2/user_design/rtl/phy/mig_7series_v4_2_ddr_byte_group_io.v:91]
WARNING: [Synth 8-6014] Unused sequential element ififo_rst_reg was removed.  [c:/Users/C27John.Alves/ECE383/ece383_wksp/ice1/ublaze1/ublaze1.gen/sources_1/bd/design_1/ip/design_1_mig_7series_0_2/design_1_mig_7series_0_2/user_design/rtl/phy/mig_7series_v4_2_ddr_byte_lane.v:305]
WARNING: [Synth 8-3848] Net rclk in module/entity mig_7series_v4_2_ddr_byte_lane does not have driver. [c:/Users/C27John.Alves/ECE383/ece383_wksp/ice1/ublaze1/ublaze1.gen/sources_1/bd/design_1/ip/design_1_mig_7series_0_2/design_1_mig_7series_0_2/user_design/rtl/phy/mig_7series_v4_2_ddr_byte_lane.v:145]
WARNING: [Synth 8-3848] Net pi_iserdes_rst in module/entity mig_7series_v4_2_ddr_byte_lane does not have driver. [c:/Users/C27John.Alves/ECE383/ece383_wksp/ice1/ublaze1/ublaze1.gen/sources_1/bd/design_1/ip/design_1_mig_7series_0_2/design_1_mig_7series_0_2/user_design/rtl/phy/mig_7series_v4_2_ddr_byte_lane.v:191]
WARNING: [Synth 8-3848] Net pi_fine_overflow in module/entity mig_7series_v4_2_ddr_byte_lane does not have driver. [c:/Users/C27John.Alves/ECE383/ece383_wksp/ice1/ublaze1/ublaze1.gen/sources_1/bd/design_1/ip/design_1_mig_7series_0_2/design_1_mig_7series_0_2/user_design/rtl/phy/mig_7series_v4_2_ddr_byte_lane.v:193]
WARNING: [Synth 8-3848] Net pi_counter_read_val_w in module/entity mig_7series_v4_2_ddr_byte_lane does not have driver. [c:/Users/C27John.Alves/ECE383/ece383_wksp/ice1/ublaze1/ublaze1.gen/sources_1/bd/design_1/ip/design_1_mig_7series_0_2/design_1_mig_7series_0_2/user_design/rtl/phy/mig_7series_v4_2_ddr_byte_lane.v:429]
WARNING: [Synth 8-3848] Net dqs_out_of_range in module/entity mig_7series_v4_2_ddr_byte_lane does not have driver. [c:/Users/C27John.Alves/ECE383/ece383_wksp/ice1/ublaze1/ublaze1.gen/sources_1/bd/design_1/ip/design_1_mig_7series_0_2/design_1_mig_7series_0_2/user_design/rtl/phy/mig_7series_v4_2_ddr_byte_lane.v:196]
WARNING: [Synth 8-3848] Net iserdes_clk in module/entity mig_7series_v4_2_ddr_byte_lane does not have driver. [c:/Users/C27John.Alves/ECE383/ece383_wksp/ice1/ublaze1/ublaze1.gen/sources_1/bd/design_1/ip/design_1_mig_7series_0_2/design_1_mig_7series_0_2/user_design/rtl/phy/mig_7series_v4_2_ddr_byte_lane.v:273]
WARNING: [Synth 8-3848] Net iserdes_clkdiv in module/entity mig_7series_v4_2_ddr_byte_lane does not have driver. [c:/Users/C27John.Alves/ECE383/ece383_wksp/ice1/ublaze1/ublaze1.gen/sources_1/bd/design_1/ip/design_1_mig_7series_0_2/design_1_mig_7series_0_2/user_design/rtl/phy/mig_7series_v4_2_ddr_byte_lane.v:274]
WARNING: [Synth 8-3848] Net oserdes_dqts_buf in module/entity mig_7series_v4_2_ddr_byte_group_io__parameterized0 does not have driver. [c:/Users/C27John.Alves/ECE383/ece383_wksp/ice1/ublaze1/ublaze1.gen/sources_1/bd/design_1/ip/design_1_mig_7series_0_2/design_1_mig_7series_0_2/user_design/rtl/phy/mig_7series_v4_2_ddr_byte_group_io.v:142]
WARNING: [Synth 8-3848] Net oserdes_dqs_buf in module/entity mig_7series_v4_2_ddr_byte_group_io__parameterized0 does not have driver. [c:/Users/C27John.Alves/ECE383/ece383_wksp/ice1/ublaze1/ublaze1.gen/sources_1/bd/design_1/ip/design_1_mig_7series_0_2/design_1_mig_7series_0_2/user_design/rtl/phy/mig_7series_v4_2_ddr_byte_group_io.v:143]
WARNING: [Synth 8-3848] Net oserdes_dqsts_buf in module/entity mig_7series_v4_2_ddr_byte_group_io__parameterized0 does not have driver. [c:/Users/C27John.Alves/ECE383/ece383_wksp/ice1/ublaze1/ublaze1.gen/sources_1/bd/design_1/ip/design_1_mig_7series_0_2/design_1_mig_7series_0_2/user_design/rtl/phy/mig_7series_v4_2_ddr_byte_group_io.v:144]
WARNING: [Synth 8-3848] Net iserdes_dout in module/entity mig_7series_v4_2_ddr_byte_group_io__parameterized0 does not have driver. [c:/Users/C27John.Alves/ECE383/ece383_wksp/ice1/ublaze1/ublaze1.gen/sources_1/bd/design_1/ip/design_1_mig_7series_0_2/design_1_mig_7series_0_2/user_design/rtl/phy/mig_7series_v4_2_ddr_byte_group_io.v:91]
WARNING: [Synth 8-6014] Unused sequential element ififo_rst_reg was removed.  [c:/Users/C27John.Alves/ECE383/ece383_wksp/ice1/ublaze1/ublaze1.gen/sources_1/bd/design_1/ip/design_1_mig_7series_0_2/design_1_mig_7series_0_2/user_design/rtl/phy/mig_7series_v4_2_ddr_byte_lane.v:305]
WARNING: [Synth 8-3848] Net rclk in module/entity mig_7series_v4_2_ddr_byte_lane__parameterized0 does not have driver. [c:/Users/C27John.Alves/ECE383/ece383_wksp/ice1/ublaze1/ublaze1.gen/sources_1/bd/design_1/ip/design_1_mig_7series_0_2/design_1_mig_7series_0_2/user_design/rtl/phy/mig_7series_v4_2_ddr_byte_lane.v:145]
WARNING: [Synth 8-3848] Net pi_iserdes_rst in module/entity mig_7series_v4_2_ddr_byte_lane__parameterized0 does not have driver. [c:/Users/C27John.Alves/ECE383/ece383_wksp/ice1/ublaze1/ublaze1.gen/sources_1/bd/design_1/ip/design_1_mig_7series_0_2/design_1_mig_7series_0_2/user_design/rtl/phy/mig_7series_v4_2_ddr_byte_lane.v:191]
WARNING: [Synth 8-3848] Net pi_fine_overflow in module/entity mig_7series_v4_2_ddr_byte_lane__parameterized0 does not have driver. [c:/Users/C27John.Alves/ECE383/ece383_wksp/ice1/ublaze1/ublaze1.gen/sources_1/bd/design_1/ip/design_1_mig_7series_0_2/design_1_mig_7series_0_2/user_design/rtl/phy/mig_7series_v4_2_ddr_byte_lane.v:193]
WARNING: [Synth 8-3848] Net pi_counter_read_val_w in module/entity mig_7series_v4_2_ddr_byte_lane__parameterized0 does not have driver. [c:/Users/C27John.Alves/ECE383/ece383_wksp/ice1/ublaze1/ublaze1.gen/sources_1/bd/design_1/ip/design_1_mig_7series_0_2/design_1_mig_7series_0_2/user_design/rtl/phy/mig_7series_v4_2_ddr_byte_lane.v:429]
WARNING: [Synth 8-3848] Net dqs_out_of_range in module/entity mig_7series_v4_2_ddr_byte_lane__parameterized0 does not have driver. [c:/Users/C27John.Alves/ECE383/ece383_wksp/ice1/ublaze1/ublaze1.gen/sources_1/bd/design_1/ip/design_1_mig_7series_0_2/design_1_mig_7series_0_2/user_design/rtl/phy/mig_7series_v4_2_ddr_byte_lane.v:196]
WARNING: [Synth 8-3848] Net iserdes_clk in module/entity mig_7series_v4_2_ddr_byte_lane__parameterized0 does not have driver. [c:/Users/C27John.Alves/ECE383/ece383_wksp/ice1/ublaze1/ublaze1.gen/sources_1/bd/design_1/ip/design_1_mig_7series_0_2/design_1_mig_7series_0_2/user_design/rtl/phy/mig_7series_v4_2_ddr_byte_lane.v:273]
WARNING: [Synth 8-3848] Net iserdes_clkdiv in module/entity mig_7series_v4_2_ddr_byte_lane__parameterized0 does not have driver. [c:/Users/C27John.Alves/ECE383/ece383_wksp/ice1/ublaze1/ublaze1.gen/sources_1/bd/design_1/ip/design_1_mig_7series_0_2/design_1_mig_7series_0_2/user_design/rtl/phy/mig_7series_v4_2_ddr_byte_lane.v:274]
WARNING: [Synth 8-6014] Unused sequential element fine_delay_r_reg was removed.  [c:/Users/C27John.Alves/ECE383/ece383_wksp/ice1/ublaze1/ublaze1.gen/sources_1/bd/design_1/ip/design_1_mig_7series_0_2/design_1_mig_7series_0_2/user_design/rtl/phy/mig_7series_v4_2_ddr_byte_group_io.v:184]
WARNING: [Synth 8-3848] Net dummy_i5 in module/entity mig_7series_v4_2_ddr_byte_lane__parameterized1 does not have driver. [c:/Users/C27John.Alves/ECE383/ece383_wksp/ice1/ublaze1/ublaze1.gen/sources_1/bd/design_1/ip/design_1_mig_7series_0_2/design_1_mig_7series_0_2/user_design/rtl/phy/mig_7series_v4_2_ddr_byte_lane.v:267]
WARNING: [Synth 8-3848] Net dummy_i6 in module/entity mig_7series_v4_2_ddr_byte_lane__parameterized1 does not have driver. [c:/Users/C27John.Alves/ECE383/ece383_wksp/ice1/ublaze1/ublaze1.gen/sources_1/bd/design_1/ip/design_1_mig_7series_0_2/design_1_mig_7series_0_2/user_design/rtl/phy/mig_7series_v4_2_ddr_byte_lane.v:268]
WARNING: [Synth 8-6014] Unused sequential element fine_delay_r_reg was removed.  [c:/Users/C27John.Alves/ECE383/ece383_wksp/ice1/ublaze1/ublaze1.gen/sources_1/bd/design_1/ip/design_1_mig_7series_0_2/design_1_mig_7series_0_2/user_design/rtl/phy/mig_7series_v4_2_ddr_byte_group_io.v:184]
WARNING: [Synth 8-3848] Net dummy_i5 in module/entity mig_7series_v4_2_ddr_byte_lane__parameterized2 does not have driver. [c:/Users/C27John.Alves/ECE383/ece383_wksp/ice1/ublaze1/ublaze1.gen/sources_1/bd/design_1/ip/design_1_mig_7series_0_2/design_1_mig_7series_0_2/user_design/rtl/phy/mig_7series_v4_2_ddr_byte_lane.v:267]
WARNING: [Synth 8-3848] Net dummy_i6 in module/entity mig_7series_v4_2_ddr_byte_lane__parameterized2 does not have driver. [c:/Users/C27John.Alves/ECE383/ece383_wksp/ice1/ublaze1/ublaze1.gen/sources_1/bd/design_1/ip/design_1_mig_7series_0_2/design_1_mig_7series_0_2/user_design/rtl/phy/mig_7series_v4_2_ddr_byte_lane.v:268]
WARNING: [Synth 8-6014] Unused sequential element B_rst_primitives_reg was removed.  [c:/Users/C27John.Alves/ECE383/ece383_wksp/ice1/ublaze1/ublaze1.gen/sources_1/bd/design_1/ip/design_1_mig_7series_0_2/design_1_mig_7series_0_2/user_design/rtl/phy/mig_7series_v4_2_ddr_phy_4lanes.v:737]
WARNING: [Synth 8-6014] Unused sequential element C_rst_primitives_reg was removed.  [c:/Users/C27John.Alves/ECE383/ece383_wksp/ice1/ublaze1/ublaze1.gen/sources_1/bd/design_1/ip/design_1_mig_7series_0_2/design_1_mig_7series_0_2/user_design/rtl/phy/mig_7series_v4_2_ddr_phy_4lanes.v:738]
WARNING: [Synth 8-6014] Unused sequential element D_rst_primitives_reg was removed.  [c:/Users/C27John.Alves/ECE383/ece383_wksp/ice1/ublaze1/ublaze1.gen/sources_1/bd/design_1/ip/design_1_mig_7series_0_2/design_1_mig_7series_0_2/user_design/rtl/phy/mig_7series_v4_2_ddr_phy_4lanes.v:739]
WARNING: [Synth 8-3936] Found unconnected internal register 'byte_sel_data_map_reg' and it is trimmed from '96' to '88' bits. [c:/Users/C27John.Alves/ECE383/ece383_wksp/ice1/ublaze1/ublaze1.gen/sources_1/bd/design_1/ip/design_1_mig_7series_0_2/design_1_mig_7series_0_2/user_design/rtl/phy/mig_7series_v4_2_ddr_mc_phy_wrapper.v:731]
WARNING: [Synth 8-3848] Net phy_data_full in module/entity mig_7series_v4_2_ddr_mc_phy_wrapper does not have driver. [c:/Users/C27John.Alves/ECE383/ece383_wksp/ice1/ublaze1/ublaze1.gen/sources_1/bd/design_1/ip/design_1_mig_7series_0_2/design_1_mig_7series_0_2/user_design/rtl/phy/mig_7series_v4_2_ddr_mc_phy_wrapper.v:227]
WARNING: [Synth 8-3848] Net ddr_cs_n in module/entity mig_7series_v4_2_ddr_mc_phy_wrapper does not have driver. [c:/Users/C27John.Alves/ECE383/ece383_wksp/ice1/ublaze1/ublaze1.gen/sources_1/bd/design_1/ip/design_1_mig_7series_0_2/design_1_mig_7series_0_2/user_design/rtl/phy/mig_7series_v4_2_ddr_mc_phy_wrapper.v:284]
WARNING: [Synth 8-6014] Unused sequential element fast_cal_fine_cnt_reg was removed.  [c:/Users/C27John.Alves/ECE383/ece383_wksp/ice1/ublaze1/ublaze1.gen/sources_1/bd/design_1/ip/design_1_mig_7series_0_2/design_1_mig_7series_0_2/user_design/rtl/phy/mig_7series_v4_2_ddr_phy_wrlvl.v:790]
WARNING: [Synth 8-6014] Unused sequential element fast_cal_coarse_cnt_reg was removed.  [c:/Users/C27John.Alves/ECE383/ece383_wksp/ice1/ublaze1/ublaze1.gen/sources_1/bd/design_1/ip/design_1_mig_7series_0_2/design_1_mig_7series_0_2/user_design/rtl/phy/mig_7series_v4_2_ddr_phy_wrlvl.v:791]
WARNING: [Synth 8-6014] Unused sequential element final_corse_dec_reg was removed.  [c:/Users/C27John.Alves/ECE383/ece383_wksp/ice1/ublaze1/ublaze1.gen/sources_1/bd/design_1/ip/design_1_mig_7series_0_2/design_1_mig_7series_0_2/user_design/rtl/phy/mig_7series_v4_2_ddr_phy_wrlvl.v:792]
WARNING: [Synth 8-6014] Unused sequential element add_smallest_reg[1] was removed.  [c:/Users/C27John.Alves/ECE383/ece383_wksp/ice1/ublaze1/ublaze1.gen/sources_1/bd/design_1/ip/design_1_mig_7series_0_2/design_1_mig_7series_0_2/user_design/rtl/phy/mig_7series_v4_2_ddr_phy_wrlvl.v:516]
WARNING: [Synth 8-6014] Unused sequential element add_largest_reg[0] was removed.  [c:/Users/C27John.Alves/ECE383/ece383_wksp/ice1/ublaze1/ublaze1.gen/sources_1/bd/design_1/ip/design_1_mig_7series_0_2/design_1_mig_7series_0_2/user_design/rtl/phy/mig_7series_v4_2_ddr_phy_wrlvl.v:517]
WARNING: [Synth 8-6014] Unused sequential element add_largest_reg[1] was removed.  [c:/Users/C27John.Alves/ECE383/ece383_wksp/ice1/ublaze1/ublaze1.gen/sources_1/bd/design_1/ip/design_1_mig_7series_0_2/design_1_mig_7series_0_2/user_design/rtl/phy/mig_7series_v4_2_ddr_phy_wrlvl.v:517]
WARNING: [Synth 8-6014] Unused sequential element dqs_wl_po_en_stg2_c_reg was removed.  [c:/Users/C27John.Alves/ECE383/ece383_wksp/ice1/ublaze1/ublaze1.gen/sources_1/bd/design_1/ip/design_1_mig_7series_0_2/design_1_mig_7series_0_2/user_design/rtl/phy/mig_7series_v4_2_ddr_phy_wrlvl.v:628]
WARNING: [Synth 8-6014] Unused sequential element po_en_stg2_c_reg was removed.  [c:/Users/C27John.Alves/ECE383/ece383_wksp/ice1/ublaze1/ublaze1.gen/sources_1/bd/design_1/ip/design_1_mig_7series_0_2/design_1_mig_7series_0_2/user_design/rtl/phy/mig_7series_v4_2_ddr_phy_ck_addr_cmd_delay.v:162]
WARNING: [Synth 8-6014] Unused sequential element rank_final_loop[0].final_do_max_reg[0] was removed.  [c:/Users/C27John.Alves/ECE383/ece383_wksp/ice1/ublaze1/ublaze1.gen/sources_1/bd/design_1/ip/design_1_mig_7series_0_2/design_1_mig_7series_0_2/user_design/rtl/phy/mig_7series_v4_2_ddr_phy_dqs_found_cal_hr.v:1116]
WARNING: [Synth 8-6014] Unused sequential element rank_final_loop[0].final_do_index_reg[0] was removed.  [c:/Users/C27John.Alves/ECE383/ece383_wksp/ice1/ublaze1/ublaze1.gen/sources_1/bd/design_1/ip/design_1_mig_7series_0_2/design_1_mig_7series_0_2/user_design/rtl/phy/mig_7series_v4_2_ddr_phy_dqs_found_cal_hr.v:1146]
WARNING: [Synth 8-6014] Unused sequential element dqsfound_retry_r1_reg was removed.  [c:/Users/C27John.Alves/ECE383/ece383_wksp/ice1/ublaze1/ublaze1.gen/sources_1/bd/design_1/ip/design_1_mig_7series_0_2/design_1_mig_7series_0_2/user_design/rtl/phy/mig_7series_v4_2_ddr_phy_dqs_found_cal_hr.v:690]
WARNING: [Synth 8-3848] Net dqsfound_retry_done in module/entity mig_7series_v4_2_ddr_phy_dqs_found_cal_hr does not have driver. [c:/Users/C27John.Alves/ECE383/ece383_wksp/ice1/ublaze1/ublaze1.gen/sources_1/bd/design_1/ip/design_1_mig_7series_0_2/design_1_mig_7series_0_2/user_design/rtl/phy/mig_7series_v4_2_ddr_phy_dqs_found_cal_hr.v:131]
WARNING: [Synth 8-6014] Unused sequential element gen_track_left_edge[0].pb_found_first_edge_r_reg was removed.  [c:/Users/C27John.Alves/ECE383/ece383_wksp/ice1/ublaze1/ublaze1.gen/sources_1/bd/design_1/ip/design_1_mig_7series_0_2/design_1_mig_7series_0_2/user_design/rtl/phy/mig_7series_v4_2_ddr_phy_rdlvl.v:2473]
WARNING: [Synth 8-6014] Unused sequential element gen_track_left_edge[1].pb_found_first_edge_r_reg was removed.  [c:/Users/C27John.Alves/ECE383/ece383_wksp/ice1/ublaze1/ublaze1.gen/sources_1/bd/design_1/ip/design_1_mig_7series_0_2/design_1_mig_7series_0_2/user_design/rtl/phy/mig_7series_v4_2_ddr_phy_rdlvl.v:2473]
WARNING: [Synth 8-6014] Unused sequential element gen_track_left_edge[2].pb_found_first_edge_r_reg was removed.  [c:/Users/C27John.Alves/ECE383/ece383_wksp/ice1/ublaze1/ublaze1.gen/sources_1/bd/design_1/ip/design_1_mig_7series_0_2/design_1_mig_7series_0_2/user_design/rtl/phy/mig_7series_v4_2_ddr_phy_rdlvl.v:2473]
WARNING: [Synth 8-6014] Unused sequential element gen_track_left_edge[3].pb_found_first_edge_r_reg was removed.  [c:/Users/C27John.Alves/ECE383/ece383_wksp/ice1/ublaze1/ublaze1.gen/sources_1/bd/design_1/ip/design_1_mig_7series_0_2/design_1_mig_7series_0_2/user_design/rtl/phy/mig_7series_v4_2_ddr_phy_rdlvl.v:2473]
WARNING: [Synth 8-6014] Unused sequential element gen_track_left_edge[4].pb_found_first_edge_r_reg was removed.  [c:/Users/C27John.Alves/ECE383/ece383_wksp/ice1/ublaze1/ublaze1.gen/sources_1/bd/design_1/ip/design_1_mig_7series_0_2/design_1_mig_7series_0_2/user_design/rtl/phy/mig_7series_v4_2_ddr_phy_rdlvl.v:2473]
WARNING: [Synth 8-6014] Unused sequential element gen_track_left_edge[5].pb_found_first_edge_r_reg was removed.  [c:/Users/C27John.Alves/ECE383/ece383_wksp/ice1/ublaze1/ublaze1.gen/sources_1/bd/design_1/ip/design_1_mig_7series_0_2/design_1_mig_7series_0_2/user_design/rtl/phy/mig_7series_v4_2_ddr_phy_rdlvl.v:2473]
WARNING: [Synth 8-6014] Unused sequential element gen_track_left_edge[6].pb_found_first_edge_r_reg was removed.  [c:/Users/C27John.Alves/ECE383/ece383_wksp/ice1/ublaze1/ublaze1.gen/sources_1/bd/design_1/ip/design_1_mig_7series_0_2/design_1_mig_7series_0_2/user_design/rtl/phy/mig_7series_v4_2_ddr_phy_rdlvl.v:2473]
WARNING: [Synth 8-6014] Unused sequential element gen_track_left_edge[7].pb_found_first_edge_r_reg was removed.  [c:/Users/C27John.Alves/ECE383/ece383_wksp/ice1/ublaze1/ublaze1.gen/sources_1/bd/design_1/ip/design_1_mig_7series_0_2/design_1_mig_7series_0_2/user_design/rtl/phy/mig_7series_v4_2_ddr_phy_rdlvl.v:2473]
WARNING: [Synth 8-6014] Unused sequential element rdlvl_stg1_done_int_r1_reg was removed.  [c:/Users/C27John.Alves/ECE383/ece383_wksp/ice1/ublaze1/ublaze1.gen/sources_1/bd/design_1/ip/design_1_mig_7series_0_2/design_1_mig_7series_0_2/user_design/rtl/phy/mig_7series_v4_2_ddr_phy_rdlvl.v:685]
WARNING: [Synth 8-6014] Unused sequential element rdlvl_stg1_done_int_r2_reg was removed.  [c:/Users/C27John.Alves/ECE383/ece383_wksp/ice1/ublaze1/ublaze1.gen/sources_1/bd/design_1/ip/design_1_mig_7series_0_2/design_1_mig_7series_0_2/user_design/rtl/phy/mig_7series_v4_2_ddr_phy_rdlvl.v:686]
WARNING: [Synth 8-6014] Unused sequential element rdlvl_stg1_done_int_r3_reg was removed.  [c:/Users/C27John.Alves/ECE383/ece383_wksp/ice1/ublaze1/ublaze1.gen/sources_1/bd/design_1/ip/design_1_mig_7series_0_2/design_1_mig_7series_0_2/user_design/rtl/phy/mig_7series_v4_2_ddr_phy_rdlvl.v:687]
WARNING: [Synth 8-6014] Unused sequential element rdlvl_last_byte_done_int_r1_reg was removed.  [c:/Users/C27John.Alves/ECE383/ece383_wksp/ice1/ublaze1/ublaze1.gen/sources_1/bd/design_1/ip/design_1_mig_7series_0_2/design_1_mig_7series_0_2/user_design/rtl/phy/mig_7series_v4_2_ddr_phy_rdlvl.v:688]
WARNING: [Synth 8-6014] Unused sequential element rdlvl_last_byte_done_int_r2_reg was removed.  [c:/Users/C27John.Alves/ECE383/ece383_wksp/ice1/ublaze1/ublaze1.gen/sources_1/bd/design_1/ip/design_1_mig_7series_0_2/design_1_mig_7series_0_2/user_design/rtl/phy/mig_7series_v4_2_ddr_phy_rdlvl.v:689]
WARNING: [Synth 8-6014] Unused sequential element rdlvl_last_byte_done_int_r3_reg was removed.  [c:/Users/C27John.Alves/ECE383/ece383_wksp/ice1/ublaze1/ublaze1.gen/sources_1/bd/design_1/ip/design_1_mig_7series_0_2/design_1_mig_7series_0_2/user_design/rtl/phy/mig_7series_v4_2_ddr_phy_rdlvl.v:690]
WARNING: [Synth 8-6014] Unused sequential element fine_dly_dec_done_r3_reg was removed.  [c:/Users/C27John.Alves/ECE383/ece383_wksp/ice1/ublaze1/ublaze1.gen/sources_1/bd/design_1/ip/design_1_mig_7series_0_2/design_1_mig_7series_0_2/user_design/rtl/phy/mig_7series_v4_2_ddr_phy_rdlvl.v:939]
WARNING: [Synth 8-6014] Unused sequential element fine_dly_dec_done_r4_reg was removed.  [c:/Users/C27John.Alves/ECE383/ece383_wksp/ice1/ublaze1/ublaze1.gen/sources_1/bd/design_1/ip/design_1_mig_7series_0_2/design_1_mig_7series_0_2/user_design/rtl/phy/mig_7series_v4_2_ddr_phy_rdlvl.v:940]
WARNING: [Synth 8-6014] Unused sequential element regl_rank_done_r_reg was removed.  [c:/Users/C27John.Alves/ECE383/ece383_wksp/ice1/ublaze1/ublaze1.gen/sources_1/bd/design_1/ip/design_1_mig_7series_0_2/design_1_mig_7series_0_2/user_design/rtl/phy/mig_7series_v4_2_ddr_phy_rdlvl.v:1043]
WARNING: [Synth 8-6014] Unused sequential element cal1_state_r2_reg was removed.  [c:/Users/C27John.Alves/ECE383/ece383_wksp/ice1/ublaze1/ublaze1.gen/sources_1/bd/design_1/ip/design_1_mig_7series_0_2/design_1_mig_7series_0_2/user_design/rtl/phy/mig_7series_v4_2_ddr_phy_rdlvl.v:2695]
WARNING: [Synth 8-6014] Unused sequential element cal1_state_r3_reg was removed.  [c:/Users/C27John.Alves/ECE383/ece383_wksp/ice1/ublaze1/ublaze1.gen/sources_1/bd/design_1/ip/design_1_mig_7series_0_2/design_1_mig_7series_0_2/user_design/rtl/phy/mig_7series_v4_2_ddr_phy_rdlvl.v:2696]
WARNING: [Synth 8-6014] Unused sequential element cal1_cnt_cpt_timing_r_reg was removed.  [c:/Users/C27John.Alves/ECE383/ece383_wksp/ice1/ublaze1/ublaze1.gen/sources_1/bd/design_1/ip/design_1_mig_7series_0_2/design_1_mig_7series_0_2/user_design/rtl/phy/mig_7series_v4_2_ddr_phy_rdlvl.v:609]
WARNING: [Synth 8-6014] Unused sequential element gen_mux_div4.gen_rd_4[0].mux_rd_rise0_r4_reg was removed.  [c:/Users/C27John.Alves/ECE383/ece383_wksp/ice1/ublaze1/ublaze1.gen/sources_1/bd/design_1/ip/design_1_mig_7series_0_2/design_1_mig_7series_0_2/user_design/rtl/phy/mig_7series_v4_2_ddr_phy_prbs_rdlvl.v:557]
WARNING: [Synth 8-6014] Unused sequential element gen_mux_div4.gen_rd_4[0].mux_rd_fall0_r4_reg was removed.  [c:/Users/C27John.Alves/ECE383/ece383_wksp/ice1/ublaze1/ublaze1.gen/sources_1/bd/design_1/ip/design_1_mig_7series_0_2/design_1_mig_7series_0_2/user_design/rtl/phy/mig_7series_v4_2_ddr_phy_prbs_rdlvl.v:558]
WARNING: [Synth 8-6014] Unused sequential element gen_mux_div4.gen_rd_4[0].mux_rd_rise1_r4_reg was removed.  [c:/Users/C27John.Alves/ECE383/ece383_wksp/ice1/ublaze1/ublaze1.gen/sources_1/bd/design_1/ip/design_1_mig_7series_0_2/design_1_mig_7series_0_2/user_design/rtl/phy/mig_7series_v4_2_ddr_phy_prbs_rdlvl.v:559]
WARNING: [Synth 8-6014] Unused sequential element gen_mux_div4.gen_rd_4[0].mux_rd_fall1_r4_reg was removed.  [c:/Users/C27John.Alves/ECE383/ece383_wksp/ice1/ublaze1/ublaze1.gen/sources_1/bd/design_1/ip/design_1_mig_7series_0_2/design_1_mig_7series_0_2/user_design/rtl/phy/mig_7series_v4_2_ddr_phy_prbs_rdlvl.v:560]
WARNING: [Synth 8-6014] Unused sequential element gen_mux_div4.gen_rd_4[0].mux_rd_rise2_r4_reg was removed.  [c:/Users/C27John.Alves/ECE383/ece383_wksp/ice1/ublaze1/ublaze1.gen/sources_1/bd/design_1/ip/design_1_mig_7series_0_2/design_1_mig_7series_0_2/user_design/rtl/phy/mig_7series_v4_2_ddr_phy_prbs_rdlvl.v:561]
WARNING: [Synth 8-6014] Unused sequential element gen_mux_div4.gen_rd_4[0].mux_rd_fall2_r4_reg was removed.  [c:/Users/C27John.Alves/ECE383/ece383_wksp/ice1/ublaze1/ublaze1.gen/sources_1/bd/design_1/ip/design_1_mig_7series_0_2/design_1_mig_7series_0_2/user_design/rtl/phy/mig_7series_v4_2_ddr_phy_prbs_rdlvl.v:562]
WARNING: [Synth 8-6014] Unused sequential element gen_mux_div4.gen_rd_4[0].mux_rd_rise3_r4_reg was removed.  [c:/Users/C27John.Alves/ECE383/ece383_wksp/ice1/ublaze1/ublaze1.gen/sources_1/bd/design_1/ip/design_1_mig_7series_0_2/design_1_mig_7series_0_2/user_design/rtl/phy/mig_7series_v4_2_ddr_phy_prbs_rdlvl.v:563]
WARNING: [Synth 8-6014] Unused sequential element gen_mux_div4.gen_rd_4[0].mux_rd_fall3_r4_reg was removed.  [c:/Users/C27John.Alves/ECE383/ece383_wksp/ice1/ublaze1/ublaze1.gen/sources_1/bd/design_1/ip/design_1_mig_7series_0_2/design_1_mig_7series_0_2/user_design/rtl/phy/mig_7series_v4_2_ddr_phy_prbs_rdlvl.v:564]
WARNING: [Synth 8-6014] Unused sequential element gen_mux_div4.gen_rd_4[1].mux_rd_rise0_r4_reg was removed.  [c:/Users/C27John.Alves/ECE383/ece383_wksp/ice1/ublaze1/ublaze1.gen/sources_1/bd/design_1/ip/design_1_mig_7series_0_2/design_1_mig_7series_0_2/user_design/rtl/phy/mig_7series_v4_2_ddr_phy_prbs_rdlvl.v:557]
WARNING: [Synth 8-6014] Unused sequential element gen_mux_div4.gen_rd_4[1].mux_rd_fall0_r4_reg was removed.  [c:/Users/C27John.Alves/ECE383/ece383_wksp/ice1/ublaze1/ublaze1.gen/sources_1/bd/design_1/ip/design_1_mig_7series_0_2/design_1_mig_7series_0_2/user_design/rtl/phy/mig_7series_v4_2_ddr_phy_prbs_rdlvl.v:558]
WARNING: [Synth 8-6014] Unused sequential element gen_mux_div4.gen_rd_4[1].mux_rd_rise1_r4_reg was removed.  [c:/Users/C27John.Alves/ECE383/ece383_wksp/ice1/ublaze1/ublaze1.gen/sources_1/bd/design_1/ip/design_1_mig_7series_0_2/design_1_mig_7series_0_2/user_design/rtl/phy/mig_7series_v4_2_ddr_phy_prbs_rdlvl.v:559]
WARNING: [Synth 8-6014] Unused sequential element gen_mux_div4.gen_rd_4[1].mux_rd_fall1_r4_reg was removed.  [c:/Users/C27John.Alves/ECE383/ece383_wksp/ice1/ublaze1/ublaze1.gen/sources_1/bd/design_1/ip/design_1_mig_7series_0_2/design_1_mig_7series_0_2/user_design/rtl/phy/mig_7series_v4_2_ddr_phy_prbs_rdlvl.v:560]
WARNING: [Synth 8-6014] Unused sequential element gen_mux_div4.gen_rd_4[1].mux_rd_rise2_r4_reg was removed.  [c:/Users/C27John.Alves/ECE383/ece383_wksp/ice1/ublaze1/ublaze1.gen/sources_1/bd/design_1/ip/design_1_mig_7series_0_2/design_1_mig_7series_0_2/user_design/rtl/phy/mig_7series_v4_2_ddr_phy_prbs_rdlvl.v:561]
WARNING: [Synth 8-6014] Unused sequential element gen_mux_div4.gen_rd_4[1].mux_rd_fall2_r4_reg was removed.  [c:/Users/C27John.Alves/ECE383/ece383_wksp/ice1/ublaze1/ublaze1.gen/sources_1/bd/design_1/ip/design_1_mig_7series_0_2/design_1_mig_7series_0_2/user_design/rtl/phy/mig_7series_v4_2_ddr_phy_prbs_rdlvl.v:562]
WARNING: [Synth 8-6014] Unused sequential element gen_mux_div4.gen_rd_4[1].mux_rd_rise3_r4_reg was removed.  [c:/Users/C27John.Alves/ECE383/ece383_wksp/ice1/ublaze1/ublaze1.gen/sources_1/bd/design_1/ip/design_1_mig_7series_0_2/design_1_mig_7series_0_2/user_design/rtl/phy/mig_7series_v4_2_ddr_phy_prbs_rdlvl.v:563]
WARNING: [Synth 8-6014] Unused sequential element gen_mux_div4.gen_rd_4[1].mux_rd_fall3_r4_reg was removed.  [c:/Users/C27John.Alves/ECE383/ece383_wksp/ice1/ublaze1/ublaze1.gen/sources_1/bd/design_1/ip/design_1_mig_7series_0_2/design_1_mig_7series_0_2/user_design/rtl/phy/mig_7series_v4_2_ddr_phy_prbs_rdlvl.v:564]
WARNING: [Synth 8-6014] Unused sequential element gen_mux_div4.gen_rd_4[2].mux_rd_rise0_r4_reg was removed.  [c:/Users/C27John.Alves/ECE383/ece383_wksp/ice1/ublaze1/ublaze1.gen/sources_1/bd/design_1/ip/design_1_mig_7series_0_2/design_1_mig_7series_0_2/user_design/rtl/phy/mig_7series_v4_2_ddr_phy_prbs_rdlvl.v:557]
WARNING: [Synth 8-6014] Unused sequential element gen_mux_div4.gen_rd_4[2].mux_rd_fall0_r4_reg was removed.  [c:/Users/C27John.Alves/ECE383/ece383_wksp/ice1/ublaze1/ublaze1.gen/sources_1/bd/design_1/ip/design_1_mig_7series_0_2/design_1_mig_7series_0_2/user_design/rtl/phy/mig_7series_v4_2_ddr_phy_prbs_rdlvl.v:558]
WARNING: [Synth 8-6014] Unused sequential element gen_mux_div4.gen_rd_4[2].mux_rd_rise1_r4_reg was removed.  [c:/Users/C27John.Alves/ECE383/ece383_wksp/ice1/ublaze1/ublaze1.gen/sources_1/bd/design_1/ip/design_1_mig_7series_0_2/design_1_mig_7series_0_2/user_design/rtl/phy/mig_7series_v4_2_ddr_phy_prbs_rdlvl.v:559]
WARNING: [Synth 8-6014] Unused sequential element gen_mux_div4.gen_rd_4[2].mux_rd_fall1_r4_reg was removed.  [c:/Users/C27John.Alves/ECE383/ece383_wksp/ice1/ublaze1/ublaze1.gen/sources_1/bd/design_1/ip/design_1_mig_7series_0_2/design_1_mig_7series_0_2/user_design/rtl/phy/mig_7series_v4_2_ddr_phy_prbs_rdlvl.v:560]
WARNING: [Synth 8-6014] Unused sequential element gen_mux_div4.gen_rd_4[2].mux_rd_rise2_r4_reg was removed.  [c:/Users/C27John.Alves/ECE383/ece383_wksp/ice1/ublaze1/ublaze1.gen/sources_1/bd/design_1/ip/design_1_mig_7series_0_2/design_1_mig_7series_0_2/user_design/rtl/phy/mig_7series_v4_2_ddr_phy_prbs_rdlvl.v:561]
WARNING: [Synth 8-6014] Unused sequential element gen_mux_div4.gen_rd_4[2].mux_rd_fall2_r4_reg was removed.  [c:/Users/C27John.Alves/ECE383/ece383_wksp/ice1/ublaze1/ublaze1.gen/sources_1/bd/design_1/ip/design_1_mig_7series_0_2/design_1_mig_7series_0_2/user_design/rtl/phy/mig_7series_v4_2_ddr_phy_prbs_rdlvl.v:562]
WARNING: [Synth 8-6014] Unused sequential element gen_mux_div4.gen_rd_4[2].mux_rd_rise3_r4_reg was removed.  [c:/Users/C27John.Alves/ECE383/ece383_wksp/ice1/ublaze1/ublaze1.gen/sources_1/bd/design_1/ip/design_1_mig_7series_0_2/design_1_mig_7series_0_2/user_design/rtl/phy/mig_7series_v4_2_ddr_phy_prbs_rdlvl.v:563]
WARNING: [Synth 8-6014] Unused sequential element gen_mux_div4.gen_rd_4[2].mux_rd_fall3_r4_reg was removed.  [c:/Users/C27John.Alves/ECE383/ece383_wksp/ice1/ublaze1/ublaze1.gen/sources_1/bd/design_1/ip/design_1_mig_7series_0_2/design_1_mig_7series_0_2/user_design/rtl/phy/mig_7series_v4_2_ddr_phy_prbs_rdlvl.v:564]
WARNING: [Synth 8-6014] Unused sequential element gen_mux_div4.gen_rd_4[3].mux_rd_rise0_r4_reg was removed.  [c:/Users/C27John.Alves/ECE383/ece383_wksp/ice1/ublaze1/ublaze1.gen/sources_1/bd/design_1/ip/design_1_mig_7series_0_2/design_1_mig_7series_0_2/user_design/rtl/phy/mig_7series_v4_2_ddr_phy_prbs_rdlvl.v:557]
WARNING: [Synth 8-6014] Unused sequential element gen_mux_div4.gen_rd_4[3].mux_rd_fall0_r4_reg was removed.  [c:/Users/C27John.Alves/ECE383/ece383_wksp/ice1/ublaze1/ublaze1.gen/sources_1/bd/design_1/ip/design_1_mig_7series_0_2/design_1_mig_7series_0_2/user_design/rtl/phy/mig_7series_v4_2_ddr_phy_prbs_rdlvl.v:558]
WARNING: [Synth 8-6014] Unused sequential element gen_mux_div4.gen_rd_4[3].mux_rd_rise1_r4_reg was removed.  [c:/Users/C27John.Alves/ECE383/ece383_wksp/ice1/ublaze1/ublaze1.gen/sources_1/bd/design_1/ip/design_1_mig_7series_0_2/design_1_mig_7series_0_2/user_design/rtl/phy/mig_7series_v4_2_ddr_phy_prbs_rdlvl.v:559]
WARNING: [Synth 8-6014] Unused sequential element gen_mux_div4.gen_rd_4[3].mux_rd_fall1_r4_reg was removed.  [c:/Users/C27John.Alves/ECE383/ece383_wksp/ice1/ublaze1/ublaze1.gen/sources_1/bd/design_1/ip/design_1_mig_7series_0_2/design_1_mig_7series_0_2/user_design/rtl/phy/mig_7series_v4_2_ddr_phy_prbs_rdlvl.v:560]
WARNING: [Synth 8-6014] Unused sequential element gen_mux_div4.gen_rd_4[3].mux_rd_rise2_r4_reg was removed.  [c:/Users/C27John.Alves/ECE383/ece383_wksp/ice1/ublaze1/ublaze1.gen/sources_1/bd/design_1/ip/design_1_mig_7series_0_2/design_1_mig_7series_0_2/user_design/rtl/phy/mig_7series_v4_2_ddr_phy_prbs_rdlvl.v:561]
WARNING: [Synth 8-6014] Unused sequential element gen_mux_div4.gen_rd_4[3].mux_rd_fall2_r4_reg was removed.  [c:/Users/C27John.Alves/ECE383/ece383_wksp/ice1/ublaze1/ublaze1.gen/sources_1/bd/design_1/ip/design_1_mig_7series_0_2/design_1_mig_7series_0_2/user_design/rtl/phy/mig_7series_v4_2_ddr_phy_prbs_rdlvl.v:562]
WARNING: [Synth 8-6014] Unused sequential element gen_mux_div4.gen_rd_4[3].mux_rd_rise3_r4_reg was removed.  [c:/Users/C27John.Alves/ECE383/ece383_wksp/ice1/ublaze1/ublaze1.gen/sources_1/bd/design_1/ip/design_1_mig_7series_0_2/design_1_mig_7series_0_2/user_design/rtl/phy/mig_7series_v4_2_ddr_phy_prbs_rdlvl.v:563]
WARNING: [Synth 8-6014] Unused sequential element gen_mux_div4.gen_rd_4[3].mux_rd_fall3_r4_reg was removed.  [c:/Users/C27John.Alves/ECE383/ece383_wksp/ice1/ublaze1/ublaze1.gen/sources_1/bd/design_1/ip/design_1_mig_7series_0_2/design_1_mig_7series_0_2/user_design/rtl/phy/mig_7series_v4_2_ddr_phy_prbs_rdlvl.v:564]
WARNING: [Synth 8-6014] Unused sequential element gen_mux_div4.gen_rd_4[4].mux_rd_rise0_r4_reg was removed.  [c:/Users/C27John.Alves/ECE383/ece383_wksp/ice1/ublaze1/ublaze1.gen/sources_1/bd/design_1/ip/design_1_mig_7series_0_2/design_1_mig_7series_0_2/user_design/rtl/phy/mig_7series_v4_2_ddr_phy_prbs_rdlvl.v:557]
WARNING: [Synth 8-6014] Unused sequential element gen_mux_div4.gen_rd_4[4].mux_rd_fall0_r4_reg was removed.  [c:/Users/C27John.Alves/ECE383/ece383_wksp/ice1/ublaze1/ublaze1.gen/sources_1/bd/design_1/ip/design_1_mig_7series_0_2/design_1_mig_7series_0_2/user_design/rtl/phy/mig_7series_v4_2_ddr_phy_prbs_rdlvl.v:558]
WARNING: [Synth 8-6014] Unused sequential element gen_mux_div4.gen_rd_4[4].mux_rd_rise1_r4_reg was removed.  [c:/Users/C27John.Alves/ECE383/ece383_wksp/ice1/ublaze1/ublaze1.gen/sources_1/bd/design_1/ip/design_1_mig_7series_0_2/design_1_mig_7series_0_2/user_design/rtl/phy/mig_7series_v4_2_ddr_phy_prbs_rdlvl.v:559]
WARNING: [Synth 8-6014] Unused sequential element gen_mux_div4.gen_rd_4[4].mux_rd_fall1_r4_reg was removed.  [c:/Users/C27John.Alves/ECE383/ece383_wksp/ice1/ublaze1/ublaze1.gen/sources_1/bd/design_1/ip/design_1_mig_7series_0_2/design_1_mig_7series_0_2/user_design/rtl/phy/mig_7series_v4_2_ddr_phy_prbs_rdlvl.v:560]
WARNING: [Synth 8-6014] Unused sequential element gen_mux_div4.gen_rd_4[4].mux_rd_rise2_r4_reg was removed.  [c:/Users/C27John.Alves/ECE383/ece383_wksp/ice1/ublaze1/ublaze1.gen/sources_1/bd/design_1/ip/design_1_mig_7series_0_2/design_1_mig_7series_0_2/user_design/rtl/phy/mig_7series_v4_2_ddr_phy_prbs_rdlvl.v:561]
WARNING: [Synth 8-6014] Unused sequential element gen_mux_div4.gen_rd_4[4].mux_rd_fall2_r4_reg was removed.  [c:/Users/C27John.Alves/ECE383/ece383_wksp/ice1/ublaze1/ublaze1.gen/sources_1/bd/design_1/ip/design_1_mig_7series_0_2/design_1_mig_7series_0_2/user_design/rtl/phy/mig_7series_v4_2_ddr_phy_prbs_rdlvl.v:562]
WARNING: [Synth 8-6014] Unused sequential element gen_mux_div4.gen_rd_4[4].mux_rd_rise3_r4_reg was removed.  [c:/Users/C27John.Alves/ECE383/ece383_wksp/ice1/ublaze1/ublaze1.gen/sources_1/bd/design_1/ip/design_1_mig_7series_0_2/design_1_mig_7series_0_2/user_design/rtl/phy/mig_7series_v4_2_ddr_phy_prbs_rdlvl.v:563]
WARNING: [Synth 8-6014] Unused sequential element gen_mux_div4.gen_rd_4[4].mux_rd_fall3_r4_reg was removed.  [c:/Users/C27John.Alves/ECE383/ece383_wksp/ice1/ublaze1/ublaze1.gen/sources_1/bd/design_1/ip/design_1_mig_7series_0_2/design_1_mig_7series_0_2/user_design/rtl/phy/mig_7series_v4_2_ddr_phy_prbs_rdlvl.v:564]
WARNING: [Synth 8-6014] Unused sequential element gen_mux_div4.gen_rd_4[5].mux_rd_rise0_r4_reg was removed.  [c:/Users/C27John.Alves/ECE383/ece383_wksp/ice1/ublaze1/ublaze1.gen/sources_1/bd/design_1/ip/design_1_mig_7series_0_2/design_1_mig_7series_0_2/user_design/rtl/phy/mig_7series_v4_2_ddr_phy_prbs_rdlvl.v:557]
WARNING: [Synth 8-6014] Unused sequential element gen_mux_div4.gen_rd_4[5].mux_rd_fall0_r4_reg was removed.  [c:/Users/C27John.Alves/ECE383/ece383_wksp/ice1/ublaze1/ublaze1.gen/sources_1/bd/design_1/ip/design_1_mig_7series_0_2/design_1_mig_7series_0_2/user_design/rtl/phy/mig_7series_v4_2_ddr_phy_prbs_rdlvl.v:558]
WARNING: [Synth 8-6014] Unused sequential element gen_mux_div4.gen_rd_4[5].mux_rd_rise1_r4_reg was removed.  [c:/Users/C27John.Alves/ECE383/ece383_wksp/ice1/ublaze1/ublaze1.gen/sources_1/bd/design_1/ip/design_1_mig_7series_0_2/design_1_mig_7series_0_2/user_design/rtl/phy/mig_7series_v4_2_ddr_phy_prbs_rdlvl.v:559]
WARNING: [Synth 8-6014] Unused sequential element gen_mux_div4.gen_rd_4[5].mux_rd_fall1_r4_reg was removed.  [c:/Users/C27John.Alves/ECE383/ece383_wksp/ice1/ublaze1/ublaze1.gen/sources_1/bd/design_1/ip/design_1_mig_7series_0_2/design_1_mig_7series_0_2/user_design/rtl/phy/mig_7series_v4_2_ddr_phy_prbs_rdlvl.v:560]
WARNING: [Synth 8-6014] Unused sequential element gen_mux_div4.gen_rd_4[5].mux_rd_rise2_r4_reg was removed.  [c:/Users/C27John.Alves/ECE383/ece383_wksp/ice1/ublaze1/ublaze1.gen/sources_1/bd/design_1/ip/design_1_mig_7series_0_2/design_1_mig_7series_0_2/user_design/rtl/phy/mig_7series_v4_2_ddr_phy_prbs_rdlvl.v:561]
WARNING: [Synth 8-6014] Unused sequential element gen_mux_div4.gen_rd_4[5].mux_rd_fall2_r4_reg was removed.  [c:/Users/C27John.Alves/ECE383/ece383_wksp/ice1/ublaze1/ublaze1.gen/sources_1/bd/design_1/ip/design_1_mig_7series_0_2/design_1_mig_7series_0_2/user_design/rtl/phy/mig_7series_v4_2_ddr_phy_prbs_rdlvl.v:562]
WARNING: [Synth 8-6014] Unused sequential element gen_mux_div4.gen_rd_4[5].mux_rd_rise3_r4_reg was removed.  [c:/Users/C27John.Alves/ECE383/ece383_wksp/ice1/ublaze1/ublaze1.gen/sources_1/bd/design_1/ip/design_1_mig_7series_0_2/design_1_mig_7series_0_2/user_design/rtl/phy/mig_7series_v4_2_ddr_phy_prbs_rdlvl.v:563]
WARNING: [Synth 8-6014] Unused sequential element gen_mux_div4.gen_rd_4[5].mux_rd_fall3_r4_reg was removed.  [c:/Users/C27John.Alves/ECE383/ece383_wksp/ice1/ublaze1/ublaze1.gen/sources_1/bd/design_1/ip/design_1_mig_7series_0_2/design_1_mig_7series_0_2/user_design/rtl/phy/mig_7series_v4_2_ddr_phy_prbs_rdlvl.v:564]
WARNING: [Synth 8-6014] Unused sequential element gen_mux_div4.gen_rd_4[6].mux_rd_rise0_r4_reg was removed.  [c:/Users/C27John.Alves/ECE383/ece383_wksp/ice1/ublaze1/ublaze1.gen/sources_1/bd/design_1/ip/design_1_mig_7series_0_2/design_1_mig_7series_0_2/user_design/rtl/phy/mig_7series_v4_2_ddr_phy_prbs_rdlvl.v:557]
WARNING: [Synth 8-6014] Unused sequential element gen_mux_div4.gen_rd_4[6].mux_rd_fall0_r4_reg was removed.  [c:/Users/C27John.Alves/ECE383/ece383_wksp/ice1/ublaze1/ublaze1.gen/sources_1/bd/design_1/ip/design_1_mig_7series_0_2/design_1_mig_7series_0_2/user_design/rtl/phy/mig_7series_v4_2_ddr_phy_prbs_rdlvl.v:558]
WARNING: [Synth 8-6014] Unused sequential element gen_mux_div4.gen_rd_4[6].mux_rd_rise1_r4_reg was removed.  [c:/Users/C27John.Alves/ECE383/ece383_wksp/ice1/ublaze1/ublaze1.gen/sources_1/bd/design_1/ip/design_1_mig_7series_0_2/design_1_mig_7series_0_2/user_design/rtl/phy/mig_7series_v4_2_ddr_phy_prbs_rdlvl.v:559]
WARNING: [Synth 8-6014] Unused sequential element gen_mux_div4.gen_rd_4[6].mux_rd_fall1_r4_reg was removed.  [c:/Users/C27John.Alves/ECE383/ece383_wksp/ice1/ublaze1/ublaze1.gen/sources_1/bd/design_1/ip/design_1_mig_7series_0_2/design_1_mig_7series_0_2/user_design/rtl/phy/mig_7series_v4_2_ddr_phy_prbs_rdlvl.v:560]
WARNING: [Synth 8-6014] Unused sequential element gen_mux_div4.gen_rd_4[6].mux_rd_rise2_r4_reg was removed.  [c:/Users/C27John.Alves/ECE383/ece383_wksp/ice1/ublaze1/ublaze1.gen/sources_1/bd/design_1/ip/design_1_mig_7series_0_2/design_1_mig_7series_0_2/user_design/rtl/phy/mig_7series_v4_2_ddr_phy_prbs_rdlvl.v:561]
WARNING: [Synth 8-6014] Unused sequential element gen_mux_div4.gen_rd_4[6].mux_rd_fall2_r4_reg was removed.  [c:/Users/C27John.Alves/ECE383/ece383_wksp/ice1/ublaze1/ublaze1.gen/sources_1/bd/design_1/ip/design_1_mig_7series_0_2/design_1_mig_7series_0_2/user_design/rtl/phy/mig_7series_v4_2_ddr_phy_prbs_rdlvl.v:562]
WARNING: [Synth 8-6014] Unused sequential element gen_mux_div4.gen_rd_4[6].mux_rd_rise3_r4_reg was removed.  [c:/Users/C27John.Alves/ECE383/ece383_wksp/ice1/ublaze1/ublaze1.gen/sources_1/bd/design_1/ip/design_1_mig_7series_0_2/design_1_mig_7series_0_2/user_design/rtl/phy/mig_7series_v4_2_ddr_phy_prbs_rdlvl.v:563]
WARNING: [Synth 8-6014] Unused sequential element gen_mux_div4.gen_rd_4[6].mux_rd_fall3_r4_reg was removed.  [c:/Users/C27John.Alves/ECE383/ece383_wksp/ice1/ublaze1/ublaze1.gen/sources_1/bd/design_1/ip/design_1_mig_7series_0_2/design_1_mig_7series_0_2/user_design/rtl/phy/mig_7series_v4_2_ddr_phy_prbs_rdlvl.v:564]
WARNING: [Synth 8-6014] Unused sequential element gen_mux_div4.gen_rd_4[7].mux_rd_rise0_r4_reg was removed.  [c:/Users/C27John.Alves/ECE383/ece383_wksp/ice1/ublaze1/ublaze1.gen/sources_1/bd/design_1/ip/design_1_mig_7series_0_2/design_1_mig_7series_0_2/user_design/rtl/phy/mig_7series_v4_2_ddr_phy_prbs_rdlvl.v:557]
INFO: [Common 17-14] Message 'Synth 8-6014' appears 100 times and further instances of the messages will be disabled. Use the Tcl command set_msg_config to change the current settings.
WARNING: [Synth 8-3936] Found unconnected internal register 'rdlvl_start_dly0_r_reg' and it is trimmed from '16' to '15' bits. [c:/Users/C27John.Alves/ECE383/ece383_wksp/ice1/ublaze1/ublaze1.gen/sources_1/bd/design_1/ip/design_1_mig_7series_0_2/design_1_mig_7series_0_2/user_design/rtl/phy/mig_7series_v4_2_ddr_phy_init.v:1227]
WARNING: [Synth 8-3936] Found unconnected internal register 'wrcal_start_dly_r_reg' and it is trimmed from '16' to '15' bits. [c:/Users/C27John.Alves/ECE383/ece383_wksp/ice1/ublaze1/ublaze1.gen/sources_1/bd/design_1/ip/design_1_mig_7series_0_2/design_1_mig_7series_0_2/user_design/rtl/phy/mig_7series_v4_2_ddr_phy_init.v:1229]
WARNING: [Synth 8-3936] Found unconnected internal register 'oclkdelay_start_dly_r_reg' and it is trimmed from '16' to '15' bits. [c:/Users/C27John.Alves/ECE383/ece383_wksp/ice1/ublaze1/ublaze1.gen/sources_1/bd/design_1/ip/design_1_mig_7series_0_2/design_1_mig_7series_0_2/user_design/rtl/phy/mig_7series_v4_2_ddr_phy_init.v:1231]
WARNING: [Synth 8-3848] Net calib_aux_out in module/entity mig_7series_v4_2_ddr_phy_init does not have driver. [c:/Users/C27John.Alves/ECE383/ece383_wksp/ice1/ublaze1/ublaze1.gen/sources_1/bd/design_1/ip/design_1_mig_7series_0_2/design_1_mig_7series_0_2/user_design/rtl/phy/mig_7series_v4_2_ddr_phy_init.v:275]
WARNING: [Synth 8-3848] Net i in module/entity mig_7series_v4_2_ddr_phy_wrcal does not have driver. [c:/Users/C27John.Alves/ECE383/ece383_wksp/ice1/ublaze1/ublaze1.gen/sources_1/bd/design_1/ip/design_1_mig_7series_0_2/design_1_mig_7series_0_2/user_design/rtl/phy/mig_7series_v4_2_ddr_phy_wrcal.v:155]
WARNING: [Synth 8-3848] Net dbg_skip_cal in module/entity mig_7series_v4_2_ddr_calib_top does not have driver. [c:/Users/C27John.Alves/ECE383/ece383_wksp/ice1/ublaze1/ublaze1.gen/sources_1/bd/design_1/ip/design_1_mig_7series_0_2/design_1_mig_7series_0_2/user_design/rtl/phy/mig_7series_v4_2_ddr_calib_top.v:672]
WARNING: [Synth 8-3848] Net coarse_dec_err in module/entity mig_7series_v4_2_ddr_calib_top does not have driver. [c:/Users/C27John.Alves/ECE383/ece383_wksp/ice1/ublaze1/ublaze1.gen/sources_1/bd/design_1/ip/design_1_mig_7series_0_2/design_1_mig_7series_0_2/user_design/rtl/phy/mig_7series_v4_2_ddr_calib_top.v:661]
WARNING: [Synth 8-3848] Net dbg_poc in module/entity mig_7series_v4_2_ddr_calib_top does not have driver. [c:/Users/C27John.Alves/ECE383/ece383_wksp/ice1/ublaze1/ublaze1.gen/sources_1/bd/design_1/ip/design_1_mig_7series_0_2/design_1_mig_7series_0_2/user_design/rtl/phy/mig_7series_v4_2_ddr_calib_top.v:334]
WARNING: [Synth 8-3848] Net lim_done in module/entity mig_7series_v4_2_ddr_calib_top does not have driver. [c:/Users/C27John.Alves/ECE383/ece383_wksp/ice1/ublaze1/ublaze1.gen/sources_1/bd/design_1/ip/design_1_mig_7series_0_2/design_1_mig_7series_0_2/user_design/rtl/phy/mig_7series_v4_2_ddr_calib_top.v:619]
WARNING: [Synth 8-3848] Net lim2init_write_request in module/entity mig_7series_v4_2_ddr_calib_top does not have driver. [c:/Users/C27John.Alves/ECE383/ece383_wksp/ice1/ublaze1/ublaze1.gen/sources_1/bd/design_1/ip/design_1_mig_7series_0_2/design_1_mig_7series_0_2/user_design/rtl/phy/mig_7series_v4_2_ddr_calib_top.v:618]
WARNING: [Synth 8-3848] Net complex_ocal_num_samples_done_r in module/entity mig_7series_v4_2_ddr_calib_top does not have driver. [c:/Users/C27John.Alves/ECE383/ece383_wksp/ice1/ublaze1/ublaze1.gen/sources_1/bd/design_1/ip/design_1_mig_7series_0_2/design_1_mig_7series_0_2/user_design/rtl/phy/mig_7series_v4_2_ddr_calib_top.v:532]
WARNING: [Synth 8-3848] Net complex_ocal_rd_victim_sel in module/entity mig_7series_v4_2_ddr_calib_top does not have driver. [c:/Users/C27John.Alves/ECE383/ece383_wksp/ice1/ublaze1/ublaze1.gen/sources_1/bd/design_1/ip/design_1_mig_7series_0_2/design_1_mig_7series_0_2/user_design/rtl/phy/mig_7series_v4_2_ddr_calib_top.v:533]
WARNING: [Synth 8-3848] Net oclkdelay_center_calib_start in module/entity mig_7series_v4_2_ddr_calib_top does not have driver. [c:/Users/C27John.Alves/ECE383/ece383_wksp/ice1/ublaze1/ublaze1.gen/sources_1/bd/design_1/ip/design_1_mig_7series_0_2/design_1_mig_7series_0_2/user_design/rtl/phy/mig_7series_v4_2_ddr_calib_top.v:596]
WARNING: [Synth 8-3848] Net oclk_center_write_resume in module/entity mig_7series_v4_2_ddr_calib_top does not have driver. [c:/Users/C27John.Alves/ECE383/ece383_wksp/ice1/ublaze1/ublaze1.gen/sources_1/bd/design_1/ip/design_1_mig_7series_0_2/design_1_mig_7series_0_2/user_design/rtl/phy/mig_7series_v4_2_ddr_calib_top.v:614]
WARNING: [Synth 8-3848] Net oclkdelay_center_calib_done in module/entity mig_7series_v4_2_ddr_calib_top does not have driver. [c:/Users/C27John.Alves/ECE383/ece383_wksp/ice1/ublaze1/ublaze1.gen/sources_1/bd/design_1/ip/design_1_mig_7series_0_2/design_1_mig_7series_0_2/user_design/rtl/phy/mig_7series_v4_2_ddr_calib_top.v:615]
WARNING: [Synth 8-3848] Net cmd_wr_bytes in module/entity mig_7series_v4_2_axi_mc_w_channel does not have driver. [c:/Users/C27John.Alves/ECE383/ece383_wksp/ice1/ublaze1/ublaze1.gen/sources_1/bd/design_1/ip/design_1_mig_7series_0_2/design_1_mig_7series_0_2/user_design/rtl/axi/mig_7series_v4_2_axi_mc_w_channel.v:96]
WARNING: [Synth 8-3848] Net error in module/entity mig_7series_v4_2_memc_ui_top_axi does not have driver. [c:/Users/C27John.Alves/ECE383/ece383_wksp/ice1/ublaze1/ublaze1.gen/sources_1/bd/design_1/ip/design_1_mig_7series_0_2/design_1_mig_7series_0_2/user_design/rtl/ip_top/mig_7series_v4_2_memc_ui_top_axi.v:554]
WARNING: [Synth 8-3848] Net app_correct_en_i in module/entity mig_7series_v4_2_memc_ui_top_axi does not have driver. [c:/Users/C27John.Alves/ECE383/ece383_wksp/ice1/ublaze1/ublaze1.gen/sources_1/bd/design_1/ip/design_1_mig_7series_0_2/design_1_mig_7series_0_2/user_design/rtl/ip_top/mig_7series_v4_2_memc_ui_top_axi.v:499]
WARNING: [Synth 8-3848] Net s_axi_ctrl_awvalid in module/entity design_1_mig_7series_0_2_mig does not have driver. [c:/Users/C27John.Alves/ECE383/ece383_wksp/ice1/ublaze1/ublaze1.gen/sources_1/bd/design_1/ip/design_1_mig_7series_0_2/design_1_mig_7series_0_2/user_design/rtl/design_1_mig_7series_0_2_mig.v:780]
WARNING: [Synth 8-3848] Net s_axi_ctrl_awaddr in module/entity design_1_mig_7series_0_2_mig does not have driver. [c:/Users/C27John.Alves/ECE383/ece383_wksp/ice1/ublaze1/ublaze1.gen/sources_1/bd/design_1/ip/design_1_mig_7series_0_2/design_1_mig_7series_0_2/user_design/rtl/design_1_mig_7series_0_2_mig.v:782]
WARNING: [Synth 8-3848] Net s_axi_ctrl_wvalid in module/entity design_1_mig_7series_0_2_mig does not have driver. [c:/Users/C27John.Alves/ECE383/ece383_wksp/ice1/ublaze1/ublaze1.gen/sources_1/bd/design_1/ip/design_1_mig_7series_0_2/design_1_mig_7series_0_2/user_design/rtl/design_1_mig_7series_0_2_mig.v:784]
WARNING: [Synth 8-3848] Net s_axi_ctrl_wdata in module/entity design_1_mig_7series_0_2_mig does not have driver. [c:/Users/C27John.Alves/ECE383/ece383_wksp/ice1/ublaze1/ublaze1.gen/sources_1/bd/design_1/ip/design_1_mig_7series_0_2/design_1_mig_7series_0_2/user_design/rtl/design_1_mig_7series_0_2_mig.v:786]
WARNING: [Synth 8-3848] Net s_axi_ctrl_bready in module/entity design_1_mig_7series_0_2_mig does not have driver. [c:/Users/C27John.Alves/ECE383/ece383_wksp/ice1/ublaze1/ublaze1.gen/sources_1/bd/design_1/ip/design_1_mig_7series_0_2/design_1_mig_7series_0_2/user_design/rtl/design_1_mig_7series_0_2_mig.v:789]
WARNING: [Synth 8-3848] Net s_axi_ctrl_arvalid in module/entity design_1_mig_7series_0_2_mig does not have driver. [c:/Users/C27John.Alves/ECE383/ece383_wksp/ice1/ublaze1/ublaze1.gen/sources_1/bd/design_1/ip/design_1_mig_7series_0_2/design_1_mig_7series_0_2/user_design/rtl/design_1_mig_7series_0_2_mig.v:792]
WARNING: [Synth 8-3848] Net s_axi_ctrl_araddr in module/entity design_1_mig_7series_0_2_mig does not have driver. [c:/Users/C27John.Alves/ECE383/ece383_wksp/ice1/ublaze1/ublaze1.gen/sources_1/bd/design_1/ip/design_1_mig_7series_0_2/design_1_mig_7series_0_2/user_design/rtl/design_1_mig_7series_0_2_mig.v:794]
WARNING: [Synth 8-3848] Net s_axi_ctrl_rready in module/entity design_1_mig_7series_0_2_mig does not have driver. [c:/Users/C27John.Alves/ECE383/ece383_wksp/ice1/ublaze1/ublaze1.gen/sources_1/bd/design_1/ip/design_1_mig_7series_0_2/design_1_mig_7series_0_2/user_design/rtl/design_1_mig_7series_0_2_mig.v:797]
WARNING: [Synth 8-3848] Net device_temp_i in module/entity design_1_mig_7series_0_2_mig does not have driver. [c:/Users/C27John.Alves/ECE383/ece383_wksp/ice1/ublaze1/ublaze1.gen/sources_1/bd/design_1/ip/design_1_mig_7series_0_2/design_1_mig_7series_0_2/user_design/rtl/design_1_mig_7series_0_2_mig.v:810]
WARNING: [Synth 8-7129] Port mc_app_rd_last in module mig_7series_v4_2_axi_mc_r_channel is either unconnected or has no load
WARNING: [Synth 8-7129] Port axlen[7] in module mig_7series_v4_2_axi_mc_wrap_cmd is either unconnected or has no load
WARNING: [Synth 8-7129] Port axlen[6] in module mig_7series_v4_2_axi_mc_wrap_cmd is either unconnected or has no load
WARNING: [Synth 8-7129] Port axlen[5] in module mig_7series_v4_2_axi_mc_wrap_cmd is either unconnected or has no load
WARNING: [Synth 8-7129] Port axlen[4] in module mig_7series_v4_2_axi_mc_wrap_cmd is either unconnected or has no load
WARNING: [Synth 8-7129] Port axsize[2] in module mig_7series_v4_2_axi_mc_wrap_cmd is either unconnected or has no load
WARNING: [Synth 8-7129] Port axsize[1] in module mig_7series_v4_2_axi_mc_wrap_cmd is either unconnected or has no load
WARNING: [Synth 8-7129] Port axsize[0] in module mig_7series_v4_2_axi_mc_wrap_cmd is either unconnected or has no load
WARNING: [Synth 8-7129] Port axsize[2] in module mig_7series_v4_2_axi_mc_incr_cmd is either unconnected or has no load
WARNING: [Synth 8-7129] Port axsize[1] in module mig_7series_v4_2_axi_mc_incr_cmd is either unconnected or has no load
WARNING: [Synth 8-7129] Port axsize[0] in module mig_7series_v4_2_axi_mc_incr_cmd is either unconnected or has no load
WARNING: [Synth 8-7129] Port axburst[0] in module mig_7series_v4_2_axi_mc_cmd_translator is either unconnected or has no load
WARNING: [Synth 8-7129] Port arlock[1] in module mig_7series_v4_2_axi_mc_ar_channel is either unconnected or has no load
WARNING: [Synth 8-7129] Port arlock[0] in module mig_7series_v4_2_axi_mc_ar_channel is either unconnected or has no load
WARNING: [Synth 8-7129] Port arcache[3] in module mig_7series_v4_2_axi_mc_ar_channel is either unconnected or has no load
WARNING: [Synth 8-7129] Port arcache[2] in module mig_7series_v4_2_axi_mc_ar_channel is either unconnected or has no load
WARNING: [Synth 8-7129] Port arcache[1] in module mig_7series_v4_2_axi_mc_ar_channel is either unconnected or has no load
WARNING: [Synth 8-7129] Port arcache[0] in module mig_7series_v4_2_axi_mc_ar_channel is either unconnected or has no load
WARNING: [Synth 8-7129] Port arprot[2] in module mig_7series_v4_2_axi_mc_ar_channel is either unconnected or has no load
WARNING: [Synth 8-7129] Port arprot[1] in module mig_7series_v4_2_axi_mc_ar_channel is either unconnected or has no load
WARNING: [Synth 8-7129] Port arprot[0] in module mig_7series_v4_2_axi_mc_ar_channel is either unconnected or has no load
WARNING: [Synth 8-7129] Port b_resp_rdy in module mig_7series_v4_2_axi_mc_b_channel is either unconnected or has no load
WARNING: [Synth 8-7129] Port cmd_wr_bytes in module mig_7series_v4_2_axi_mc_w_channel is either unconnected or has no load
WARNING: [Synth 8-7129] Port awvalid in module mig_7series_v4_2_axi_mc_w_channel is either unconnected or has no load
WARNING: [Synth 8-7129] Port w_ignore_begin in module mig_7series_v4_2_axi_mc_w_channel is either unconnected or has no load
WARNING: [Synth 8-7129] Port w_ignore_end in module mig_7series_v4_2_axi_mc_w_channel is either unconnected or has no load
WARNING: [Synth 8-7129] Port awlock[1] in module mig_7series_v4_2_axi_mc_aw_channel is either unconnected or has no load
WARNING: [Synth 8-7129] Port awlock[0] in module mig_7series_v4_2_axi_mc_aw_channel is either unconnected or has no load
WARNING: [Synth 8-7129] Port awcache[3] in module mig_7series_v4_2_axi_mc_aw_channel is either unconnected or has no load
WARNING: [Synth 8-7129] Port awcache[2] in module mig_7series_v4_2_axi_mc_aw_channel is either unconnected or has no load
WARNING: [Synth 8-7129] Port awcache[1] in module mig_7series_v4_2_axi_mc_aw_channel is either unconnected or has no load
WARNING: [Synth 8-7129] Port awcache[0] in module mig_7series_v4_2_axi_mc_aw_channel is either unconnected or has no load
WARNING: [Synth 8-7129] Port awprot[2] in module mig_7series_v4_2_axi_mc_aw_channel is either unconnected or has no load
WARNING: [Synth 8-7129] Port awprot[1] in module mig_7series_v4_2_axi_mc_aw_channel is either unconnected or has no load
WARNING: [Synth 8-7129] Port awprot[0] in module mig_7series_v4_2_axi_mc_aw_channel is either unconnected or has no load
WARNING: [Synth 8-7129] Port cmd_wr_bytes in module mig_7series_v4_2_axi_mc_aw_channel is either unconnected or has no load
WARNING: [Synth 8-7129] Port ACLK in module mig_7series_v4_2_ddr_axic_register_slice__parameterized11 is either unconnected or has no load
WARNING: [Synth 8-7129] Port ARESET in module mig_7series_v4_2_ddr_axic_register_slice__parameterized11 is either unconnected or has no load
WARNING: [Synth 8-7129] Port ACLK in module mig_7series_v4_2_ddr_axic_register_slice__parameterized3 is either unconnected or has no load
WARNING: [Synth 8-7129] Port ARESET in module mig_7series_v4_2_ddr_axic_register_slice__parameterized3 is either unconnected or has no load
WARNING: [Synth 8-7129] Port ACLK in module mig_7series_v4_2_ddr_axic_register_slice__parameterized1 is either unconnected or has no load
WARNING: [Synth 8-7129] Port ARESET in module mig_7series_v4_2_ddr_axic_register_slice__parameterized1 is either unconnected or has no load
WARNING: [Synth 8-7129] Port ACLK in module mig_7series_v4_2_ddr_axic_register_slice__parameterized4 is either unconnected or has no load
WARNING: [Synth 8-7129] Port ARESET in module mig_7series_v4_2_ddr_axic_register_slice__parameterized4 is either unconnected or has no load
WARNING: [Synth 8-7129] Port S_AXI_AWUSER[0] in module mig_7series_v4_2_ddr_axi_register_slice__parameterized2 is either unconnected or has no load
WARNING: [Synth 8-7129] Port S_AXI_WUSER[0] in module mig_7series_v4_2_ddr_axi_register_slice__parameterized2 is either unconnected or has no load
WARNING: [Synth 8-7129] Port S_AXI_ARUSER[0] in module mig_7series_v4_2_ddr_axi_register_slice__parameterized2 is either unconnected or has no load
WARNING: [Synth 8-7129] Port M_AXI_BUSER[0] in module mig_7series_v4_2_ddr_axi_register_slice__parameterized2 is either unconnected or has no load
WARNING: [Synth 8-7129] Port M_AXI_RUSER[0] in module mig_7series_v4_2_ddr_axi_register_slice__parameterized2 is either unconnected or has no load
WARNING: [Synth 8-7129] Port ACLK in module mig_7series_v4_2_ddr_axic_register_slice__parameterized2 is either unconnected or has no load
WARNING: [Synth 8-7129] Port ARESET in module mig_7series_v4_2_ddr_axic_register_slice__parameterized2 is either unconnected or has no load
WARNING: [Synth 8-7129] Port ACLK in module mig_7series_v4_2_ddr_axic_register_slice__parameterized0 is either unconnected or has no load
WARNING: [Synth 8-7129] Port ARESET in module mig_7series_v4_2_ddr_axic_register_slice__parameterized0 is either unconnected or has no load
WARNING: [Synth 8-7129] Port S_AXI_AWUSER[0] in module mig_7series_v4_2_ddr_axi_register_slice__parameterized1 is either unconnected or has no load
WARNING: [Synth 8-7129] Port S_AXI_WUSER[0] in module mig_7series_v4_2_ddr_axi_register_slice__parameterized1 is either unconnected or has no load
WARNING: [Synth 8-7129] Port S_AXI_ARUSER[0] in module mig_7series_v4_2_ddr_axi_register_slice__parameterized1 is either unconnected or has no load
WARNING: [Synth 8-7129] Port M_AXI_BUSER[0] in module mig_7series_v4_2_ddr_axi_register_slice__parameterized1 is either unconnected or has no load
WARNING: [Synth 8-7129] Port M_AXI_RUSER[0] in module mig_7series_v4_2_ddr_axi_register_slice__parameterized1 is either unconnected or has no load
WARNING: [Synth 8-7129] Port S_AXI_AWUSER[0] in module mig_7series_v4_2_ddr_axi_register_slice__parameterized0 is either unconnected or has no load
WARNING: [Synth 8-7129] Port S_AXI_WUSER[0] in module mig_7series_v4_2_ddr_axi_register_slice__parameterized0 is either unconnected or has no load
WARNING: [Synth 8-7129] Port S_AXI_ARUSER[0] in module mig_7series_v4_2_ddr_axi_register_slice__parameterized0 is either unconnected or has no load
WARNING: [Synth 8-7129] Port M_AXI_BUSER[0] in module mig_7series_v4_2_ddr_axi_register_slice__parameterized0 is either unconnected or has no load
WARNING: [Synth 8-7129] Port M_AXI_RUSER[0] in module mig_7series_v4_2_ddr_axi_register_slice__parameterized0 is either unconnected or has no load
WARNING: [Synth 8-7129] Port S_AXI_AWUSER[0] in module mig_7series_v4_2_ddr_axi_register_slice is either unconnected or has no load
WARNING: [Synth 8-7129] Port S_AXI_WUSER[0] in module mig_7series_v4_2_ddr_axi_register_slice is either unconnected or has no load
WARNING: [Synth 8-7129] Port S_AXI_ARUSER[0] in module mig_7series_v4_2_ddr_axi_register_slice is either unconnected or has no load
WARNING: [Synth 8-7129] Port M_AXI_BUSER[0] in module mig_7series_v4_2_ddr_axi_register_slice is either unconnected or has no load
WARNING: [Synth 8-7129] Port M_AXI_RUSER[0] in module mig_7series_v4_2_ddr_axi_register_slice is either unconnected or has no load
WARNING: [Synth 8-7129] Port cmd_modified in module mig_7series_v4_2_ddr_r_upsizer is either unconnected or has no load
WARNING: [Synth 8-7129] Port M_AXI_RUSER[0] in module mig_7series_v4_2_ddr_r_upsizer is either unconnected or has no load
WARNING: [Synth 8-7129] Port S_AXI_AUSER[0] in module mig_7series_v4_2_ddr_a_upsizer__parameterized0 is either unconnected or has no load
WARNING: [Synth 8-7129] Port S_AXI_WUSER[0] in module mig_7series_v4_2_ddr_w_upsizer is either unconnected or has no load
WARNING: [Synth 8-7129] Port S_AXI_AUSER[0] in module mig_7series_v4_2_ddr_a_upsizer is either unconnected or has no load
WARNING: [Synth 8-7129] Port ecc_multiple[7] in module mig_7series_v4_2_ui_rd_data is either unconnected or has no load
WARNING: [Synth 8-7129] Port ecc_multiple[6] in module mig_7series_v4_2_ui_rd_data is either unconnected or has no load
WARNING: [Synth 8-7129] Port ecc_multiple[5] in module mig_7series_v4_2_ui_rd_data is either unconnected or has no load
WARNING: [Synth 8-7129] Port ecc_multiple[4] in module mig_7series_v4_2_ui_rd_data is either unconnected or has no load
WARNING: [Synth 8-7129] Port ecc_multiple[3] in module mig_7series_v4_2_ui_rd_data is either unconnected or has no load
WARNING: [Synth 8-7129] Port ecc_multiple[2] in module mig_7series_v4_2_ui_rd_data is either unconnected or has no load
WARNING: [Synth 8-7129] Port ecc_multiple[1] in module mig_7series_v4_2_ui_rd_data is either unconnected or has no load
WARNING: [Synth 8-7129] Port ecc_multiple[0] in module mig_7series_v4_2_ui_rd_data is either unconnected or has no load
WARNING: [Synth 8-7129] Port ecc_single[7] in module mig_7series_v4_2_ui_rd_data is either unconnected or has no load
WARNING: [Synth 8-7129] Port ecc_single[6] in module mig_7series_v4_2_ui_rd_data is either unconnected or has no load
WARNING: [Synth 8-7129] Port ecc_single[5] in module mig_7series_v4_2_ui_rd_data is either unconnected or has no load
WARNING: [Synth 8-7129] Port ecc_single[4] in module mig_7series_v4_2_ui_rd_data is either unconnected or has no load
WARNING: [Synth 8-7129] Port ecc_single[3] in module mig_7series_v4_2_ui_rd_data is either unconnected or has no load
WARNING: [Synth 8-7129] Port ecc_single[2] in module mig_7series_v4_2_ui_rd_data is either unconnected or has no load
WARNING: [Synth 8-7129] Port ecc_single[1] in module mig_7series_v4_2_ui_rd_data is either unconnected or has no load
WARNING: [Synth 8-7129] Port ecc_single[0] in module mig_7series_v4_2_ui_rd_data is either unconnected or has no load
WARNING: [Synth 8-7129] Port app_raw_not_ecc[7] in module mig_7series_v4_2_ui_wr_data is either unconnected or has no load
WARNING: [Synth 8-7129] Port app_raw_not_ecc[6] in module mig_7series_v4_2_ui_wr_data is either unconnected or has no load
WARNING: [Synth 8-7129] Port app_raw_not_ecc[5] in module mig_7series_v4_2_ui_wr_data is either unconnected or has no load
WARNING: [Synth 8-7129] Port app_raw_not_ecc[4] in module mig_7series_v4_2_ui_wr_data is either unconnected or has no load
WARNING: [Synth 8-7129] Port app_raw_not_ecc[3] in module mig_7series_v4_2_ui_wr_data is either unconnected or has no load
WARNING: [Synth 8-7129] Port app_raw_not_ecc[2] in module mig_7series_v4_2_ui_wr_data is either unconnected or has no load
WARNING: [Synth 8-7129] Port app_raw_not_ecc[1] in module mig_7series_v4_2_ui_wr_data is either unconnected or has no load
WARNING: [Synth 8-7129] Port app_raw_not_ecc[0] in module mig_7series_v4_2_ui_wr_data is either unconnected or has no load
WARNING: [Synth 8-7129] Port wr_data_addr[4] in module mig_7series_v4_2_ui_top is either unconnected or has no load
WARNING: [Synth 8-7129] Port accept in module mig_7series_v4_2_ui_top is either unconnected or has no load
WARNING: [Synth 8-7129] Port calib_device_temp[11] in module mig_7series_v4_2_ddr_phy_tempmon is either unconnected or has no load
INFO: [Common 17-14] Message 'Synth 8-7129' appears 100 times and further instances of the messages will be disabled. Use the Tcl command set_msg_config to change the current settings.
---------------------------------------------------------------------------------
Finished RTL Elaboration : Time (s): cpu = 00:00:18 ; elapsed = 00:00:33 . Memory (MB): peak = 1411.965 ; gain = 847.105
---------------------------------------------------------------------------------
---------------------------------------------------------------------------------
Start Handling Custom Attributes
---------------------------------------------------------------------------------
---------------------------------------------------------------------------------
Finished Handling Custom Attributes : Time (s): cpu = 00:00:19 ; elapsed = 00:00:35 . Memory (MB): peak = 1411.965 ; gain = 847.105
---------------------------------------------------------------------------------
---------------------------------------------------------------------------------
Finished RTL Optimization Phase 1 : Time (s): cpu = 00:00:19 ; elapsed = 00:00:35 . Memory (MB): peak = 1411.965 ; gain = 847.105
---------------------------------------------------------------------------------
Netlist sorting complete. Time (s): cpu = 00:00:00 ; elapsed = 00:00:00.855 . Memory (MB): peak = 1411.965 ; gain = 0.000
INFO: [Netlist 29-17] Analyzing 347 Unisim elements for replacement
INFO: [Netlist 29-28] Unisim Transformation completed in 0 CPU seconds
INFO: [Project 1-570] Preparing netlist for logic optimization

Processing XDC Constraints
Initializing timing engine
Parsing XDC File [c:/Users/C27John.Alves/ECE383/ece383_wksp/ice1/ublaze1/ublaze1.gen/sources_1/bd/design_1/ip/design_1_mig_7series_0_2/design_1_mig_7series_0_2/user_design/constraints/design_1_mig_7series_0_2_ooc.xdc]
Finished Parsing XDC File [c:/Users/C27John.Alves/ECE383/ece383_wksp/ice1/ublaze1/ublaze1.gen/sources_1/bd/design_1/ip/design_1_mig_7series_0_2/design_1_mig_7series_0_2/user_design/constraints/design_1_mig_7series_0_2_ooc.xdc]
Parsing XDC File [c:/Users/C27John.Alves/ECE383/ece383_wksp/ice1/ublaze1/ublaze1.gen/sources_1/bd/design_1/ip/design_1_mig_7series_0_2/design_1_mig_7series_0_2/user_design/constraints/design_1_mig_7series_0_2.xdc]
WARNING: [Designutils 20-1567] Use of 'set_multicycle_path' with '-hold' is not supported by synthesis. The constraint will not be passed to synthesis. [c:/Users/C27John.Alves/ECE383/ece383_wksp/ice1/ublaze1/ublaze1.gen/sources_1/bd/design_1/ip/design_1_mig_7series_0_2/design_1_mig_7series_0_2/user_design/constraints/design_1_mig_7series_0_2.xdc:346]
WARNING: [Designutils 20-1567] Use of 'set_multicycle_path' with '-hold' is not supported by synthesis. The constraint will not be passed to synthesis. [c:/Users/C27John.Alves/ECE383/ece383_wksp/ice1/ublaze1/ublaze1.gen/sources_1/bd/design_1/ip/design_1_mig_7series_0_2/design_1_mig_7series_0_2/user_design/constraints/design_1_mig_7series_0_2.xdc:353]
Finished Parsing XDC File [c:/Users/C27John.Alves/ECE383/ece383_wksp/ice1/ublaze1/ublaze1.gen/sources_1/bd/design_1/ip/design_1_mig_7series_0_2/design_1_mig_7series_0_2/user_design/constraints/design_1_mig_7series_0_2.xdc]
INFO: [Project 1-236] Implementation specific constraints were found while reading constraint file [c:/Users/C27John.Alves/ECE383/ece383_wksp/ice1/ublaze1/ublaze1.gen/sources_1/bd/design_1/ip/design_1_mig_7series_0_2/design_1_mig_7series_0_2/user_design/constraints/design_1_mig_7series_0_2.xdc]. These constraints will be ignored for synthesis but will be used in implementation. Impacted constraints are listed in the file [.Xil/design_1_mig_7series_0_2_propImpl.xdc].
Resolution: To avoid this warning, move constraints listed in [.Xil/design_1_mig_7series_0_2_propImpl.xdc] to another XDC file and exclude this new file from synthesis with the used_in_synthesis property (File Properties dialog in GUI) and re-run elaboration/synthesis.
Parsing XDC File [c:/Users/C27John.Alves/ECE383/ece383_wksp/ice1/ublaze1/ublaze1.gen/sources_1/bd/design_1/ip/design_1_mig_7series_0_2/design_1_mig_7series_0_2_board.xdc]
Finished Parsing XDC File [c:/Users/C27John.Alves/ECE383/ece383_wksp/ice1/ublaze1/ublaze1.gen/sources_1/bd/design_1/ip/design_1_mig_7series_0_2/design_1_mig_7series_0_2_board.xdc]
INFO: [Timing 38-2] Deriving generated clocks
Completed Processing XDC Constraints

Netlist sorting complete. Time (s): cpu = 00:00:00 ; elapsed = 00:00:00.017 . Memory (MB): peak = 1491.410 ; gain = 0.000
INFO: [Project 1-111] Unisim Transformation Summary:
  A total of 94 instances were transformed.
  IOBUFDS_DIFF_OUT_INTERMDISABLE => IOBUFDS_DIFF_OUT_INTERMDISABLE (IBUFDS_INTERMDISABLE_INT(x2), INV, OBUFTDS(x2)): 2 instances
  IOBUF_INTERMDISABLE => IOBUF_INTERMDISABLE (IBUF_INTERMDISABLE, OBUFT): 16 instances
  LUT6_2 => LUT6_2 (LUT5, LUT6): 24 instances
  OBUFDS => OBUFDS_DUAL_BUF (INV, OBUFDS(x2)): 1 instance 
  RAM32M => RAM32M (RAMD32(x6), RAMS32(x2)): 51 instances

Constraint Validation Runtime : Time (s): cpu = 00:00:00 ; elapsed = 00:00:00.443 . Memory (MB): peak = 1491.867 ; gain = 0.457
INFO: [Designutils 20-5008] Incremental synthesis strategy off
---------------------------------------------------------------------------------
Finished Constraint Validation : Time (s): cpu = 00:00:36 ; elapsed = 00:01:05 . Memory (MB): peak = 1491.867 ; gain = 927.008
---------------------------------------------------------------------------------
---------------------------------------------------------------------------------
Start Loading Part and Timing Information
---------------------------------------------------------------------------------
Loading part: xc7a200tsbg484-1
---------------------------------------------------------------------------------
Finished Loading Part and Timing Information : Time (s): cpu = 00:00:36 ; elapsed = 00:01:05 . Memory (MB): peak = 1491.867 ; gain = 927.008
---------------------------------------------------------------------------------
---------------------------------------------------------------------------------
Start Applying 'set_property' XDC Constraints
---------------------------------------------------------------------------------
Applied set_property IO_BUFFER_TYPE = NONE for ddr3_ck_n[0]. (constraint file  c:/Users/C27John.Alves/ECE383/ece383_wksp/ice1/ublaze1/ublaze1.gen/sources_1/bd/design_1/ip/design_1_mig_7series_0_2/design_1_mig_7series_0_2/user_design/constraints/design_1_mig_7series_0_2.xdc, line 27).
Applied set_property IO_BUFFER_TYPE = NONE for ddr3_ck_p[0]. (constraint file  c:/Users/C27John.Alves/ECE383/ece383_wksp/ice1/ublaze1/ublaze1.gen/sources_1/bd/design_1/ip/design_1_mig_7series_0_2/design_1_mig_7series_0_2/user_design/constraints/design_1_mig_7series_0_2.xdc, line 28).
Applied set_property KEEP = true for sys_rst. (constraint file  auto generated constraint).
---------------------------------------------------------------------------------
Finished applying 'set_property' XDC Constraints : Time (s): cpu = 00:00:36 ; elapsed = 00:01:05 . Memory (MB): peak = 1491.867 ; gain = 927.008
---------------------------------------------------------------------------------
INFO: [Synth 8-802] inferred FSM for state register 'xadc_supplied_temperature.tempmon_state_reg' in module 'mig_7series_v4_2_tempmon'
INFO: [Synth 8-802] inferred FSM for state register 'wl_state_r_reg' in module 'mig_7series_v4_2_ddr_phy_wrlvl'
INFO: [Synth 8-802] inferred FSM for state register 'fine_adj_state_r_reg' in module 'mig_7series_v4_2_ddr_phy_dqs_found_cal_hr'
INFO: [Synth 8-802] inferred FSM for state register 'cal1_state_r_reg' in module 'mig_7series_v4_2_ddr_phy_rdlvl'
INFO: [Synth 8-802] inferred FSM for state register 'prbs_state_r_reg' in module 'mig_7series_v4_2_ddr_phy_prbs_rdlvl'
INFO: [Synth 8-802] inferred FSM for state register 'init_state_r_reg' in module 'mig_7series_v4_2_ddr_phy_init'
INFO: [Synth 8-802] inferred FSM for state register 'cal2_state_r_reg' in module 'mig_7series_v4_2_ddr_phy_wrcal'
INFO: [Synth 8-802] inferred FSM for state register 'tempmon_state_reg' in module 'mig_7series_v4_2_ddr_phy_tempmon'
INFO: [Synth 8-802] inferred FSM for state register 'state_reg' in module 'mig_7series_v4_2_axi_mc_r_channel'
---------------------------------------------------------------------------------------------------
                   State |                     New Encoding |                Previous Encoding 
---------------------------------------------------------------------------------------------------
               INIT_IDLE |                             0001 |                              000
       REQUEST_READ_TEMP |                             1000 |                              001
           WAIT_FOR_READ |                             0100 |                              010
                    READ |                             0010 |                              011
---------------------------------------------------------------------------------------------------
INFO: [Synth 8-3354] encoded FSM with state register 'xadc_supplied_temperature.tempmon_state_reg' using encoding 'one-hot' in module 'mig_7series_v4_2_tempmon'
---------------------------------------------------------------------------------------------------
                   State |                     New Encoding |                Previous Encoding 
---------------------------------------------------------------------------------------------------
                 WL_IDLE |                            01110 |                            00000
                 WL_INIT |                            10010 |                            00001
        WL_INIT_FINE_INC |                            01100 |                            00010
  WL_INIT_FINE_INC_WAIT1 |                            01000 |                            00011
   WL_INIT_FINE_INC_WAIT |                            01001 |                            00100
        WL_INIT_FINE_DEC |                            11001 |                            00101
  WL_INIT_FINE_DEC_WAIT1 |                            10111 |                            11001
   WL_INIT_FINE_DEC_WAIT |                            11000 |                            00110
                 WL_WAIT |                            00110 |                            01000
           WL_EDGE_CHECK |                            11011 |                            01001
              WL_DQS_CNT |                            10100 |                            01011
             WL_FINE_DEC |                            00000 |                            01110
       WL_FINE_DEC_WAIT1 |                            00001 |                            11010
        WL_FINE_DEC_WAIT |                            10001 |                            01111
            WL_CORSE_DEC |                            10110 |                            10100
       WL_CORSE_DEC_WAIT |                            11010 |                            10101
      WL_CORSE_DEC_WAIT1 |                            10101 |                            10110
        WL_2RANK_DQS_CNT |                            00010 |                            01101
            WL_DQS_CHECK |                            00011 |                            01010
             WL_FINE_INC |                            01101 |                            00111
        WL_FINE_INC_WAIT |                            10011 |                            10111
      WL_2RANK_FINAL_TAP |                            01111 |                            11000
            WL_CORSE_INC |                            01011 |                            10000
   WL_CORSE_INC_WAIT_TMP |                            10000 |                            11011
       WL_CORSE_INC_WAIT |                            01010 |                            10001
      WL_CORSE_INC_WAIT1 |                            00111 |                            10010
      WL_CORSE_INC_WAIT2 |                            00101 |                            10011
---------------------------------------------------------------------------------------------------
INFO: [Synth 8-3354] encoded FSM with state register 'wl_state_r_reg' using encoding 'sequential' in module 'mig_7series_v4_2_ddr_phy_wrlvl'
---------------------------------------------------------------------------------------------------
                   State |                     New Encoding |                Previous Encoding 
---------------------------------------------------------------------------------------------------
           FINE_ADJ_IDLE |                             0000 |                             0000
                RST_WAIT |                             0001 |                             0011
           FINE_ADJ_DONE |                             0010 |                             1111
            RST_POSTWAIT |                             0011 |                             0001
           RST_POSTWAIT1 |                             0100 |                             0010
           FINE_ADJ_INIT |                             0101 |                             0100
                FINE_INC |                             0110 |                             0101
           FINE_INC_WAIT |                             0111 |                             0110
        FINE_INC_PREWAIT |                             1000 |                             0111
          DETECT_PREWAIT |                             1001 |                             1000
         DETECT_DQSFOUND |                             1010 |                             1001
                FINE_DEC |                             1011 |                             1011
           FINE_DEC_WAIT |                             1100 |                             1100
        FINE_DEC_PREWAIT |                             1101 |                             1101
              FINAL_WAIT |                             1110 |                             1110
              PRECH_WAIT |                             1111 |                             1010
---------------------------------------------------------------------------------------------------
INFO: [Synth 8-3354] encoded FSM with state register 'fine_adj_state_r_reg' using encoding 'sequential' in module 'mig_7series_v4_2_ddr_phy_dqs_found_cal_hr'
---------------------------------------------------------------------------------------------------
                   State |                     New Encoding |                Previous Encoding 
---------------------------------------------------------------------------------------------------
               CAL1_IDLE | 00000000000000000000000000010000000 |                           000000
       CAL1_NEW_DQS_WAIT | 00000000000000000000010000000000000 |                           000001
   CAL1_STORE_FIRST_WAIT | 00000000000000000010000000000000000 |                           000010
         CAL1_PAT_DETECT | 00000000000000100000000000000000000 |                           000011
    CAL1_DQ_IDEL_TAP_INC | 00000000000000000000000000000000100 |                           000100
CAL1_DQ_IDEL_TAP_INC_WAIT | 00000000000000000000000000000001000 |                           000101
     CAL1_MPR_PAT_DETECT | 00000000000000000000000010000000000 |                           011111
         CAL1_VALID_WAIT | 10000000000000000000000000000000000 |                           011110
        CAL1_DETECT_EDGE | 00000000000001000000000000000000000 |                           001000
          CAL1_CALC_IDEL | 00000100000000000000000000000000000 |                           001011
        CAL1_CENTER_WAIT | 00000000000000000000000000000000001 |                           100010
       CAL1_IDEL_DEC_CPT | 00000000000000000000000000000000010 |                           001100
    CAL1_DQ_IDEL_TAP_DEC | 00000000000000000001000000000000000 |                           000110
CAL1_DQ_IDEL_TAP_DEC_WAIT | 00100000000000000000000000000000000 |                           000111
           CAL1_NEXT_DQS | 00000000000000000000000000000010000 |                           001110
          CAL1_REGL_LOAD | 00000000000000000000000000001000000 |                           011011
               CAL1_DONE | 00000000000000000000000000000100000 |                           001111
    CAL1_NEW_DQS_PREWAIT | 00000000000000000000000000100000000 |                           100000
   CAL1_MPR_NEW_DQS_WAIT | 00000000000000000000000001000000000 |                           011101
  CAL1_IDEL_DEC_CPT_WAIT | 00000000000000000000100000000000000 |                           001101
 CAL1_RD_STOP_FOR_PI_INC | 00000000000000000000000100000000000 |                           100001
       CAL1_IDEL_INC_CPT | 00000000000000000000001000000000000 |                           001001
  CAL1_IDEL_INC_CPT_WAIT | 00010000000000000000000000000000000 |                           001010
          CAL1_RDLVL_ERR | 00000000000010000000000000000000000 |                           011100
---------------------------------------------------------------------------------------------------
INFO: [Synth 8-3354] encoded FSM with state register 'cal1_state_r_reg' using encoding 'one-hot' in module 'mig_7series_v4_2_ddr_phy_rdlvl'
---------------------------------------------------------------------------------------------------
                   State |                     New Encoding |                Previous Encoding 
---------------------------------------------------------------------------------------------------
               PRBS_IDLE |           0000100000000000000000 |                           000000
       PRBS_NEW_DQS_WAIT |           0000010000000000000000 |                           000001
        PRBS_PAT_COMPARE |           0000000000000000000100 |                           000010
      PRBS_CALC_TAPS_PRE |           0000000000000100000000 |                           001011
     PRBS_CALC_TAPS_WAIT |           0000000000001000000000 |                           001100
          PRBS_CALC_TAPS |           0000000000010000000000 |                           000111
RD_DONE_WAIT_FOR_PI_INC_INC |           0000001000000000000000 |                           010100
            PRBS_INC_DQS |           0010000000000000000000 |                           000101
       PRBS_INC_DQS_WAIT |           0001000000000000000000 |                           000110
RD_DONE_WAIT_FOR_PI_INC_DEC |           0000000001000000000000 |                           010101
            PRBS_DEC_DQS |           0000000000000000000010 |                           000011
           PRBS_NEXT_DQS |           0000000100000000000000 |                           001000
               PRBS_DONE |           1000000000000000000000 |                           001010
    PRBS_NEW_DQS_PREWAIT |           0100000000000000000000 |                           001001
       PRBS_DEC_DQS_WAIT |           0000000000000000000001 |                           000100
---------------------------------------------------------------------------------------------------
INFO: [Synth 8-3354] encoded FSM with state register 'prbs_state_r_reg' using encoding 'one-hot' in module 'mig_7series_v4_2_ddr_phy_prbs_rdlvl'
---------------------------------------------------------------------------------------------------
                   State |                     New Encoding |                Previous Encoding 
---------------------------------------------------------------------------------------------------
               INIT_IDLE |                          0101100 |                          0000000
      INIT_WAIT_CKE_EXIT |                          0101011 |                          0000001
            INIT_LOAD_MR |                          0000011 |                          0000010
       INIT_LOAD_MR_WAIT |                          0100111 |                          0000011
               INIT_ZQCL |                          0000110 |                          0000100
   INIT_WAIT_DLLK_ZQINIT |                          0000010 |                          0000101
          INIT_RDLVL_ACT |                          0000100 |                          0001100
     INIT_RDLVL_ACT_WAIT |                          0111000 |                          0001101
 INIT_PI_PHASELOCK_READS |                          0011011 |                          0100110
  INIT_PRECHARGE_PREWAIT |                          0001011 |                          0010011
          INIT_PRECHARGE |                          0001000 |                          0010100
     INIT_PRECHARGE_WAIT |                          0110101 |                          0010101
               INIT_DONE |                          0110011 |                          0010110
            INIT_REFRESH |                          0110001 |                          0011001
       INIT_REFRESH_WAIT |                          0110000 |                          0011010
    INIT_OCAL_CENTER_ACT |                          0101000 |                          0111111
INIT_OCAL_CENTER_ACT_WAIT |                          0010100 |                          1000010
INIT_OCAL_CENTER_WRITE_WAIT |                          0001100 |                          1000001
INIT_OCAL_COMPLEX_ACT_WAIT |                          0011100 |                          0111100
   INIT_RDLVL_STG1_WRITE |                          0101010 |                          0001110
INIT_OCAL_COMPLEX_WRITE_WAIT |                          0101101 |                          0111101
INIT_RDLVL_STG1_WRITE_READ |                          0110110 |                          0001111
INIT_RDLVL_COMPLEX_PI_WAIT |                          0010010 |                          1000011
INIT_RDLVL_COMPLEX_ACT_WAIT |                          0010011 |                          0110111
 INIT_RDLVL_COMPLEX_READ |                          0111011 |                          0111000
INIT_RDLVL_COMPLEX_READ_WAIT |                          0111110 |                          0111001
INIT_RDLVL_COMPLEX_PRECHARGE_PREWAIT |                          0101110 |                          0111010
INIT_RDLVL_COMPLEX_PRECHARGE |                          0111100 |                          0110100
INIT_RDLVL_COMPLEX_PRECHARGE_WAIT |                          0111111 |                          0110101
  INIT_RDLVL_COMPLEX_ACT |                          0111101 |                          0110110
INIT_OCAL_COMPLEX_RESUME_WAIT |                          0101001 |                          0111110
    INIT_RDLVL_STG1_READ |                          0110111 |                          0010000
INIT_OCLKDELAY_READ_WAIT |                          0001001 |                          0110010
    INIT_OCLKDELAY_WRITE |                          0001010 |                          0101111
INIT_OCLKDELAY_WRITE_WAIT |                          0010101 |                          0110000
     INIT_OCLKDELAY_READ |                          0001111 |                          0110001
  INIT_OCAL_CENTER_WRITE |                          0011101 |                          1000000
          INIT_WRCAL_ACT |                          0001101 |                          0011111
     INIT_WRCAL_ACT_WAIT |                          0001110 |                          0100000
        INIT_WRCAL_WRITE |                          0100101 |                          0100001
   INIT_WRCAL_WRITE_READ |                          0110100 |                          0100010
         INIT_WRCAL_READ |                          0100100 |                          0100011
    INIT_WRCAL_READ_WAIT |                          0100001 |                          0100100
   INIT_WRCAL_MULT_READS |                          0100000 |                          0100101
INIT_RDLVL_STG2_READ_WAIT |                          0100110 |                          0010010
    INIT_RDLVL_STG2_READ |                          0111001 |                          0010001
           INIT_MPR_RDEN |                          0010111 |                          0100111
           INIT_MPR_WAIT |                          0011000 |                          0101000
           INIT_MPR_READ |                          0011110 |                          0101001
INIT_MPR_DISABLE_PREWAIT |                          0010110 |                          0101010
        INIT_MPR_DISABLE |                          0010000 |                          0101011
   INIT_MPR_DISABLE_WAIT |                          0010001 |                          0101100
     INIT_WRLVL_LOAD_MR2 |                          0000001 |                          0001010
INIT_WRLVL_LOAD_MR2_WAIT |                          1000011 |                          0001011
        INIT_WRLVL_START |                          0110010 |                          0000110
         INIT_WRLVL_WAIT |                          1000100 |                          0000111
      INIT_WRLVL_LOAD_MR |                          0000101 |                          0001000
 INIT_WRLVL_LOAD_MR_WAIT |                          0000000 |                          0001001
---------------------------------------------------------------------------------------------------
INFO: [Synth 8-3354] encoded FSM with state register 'init_state_r_reg' using encoding 'sequential' in module 'mig_7series_v4_2_ddr_phy_init'
---------------------------------------------------------------------------------------------------
                   State |                     New Encoding |                Previous Encoding 
---------------------------------------------------------------------------------------------------
               CAL2_IDLE |                             0010 |                             0000
          CAL2_READ_WAIT |                             0100 |                             0001
           CAL2_NEXT_DQS |                             0101 |                             0010
        CAL2_SANITY_WAIT |                             0011 |                             0111
                CAL2_ERR |                             0000 |                             1000
         CAL2_WRLVL_WAIT |                             1000 |                             0011
        CAL2_DQ_IDEL_DEC |                             0111 |                             0101
        CAL2_IFIFO_RESET |                             0110 |                             0100
               CAL2_DONE |                             0001 |                             0110
---------------------------------------------------------------------------------------------------
INFO: [Synth 8-3354] encoded FSM with state register 'cal2_state_r_reg' using encoding 'sequential' in module 'mig_7series_v4_2_ddr_phy_wrcal'
---------------------------------------------------------------------------------------------------
                   State |                     New Encoding |                Previous Encoding 
---------------------------------------------------------------------------------------------------
*
                    IDLE |                      00000000001 |                      00000000001
                    INIT |                      00000000010 |                      00000000010
                 NEUTRAL |                      00001000000 |                      00001000000
                 ONE_DEC |                      00010000000 |                      00010000000
                 TWO_DEC |                      00100000000 |                      00100000000
               THREE_DEC |                      01000000000 |                      01000000000
                FOUR_DEC |                      10000000000 |                      10000000000
                 ONE_INC |                      00000100000 |                      00000100000
                 TWO_INC |                      00000010000 |                      00000010000
               THREE_INC |                      00000001000 |                      00000001000
                FOUR_INC |                      00000000100 |                      00000000100
---------------------------------------------------------------------------------------------------
INFO: [Synth 8-3898] No Re-encoding of one hot register 'tempmon_state_reg' in module 'mig_7series_v4_2_ddr_phy_tempmon'
---------------------------------------------------------------------------------------------------
                   State |                     New Encoding |                Previous Encoding 
---------------------------------------------------------------------------------------------------
                    ZERO |                              100 |                               10
                     ONE |                              010 |                               11
                     TWO |                              001 |                               01
---------------------------------------------------------------------------------------------------
INFO: [Synth 8-3354] encoded FSM with state register 'state_reg' using encoding 'one-hot' in module 'mig_7series_v4_2_axi_mc_r_channel'
---------------------------------------------------------------------------------
Finished RTL Optimization Phase 2 : Time (s): cpu = 00:01:21 ; elapsed = 00:02:20 . Memory (MB): peak = 1491.867 ; gain = 927.008
---------------------------------------------------------------------------------
---------------------------------------------------------------------------------
Start RTL Component Statistics 
---------------------------------------------------------------------------------
Detailed RTL Component Info : 
+---Adders : 
	   4 Input   32 Bit       Adders := 2     
	   3 Input   32 Bit       Adders := 2     
	   2 Input   32 Bit       Adders := 2     
	   2 Input   29 Bit       Adders := 2     
	   2 Input   13 Bit       Adders := 1     
	   2 Input   12 Bit       Adders := 16    
	   2 Input   11 Bit       Adders := 1     
	   2 Input   10 Bit       Adders := 6     
	   2 Input    9 Bit       Adders := 4     
	   2 Input    8 Bit       Adders := 8     
	   3 Input    7 Bit       Adders := 2     
	   2 Input    7 Bit       Adders := 2     
	   2 Input    6 Bit       Adders := 37    
	   3 Input    6 Bit       Adders := 22    
	   4 Input    6 Bit       Adders := 1     
	   2 Input    5 Bit       Adders := 37    
	   2 Input    4 Bit       Adders := 39    
	   2 Input    3 Bit       Adders := 21    
	   3 Input    3 Bit       Adders := 1     
	   2 Input    2 Bit       Adders := 54    
	   3 Input    2 Bit       Adders := 3     
	   4 Input    2 Bit       Adders := 5     
	   5 Input    2 Bit       Adders := 1     
	   8 Input    2 Bit       Adders := 1     
	   2 Input    1 Bit       Adders := 6     
	   3 Input    1 Bit       Adders := 1     
	   4 Input    1 Bit       Adders := 1     
	   5 Input    1 Bit       Adders := 1     
	   6 Input    1 Bit       Adders := 1     
	   7 Input    1 Bit       Adders := 1     
	   8 Input    1 Bit       Adders := 1     
	   9 Input    1 Bit       Adders := 1     
+---XORs : 
	   2 Input      1 Bit         XORs := 19    
+---Registers : 
	              144 Bit    Registers := 1     
	              133 Bit    Registers := 2     
	              128 Bit    Registers := 6     
	               88 Bit    Registers := 1     
	               80 Bit    Registers := 3     
	               61 Bit    Registers := 2     
	               60 Bit    Registers := 1     
	               32 Bit    Registers := 3     
	               30 Bit    Registers := 1     
	               29 Bit    Registers := 8     
	               16 Bit    Registers := 13    
	               15 Bit    Registers := 10    
	               13 Bit    Registers := 1     
	               12 Bit    Registers := 37    
	               11 Bit    Registers := 1     
	               10 Bit    Registers := 4     
	                9 Bit    Registers := 12    
	                8 Bit    Registers := 30    
	                7 Bit    Registers := 2     
	                6 Bit    Registers := 104   
	                5 Bit    Registers := 48    
	                4 Bit    Registers := 93    
	                3 Bit    Registers := 52    
	                2 Bit    Registers := 84    
	                1 Bit    Registers := 1921  
+---Muxes : 
	   2 Input  133 Bit        Muxes := 1     
	   2 Input  128 Bit        Muxes := 11    
	   4 Input  128 Bit        Muxes := 1     
	   2 Input  127 Bit        Muxes := 1     
	   2 Input   80 Bit        Muxes := 6     
	   2 Input   60 Bit        Muxes := 1     
	  24 Input   35 Bit        Muxes := 1     
	   2 Input   35 Bit        Muxes := 24    
	   2 Input   32 Bit        Muxes := 2     
	   4 Input   32 Bit        Muxes := 2     
	   2 Input   30 Bit        Muxes := 12    
	   4 Input   30 Bit        Muxes := 4     
	   2 Input   29 Bit        Muxes := 17    
	   2 Input   22 Bit        Muxes := 16    
	  15 Input   22 Bit        Muxes := 1     
	   2 Input   16 Bit        Muxes := 8     
	   3 Input   16 Bit        Muxes := 1     
	   2 Input   15 Bit        Muxes := 7     
	   4 Input   15 Bit        Muxes := 1     
	   3 Input   15 Bit        Muxes := 1     
	   8 Input   15 Bit        Muxes := 1     
	   2 Input   12 Bit        Muxes := 13    
	   1 Input   12 Bit        Muxes := 2     
	  12 Input   11 Bit        Muxes := 1     
	   2 Input   11 Bit        Muxes := 1     
	   2 Input   10 Bit        Muxes := 7     
	   4 Input    9 Bit        Muxes := 6     
	   2 Input    9 Bit        Muxes := 18    
	   2 Input    8 Bit        Muxes := 95    
	   5 Input    8 Bit        Muxes := 1     
	   8 Input    8 Bit        Muxes := 4     
	   2 Input    7 Bit        Muxes := 63    
	   3 Input    7 Bit        Muxes := 2     
	   4 Input    7 Bit        Muxes := 1     
	   5 Input    7 Bit        Muxes := 2     
	  58 Input    7 Bit        Muxes := 2     
	 169 Input    7 Bit        Muxes := 1     
	   2 Input    6 Bit        Muxes := 99    
	   4 Input    6 Bit        Muxes := 11    
	  27 Input    6 Bit        Muxes := 4     
	   5 Input    6 Bit        Muxes := 2     
	  16 Input    6 Bit        Muxes := 1     
	  24 Input    6 Bit        Muxes := 5     
	  15 Input    6 Bit        Muxes := 7     
	   3 Input    6 Bit        Muxes := 1     
	   2 Input    5 Bit        Muxes := 37    
	   8 Input    5 Bit        Muxes := 2     
	  27 Input    5 Bit        Muxes := 1     
	  58 Input    5 Bit        Muxes := 1     
	  24 Input    5 Bit        Muxes := 1     
	   4 Input    5 Bit        Muxes := 3     
	   5 Input    5 Bit        Muxes := 1     
	   3 Input    5 Bit        Muxes := 2     
	   2 Input    4 Bit        Muxes := 68    
	  32 Input    4 Bit        Muxes := 1     
	   9 Input    4 Bit        Muxes := 1     
	  22 Input    4 Bit        Muxes := 1     
	   8 Input    4 Bit        Muxes := 6     
	   2 Input    3 Bit        Muxes := 69    
	  27 Input    3 Bit        Muxes := 6     
	   8 Input    3 Bit        Muxes := 3     
	   4 Input    3 Bit        Muxes := 3     
	   3 Input    3 Bit        Muxes := 1     
	   2 Input    2 Bit        Muxes := 109   
	   4 Input    2 Bit        Muxes := 7     
	   3 Input    2 Bit        Muxes := 10    
	   8 Input    2 Bit        Muxes := 4     
	  27 Input    2 Bit        Muxes := 1     
	  24 Input    2 Bit        Muxes := 2     
	  15 Input    2 Bit        Muxes := 1     
	   5 Input    2 Bit        Muxes := 1     
	   9 Input    2 Bit        Muxes := 1     
	   2 Input    1 Bit        Muxes := 655   
	   3 Input    1 Bit        Muxes := 20    
	   8 Input    1 Bit        Muxes := 4     
	   4 Input    1 Bit        Muxes := 333   
	  27 Input    1 Bit        Muxes := 27    
	   5 Input    1 Bit        Muxes := 1     
	  16 Input    1 Bit        Muxes := 21    
	  24 Input    1 Bit        Muxes := 30    
	  15 Input    1 Bit        Muxes := 23    
	   9 Input    1 Bit        Muxes := 21    
	  12 Input    1 Bit        Muxes := 4     
---------------------------------------------------------------------------------
Finished RTL Component Statistics 
---------------------------------------------------------------------------------
---------------------------------------------------------------------------------
Start Part Resource Summary
---------------------------------------------------------------------------------
Part Resources:
DSPs: 740 (col length:100)
BRAMs: 730 (col length: RAMB18 100 RAMB36 50)
---------------------------------------------------------------------------------
Finished Part Resource Summary
---------------------------------------------------------------------------------
---------------------------------------------------------------------------------
Start Cross Boundary and Area Optimization
---------------------------------------------------------------------------------
WARNING: [Synth 8-7080] Parallel synthesis criteria is not met
WARNING: [Synth 8-3936] Found unconnected internal register 'byte_sel_data_map_reg' and it is trimmed from '88' to '4' bits. [c:/Users/C27John.Alves/ECE383/ece383_wksp/ice1/ublaze1/ublaze1.gen/sources_1/bd/design_1/ip/design_1_mig_7series_0_2/design_1_mig_7series_0_2/user_design/rtl/phy/mig_7series_v4_2_ddr_mc_phy_wrapper.v:731]
WARNING: [Synth 8-3936] Found unconnected internal register 'oclkdelay_start_dly_r_reg' and it is trimmed from '15' to '14' bits. [c:/Users/C27John.Alves/ECE383/ece383_wksp/ice1/ublaze1/ublaze1.gen/sources_1/bd/design_1/ip/design_1_mig_7series_0_2/design_1_mig_7series_0_2/user_design/rtl/phy/mig_7series_v4_2_ddr_phy_init.v:1231]
WARNING: [Synth 8-3936] Found unconnected internal register 'wrcal_start_dly_r_reg' and it is trimmed from '15' to '14' bits. [c:/Users/C27John.Alves/ECE383/ece383_wksp/ice1/ublaze1/ublaze1.gen/sources_1/bd/design_1/ip/design_1_mig_7series_0_2/design_1_mig_7series_0_2/user_design/rtl/phy/mig_7series_v4_2_ddr_phy_init.v:1229]
WARNING: [Synth 8-3332] Sequential element (FSM_onehot_cal1_state_r_reg[33]) is unused and will be removed from module mig_7series_v4_2_ddr_phy_rdlvl.
WARNING: [Synth 8-3332] Sequential element (FSM_onehot_prbs_state_r_reg[6]) is unused and will be removed from module mig_7series_v4_2_ddr_phy_prbs_rdlvl.
WARNING: [Synth 8-3332] Sequential element (USE_UPSIZER.upsizer_d2/USE_WRITE.write_addr_inst/USE_BURSTS.cmd_queue/USE_FF_OUT.USE_FPGA_OUTPUT_PIPELINE.DATA_GEN[15].FDRE_inst) is unused and will be removed from module mig_7series_v4_2_axi_mc.
WARNING: [Synth 8-3332] Sequential element (USE_UPSIZER.upsizer_d2/USE_WRITE.write_addr_inst/USE_BURSTS.cmd_queue/USE_FF_OUT.USE_FPGA_OUTPUT_PIPELINE.DATA_GEN[16].FDRE_inst) is unused and will be removed from module mig_7series_v4_2_axi_mc.
WARNING: [Synth 8-3332] Sequential element (USE_UPSIZER.upsizer_d2/USE_READ.read_addr_inst/USE_BURSTS.cmd_queue/USE_FF_OUT.USE_FPGA_OUTPUT_PIPELINE.DATA_GEN[15].FDRE_inst) is unused and will be removed from module mig_7series_v4_2_axi_mc.
WARNING: [Synth 8-3332] Sequential element (USE_UPSIZER.upsizer_d2/USE_READ.read_addr_inst/USE_BURSTS.cmd_queue/USE_FF_OUT.USE_FPGA_OUTPUT_PIPELINE.DATA_GEN[16].FDRE_inst) is unused and will be removed from module mig_7series_v4_2_axi_mc.
WARNING: [Synth 8-3332] Sequential element (USE_UPSIZER.upsizer_d2/USE_READ.read_addr_inst/USE_BURSTS.cmd_queue/USE_FF_OUT.USE_FPGA_OUTPUT_PIPELINE.DATA_GEN[33].FDRE_inst) is unused and will be removed from module mig_7series_v4_2_axi_mc.
---------------------------------------------------------------------------------
Finished Cross Boundary and Area Optimization : Time (s): cpu = 00:02:53 ; elapsed = 00:04:45 . Memory (MB): peak = 1937.344 ; gain = 1372.484
---------------------------------------------------------------------------------
---------------------------------------------------------------------------------
Start ROM, RAM, DSP, Shift Register and Retiming Reporting
---------------------------------------------------------------------------------

ROM: Preliminary Mapping Report
+------------------------------+------------+---------------+----------------+
|Module Name                   | RTL Object | Depth x Width | Implemented As | 
+------------------------------+------------+---------------+----------------+
|mig_7series_v4_2_ddr_prbs_gen | mem_out    | 256x18        | LUT            | 
|mig_7series_v4_2_ddr_prbs_gen | mem_out    | 256x18        | LUT            | 
+------------------------------+------------+---------------+----------------+


Distributed RAM: Preliminary Mapping Report (see note below)
+-------------------------+---------------------------------------------------------------------------------------+-----------+----------------------+--------------+
|Module Name              | RTL Object                                                                            | Inference | Size (Depth x Width) | Primitives   | 
+-------------------------+---------------------------------------------------------------------------------------+-----------+----------------------+--------------+
|design_1_mig_7series_0_2 | of_pre_fifo_gen.u_ddr_of_pre_fifo/mem_reg                                             | Implied   | 16 x 80              | RAM32M x 14  | 
|design_1_mig_7series_0_2 | ddr_byte_lane_B.ddr_byte_lane_B/of_pre_fifo_gen.u_ddr_of_pre_fifo/mem_reg             | Implied   | 16 x 80              | RAM32M x 14  | 
|design_1_mig_7series_0_2 | ddr_byte_lane_C.ddr_byte_lane_C/dq_gen_40.if_post_fifo_gen.u_ddr_if_post_fifo/mem_reg | Implied   | 4 x 80               | RAM32M x 14  | 
|design_1_mig_7series_0_2 | ddr_byte_lane_C.ddr_byte_lane_C/of_pre_fifo_gen.u_ddr_of_pre_fifo/mem_reg             | Implied   | 16 x 80              | RAM32M x 14  | 
|design_1_mig_7series_0_2 | ddr_byte_lane_D.ddr_byte_lane_D/dq_gen_40.if_post_fifo_gen.u_ddr_if_post_fifo/mem_reg | Implied   | 4 x 80               | RAM32M x 14  | 
|design_1_mig_7series_0_2 | ddr_byte_lane_D.ddr_byte_lane_D/of_pre_fifo_gen.u_ddr_of_pre_fifo/mem_reg             | Implied   | 16 x 80              | RAM32M x 14  | 
+-------------------------+---------------------------------------------------------------------------------------+-----------+----------------------+--------------+

Note: The table above is a preliminary report that shows the Distributed RAMs at the current stage of the synthesis flow. Some Distributed RAMs may be reimplemented as non Distributed RAM primitives later in the synthesis flow. Multiple instantiated RAMs are reported only once.
---------------------------------------------------------------------------------
Finished ROM, RAM, DSP, Shift Register and Retiming Reporting
---------------------------------------------------------------------------------
---------------------------------------------------------------------------------
Start Applying XDC Timing Constraints
---------------------------------------------------------------------------------
WARNING: [Synth 8-3321] set_false_path : Empty through list for constraint at line 359 of c:/Users/C27John.Alves/ECE383/ece383_wksp/ice1/ublaze1/ublaze1.gen/sources_1/bd/design_1/ip/design_1_mig_7series_0_2/design_1_mig_7series_0_2/user_design/constraints/design_1_mig_7series_0_2.xdc. [c:/Users/C27John.Alves/ECE383/ece383_wksp/ice1/ublaze1/ublaze1.gen/sources_1/bd/design_1/ip/design_1_mig_7series_0_2/design_1_mig_7series_0_2/user_design/constraints/design_1_mig_7series_0_2.xdc:359]
---------------------------------------------------------------------------------
Finished Applying XDC Timing Constraints : Time (s): cpu = 00:02:58 ; elapsed = 00:04:52 . Memory (MB): peak = 1937.344 ; gain = 1372.484
---------------------------------------------------------------------------------
---------------------------------------------------------------------------------
Start Timing Optimization
---------------------------------------------------------------------------------
---------------------------------------------------------------------------------
Finished Timing Optimization : Time (s): cpu = 00:02:59 ; elapsed = 00:04:54 . Memory (MB): peak = 1937.344 ; gain = 1372.484
---------------------------------------------------------------------------------
---------------------------------------------------------------------------------
Start ROM, RAM, DSP, Shift Register and Retiming Reporting
---------------------------------------------------------------------------------

Distributed RAM: Final Mapping Report
+-------------------------+---------------------------------------------------------------------------------------+-----------+----------------------+--------------+
|Module Name              | RTL Object                                                                            | Inference | Size (Depth x Width) | Primitives   | 
+-------------------------+---------------------------------------------------------------------------------------+-----------+----------------------+--------------+
|design_1_mig_7series_0_2 | of_pre_fifo_gen.u_ddr_of_pre_fifo/mem_reg                                             | Implied   | 16 x 80              | RAM32M x 14  | 
|design_1_mig_7series_0_2 | ddr_byte_lane_B.ddr_byte_lane_B/of_pre_fifo_gen.u_ddr_of_pre_fifo/mem_reg             | Implied   | 16 x 80              | RAM32M x 14  | 
|design_1_mig_7series_0_2 | ddr_byte_lane_C.ddr_byte_lane_C/dq_gen_40.if_post_fifo_gen.u_ddr_if_post_fifo/mem_reg | Implied   | 4 x 80               | RAM32M x 14  | 
|design_1_mig_7series_0_2 | ddr_byte_lane_C.ddr_byte_lane_C/of_pre_fifo_gen.u_ddr_of_pre_fifo/mem_reg             | Implied   | 16 x 80              | RAM32M x 14  | 
|design_1_mig_7series_0_2 | ddr_byte_lane_D.ddr_byte_lane_D/dq_gen_40.if_post_fifo_gen.u_ddr_if_post_fifo/mem_reg | Implied   | 4 x 80               | RAM32M x 14  | 
|design_1_mig_7series_0_2 | ddr_byte_lane_D.ddr_byte_lane_D/of_pre_fifo_gen.u_ddr_of_pre_fifo/mem_reg             | Implied   | 16 x 80              | RAM32M x 14  | 
+-------------------------+---------------------------------------------------------------------------------------+-----------+----------------------+--------------+

---------------------------------------------------------------------------------
Finished ROM, RAM, DSP, Shift Register and Retiming Reporting
---------------------------------------------------------------------------------
---------------------------------------------------------------------------------
Start Technology Mapping
---------------------------------------------------------------------------------
---------------------------------------------------------------------------------
Finished Technology Mapping : Time (s): cpu = 00:03:03 ; elapsed = 00:05:00 . Memory (MB): peak = 1937.344 ; gain = 1372.484
---------------------------------------------------------------------------------
---------------------------------------------------------------------------------
Start IO Insertion
---------------------------------------------------------------------------------
---------------------------------------------------------------------------------
Start Flattening Before IO Insertion
---------------------------------------------------------------------------------
---------------------------------------------------------------------------------
Finished Flattening Before IO Insertion
---------------------------------------------------------------------------------
---------------------------------------------------------------------------------
Start Final Netlist Cleanup
---------------------------------------------------------------------------------
---------------------------------------------------------------------------------
Finished Final Netlist Cleanup
---------------------------------------------------------------------------------
---------------------------------------------------------------------------------
Finished IO Insertion : Time (s): cpu = 00:03:06 ; elapsed = 00:05:05 . Memory (MB): peak = 1937.344 ; gain = 1372.484
---------------------------------------------------------------------------------
---------------------------------------------------------------------------------
Start Renaming Generated Instances
---------------------------------------------------------------------------------
---------------------------------------------------------------------------------
Finished Renaming Generated Instances : Time (s): cpu = 00:03:07 ; elapsed = 00:05:05 . Memory (MB): peak = 1937.344 ; gain = 1372.484
---------------------------------------------------------------------------------
---------------------------------------------------------------------------------
Start Rebuilding User Hierarchy
---------------------------------------------------------------------------------
---------------------------------------------------------------------------------
Finished Rebuilding User Hierarchy : Time (s): cpu = 00:03:08 ; elapsed = 00:05:07 . Memory (MB): peak = 1937.344 ; gain = 1372.484
---------------------------------------------------------------------------------
---------------------------------------------------------------------------------
Start Renaming Generated Ports
---------------------------------------------------------------------------------
---------------------------------------------------------------------------------
Finished Renaming Generated Ports : Time (s): cpu = 00:03:08 ; elapsed = 00:05:07 . Memory (MB): peak = 1937.344 ; gain = 1372.484
---------------------------------------------------------------------------------
---------------------------------------------------------------------------------
Start Handling Custom Attributes
---------------------------------------------------------------------------------
---------------------------------------------------------------------------------
Finished Handling Custom Attributes : Time (s): cpu = 00:03:08 ; elapsed = 00:05:08 . Memory (MB): peak = 1937.344 ; gain = 1372.484
---------------------------------------------------------------------------------
---------------------------------------------------------------------------------
Start Renaming Generated Nets
---------------------------------------------------------------------------------
---------------------------------------------------------------------------------
Finished Renaming Generated Nets : Time (s): cpu = 00:03:08 ; elapsed = 00:05:08 . Memory (MB): peak = 1937.344 ; gain = 1372.484
---------------------------------------------------------------------------------
---------------------------------------------------------------------------------
Start ROM, RAM, DSP, Shift Register and Retiming Reporting
---------------------------------------------------------------------------------

Static Shift Register Report:
+-------------------------+-----------------------------------------------------------------------------------------------------------------------------------------------------------------------------------------------------------+--------+-------+--------------+--------------------+-------------------+--------+---------+
|Module Name              | RTL Name                                                                                                                                                                                                  | Length | Width | Reset Signal | Pull out first Reg | Pull out last Reg | SRL16E | SRLC32E | 
+-------------------------+-----------------------------------------------------------------------------------------------------------------------------------------------------------------------------------------------------------+--------+-------+--------------+--------------------+-------------------+--------+---------+
|design_1_mig_7series_0_2 | u_design_1_mig_7series_0_2_mig/u_memc_ui_top_axi/mem_intfc0/ddr_phy_top0/u_ddr_mc_phy_wrapper/u_ddr_mc_phy/ddr_phy_4lanes_0.u_ddr_phy_4lanes/rclk_delay_reg[11]                                           | 12     | 1     | NO           | NO                 | YES               | 1      | 0       | 
|design_1_mig_7series_0_2 | u_design_1_mig_7series_0_2_mig/u_memc_ui_top_axi/mem_intfc0/ddr_phy_top0/u_ddr_mc_phy_wrapper/u_ddr_mc_phy/ddr_phy_4lanes_0.u_ddr_phy_4lanes/ddr_byte_lane_D.ddr_byte_lane_D/ddr_byte_group_io/rst_r4_reg | 4      | 1     | NO           | NO                 | YES               | 1      | 0       | 
|design_1_mig_7series_0_2 | u_design_1_mig_7series_0_2_mig/u_memc_ui_top_axi/mem_intfc0/ddr_phy_top0/u_ddr_calib_top/mb_wrlvl_inst.u_ddr_phy_wrlvl/phy_ctl_ready_r5_reg                                                               | 5      | 1     | NO           | NO                 | YES               | 1      | 0       | 
|design_1_mig_7series_0_2 | u_design_1_mig_7series_0_2_mig/u_memc_ui_top_axi/mem_intfc0/ddr_phy_top0/u_ddr_calib_top/mb_wrlvl_inst.u_ddr_phy_ck_addr_cmd_delay/delay_done_r4_reg                                                      | 4      | 1     | NO           | NO                 | YES               | 1      | 0       | 
|design_1_mig_7series_0_2 | u_design_1_mig_7series_0_2_mig/u_memc_ui_top_axi/mem_intfc0/ddr_phy_top0/u_ddr_calib_top/dqsfind_calib_left.u_ddr_phy_dqs_found_cal_hr/init_dqsfound_done_r5_reg                                          | 3      | 1     | NO           | NO                 | YES               | 1      | 0       | 
|design_1_mig_7series_0_2 | u_design_1_mig_7series_0_2_mig/u_memc_ui_top_axi/mem_intfc0/ddr_phy_top0/u_ddr_calib_top/u_ddr_phy_init/wrlvl_rank_done_r7_reg                                                                            | 6      | 1     | NO           | NO                 | YES               | 1      | 0       | 
|design_1_mig_7series_0_2 | u_design_1_mig_7series_0_2_mig/u_memc_ui_top_axi/mem_intfc0/ddr_phy_top0/u_ddr_calib_top/u_ddr_phy_init/prech_done_reg                                                                                    | 17     | 1     | NO           | NO                 | YES               | 1      | 0       | 
|design_1_mig_7series_0_2 | u_design_1_mig_7series_0_2_mig/u_memc_ui_top_axi/mem_intfc0/ddr_phy_top0/u_ddr_calib_top/u_ddr_phy_init/wrcal_start_dly_r_reg[5]                                                                          | 6      | 1     | NO           | NO                 | YES               | 1      | 0       | 
|design_1_mig_7series_0_2 | u_design_1_mig_7series_0_2_mig/u_memc_ui_top_axi/mem_intfc0/ddr_phy_top0/u_ddr_calib_top/u_ddr_phy_init/rdlvl_start_dly0_r_reg[14]                                                                        | 15     | 1     | NO           | NO                 | YES               | 1      | 0       | 
|design_1_mig_7series_0_2 | u_design_1_mig_7series_0_2_mig/u_memc_ui_top_axi/mem_intfc0/ddr_phy_top0/u_ddr_calib_top/u_ddr_phy_wrcal/gen_pat_match_div4.pat_data_match_valid_r_reg                                                    | 3      | 1     | NO           | NO                 | YES               | 1      | 0       | 
|design_1_mig_7series_0_2 | u_design_1_mig_7series_0_2_mig/u_memc_ui_top_axi/mem_intfc0/ddr_phy_top0/u_ddr_calib_top/u_ddr_phy_wrcal/gen_pat_match_div4.gen_pat_match[0].pat_match_rise2_r_reg[0]                                     | 3      | 4     | NO           | NO                 | YES               | 4      | 0       | 
|design_1_mig_7series_0_2 | u_design_1_mig_7series_0_2_mig/u_memc_ui_top_axi/mem_intfc0/ddr_phy_top0/u_ddr_calib_top/u_ddr_phy_wrcal/wrcal_pat_resume_reg                                                                             | 3      | 1     | NO           | NO                 | YES               | 1      | 0       | 
|design_1_mig_7series_0_2 | u_design_1_mig_7series_0_2_mig/u_memc_ui_top_axi/mem_intfc0/ddr_phy_top0/u_ddr_calib_top/reset_if_r9_reg                                                                                                  | 9      | 1     | NO           | NO                 | YES               | 1      | 0       | 
+-------------------------+-----------------------------------------------------------------------------------------------------------------------------------------------------------------------------------------------------------+--------+-------+--------------+--------------------+-------------------+--------+---------+


Dynamic Shift Register Report:
+------------+----------------+--------+------------+--------+---------+--------+--------+--------+
|Module Name | RTL Name       | Length | Data Width | SRL16E | SRLC32E | Mux F7 | Mux F8 | Mux F9 | 
+------------+----------------+--------+------------+--------+---------+--------+--------+--------+
|dsrl        | memory_reg[7]  | 2      | 2          | 2      | 0       | 0      | 0      | 0      | 
|dsrl__1     | memory_reg[31] | 129    | 129        | 0      | 129     | 0      | 0      | 0      | 
|dsrl__2     | memory_reg[29] | 5      | 5          | 0      | 5       | 0      | 0      | 0      | 
+------------+----------------+--------+------------+--------+---------+--------+--------+--------+

---------------------------------------------------------------------------------
Finished ROM, RAM, DSP, Shift Register and Retiming Reporting
---------------------------------------------------------------------------------
---------------------------------------------------------------------------------
Start Writing Synthesis Report
---------------------------------------------------------------------------------

Report BlackBoxes: 
+-+--------------+----------+
| |BlackBox name |Instances |
+-+--------------+----------+
+-+--------------+----------+

Report Cell Usage: 
+------+-------------------------------+------+
|      |Cell                           |Count |
+------+-------------------------------+------+
|1     |AND2B1L                        |    10|
|2     |BUFG                           |     8|
|3     |BUFH                           |     1|
|4     |BUFIO                          |     1|
|5     |CARRY4                         |   133|
|6     |IDDR                           |     2|
|7     |IDELAYCTRL                     |     1|
|8     |IDELAYE2                       |    16|
|9     |IN_FIFO                        |     2|
|10    |ISERDESE2                      |    16|
|11    |LUT1                           |   382|
|12    |LUT2                           |   512|
|13    |LUT3                           |  1183|
|14    |LUT4                           |  1139|
|15    |LUT5                           |  1780|
|16    |LUT6                           |  1989|
|18    |MMCME2_ADV                     |     1|
|19    |MUXCY                          |   131|
|20    |MUXF7                          |    64|
|21    |ODDR                           |     5|
|22    |OR2L                           |     2|
|23    |OSERDESE2                      |    43|
|26    |OUT_FIFO                       |     4|
|28    |PHASER_IN_PHY                  |     2|
|29    |PHASER_OUT_PHY                 |     4|
|31    |PHASER_REF                     |     1|
|32    |PHY_CONTROL                    |     1|
|33    |PLLE2_ADV                      |     1|
|34    |RAM32M                         |   112|
|35    |RAM32X1D                       |     6|
|36    |SRL16E                         |    18|
|37    |SRLC32E                        |   197|
|38    |XADC                           |     1|
|39    |XORCY                          |    58|
|40    |FDCE                           |     2|
|41    |FDPE                           |    74|
|42    |FDRE                           |  5390|
|43    |FDSE                           |   150|
|44    |IOBUFDS_DIFF_OUT_INTERMDISABLE |     2|
|45    |IOBUF_INTERMDISABLE            |    16|
|46    |OBUF                           |    24|
|47    |OBUFDS                         |     1|
|48    |OBUFT                          |     2|
+------+-------------------------------+------+
---------------------------------------------------------------------------------
Finished Writing Synthesis Report : Time (s): cpu = 00:03:08 ; elapsed = 00:05:08 . Memory (MB): peak = 1937.344 ; gain = 1372.484
---------------------------------------------------------------------------------
Synthesis finished with 0 errors, 0 critical warnings and 12 warnings.
Synthesis Optimization Runtime : Time (s): cpu = 00:02:40 ; elapsed = 00:04:51 . Memory (MB): peak = 1937.344 ; gain = 1292.582
Synthesis Optimization Complete : Time (s): cpu = 00:03:09 ; elapsed = 00:05:08 . Memory (MB): peak = 1937.344 ; gain = 1372.484
INFO: [Project 1-571] Translating synthesized netlist
Netlist sorting complete. Time (s): cpu = 00:00:00 ; elapsed = 00:00:00.324 . Memory (MB): peak = 1937.344 ; gain = 0.000
INFO: [Netlist 29-17] Analyzing 589 Unisim elements for replacement
INFO: [Netlist 29-28] Unisim Transformation completed in 1 CPU seconds
INFO: [Project 1-570] Preparing netlist for logic optimization
INFO: [Opt 31-138] Pushed 2 inverter(s) to 16 load pin(s).
Netlist sorting complete. Time (s): cpu = 00:00:00 ; elapsed = 00:00:00.005 . Memory (MB): peak = 1937.344 ; gain = 0.000
INFO: [Project 1-111] Unisim Transformation Summary:
  A total of 202 instances were transformed.
  (MUXCY,XORCY) => CARRY4: 41 instances
  IOBUFDS_DIFF_OUT_INTERMDISABLE => IOBUFDS_DIFF_OUT_INTERMDISABLE (IBUFDS_INTERMDISABLE_INT(x2), INV, OBUFTDS(x2)): 2 instances
  IOBUF_INTERMDISABLE => IOBUF_INTERMDISABLE (IBUF_INTERMDISABLE, OBUFT): 16 instances
  LUT6_2 => LUT6_2 (LUT5, LUT6): 24 instances
  OBUFDS => OBUFDS_DUAL_BUF (INV, OBUFDS(x2)): 1 instance 
  RAM32M => RAM32M (RAMD32(x6), RAMS32(x2)): 112 instances
  RAM32X1D => RAM32X1D (RAMD32(x2)): 6 instances

Synth Design complete | Checksum: 219206fe
INFO: [Common 17-83] Releasing license: Synthesis
258 Infos, 311 Warnings, 0 Critical Warnings and 0 Errors encountered.
synth_design completed successfully
synth_design: Time (s): cpu = 00:03:14 ; elapsed = 00:05:24 . Memory (MB): peak = 1937.344 ; gain = 1610.855
INFO: [Coretcl 2-1174] Renamed 178 cell refs.
Write ShapeDB Complete: Time (s): cpu = 00:00:00 ; elapsed = 00:00:00.027 . Memory (MB): peak = 1937.344 ; gain = 0.000
INFO: [Common 17-1381] The checkpoint 'C:/Users/C27John.Alves/ECE383/ece383_wksp/ice1/ublaze1/ublaze1.runs/design_1_mig_7series_0_2_synth_1/design_1_mig_7series_0_2.dcp' has been generated.
INFO: [Vivado 12-24828] Executing command : report_utilization -file design_1_mig_7series_0_2_utilization_synth.rpt -pb design_1_mig_7series_0_2_utilization_synth.pb
INFO: [Common 17-206] Exiting Vivado at Fri Feb 27 08:24:54 2026...
